kategori_label,PC1,PC2,PC3,PC4,PC5,PC6,PC7,PC8,PC9,PC10,PC11,PC12,PC13,PC14,PC15,PC16,PC17,PC18,PC19,PC20,PC21,PC22,PC23,PC24,PC25,PC26,PC27,PC28,PC29,PC30,PC31,PC32,PC33,PC34,PC35,PC36,PC37,PC38,PC39,PC40,PC41,PC42,PC43,PC44,PC45,PC46,PC47,PC48,PC49,PC50,PC51,PC52,PC53,PC54,PC55,PC56,PC57,PC58,PC59,PC60,PC61,PC62,PC63,PC64,PC65,PC66,PC67,PC68,PC69,PC70,PC71,PC72,PC73,PC74,PC75,PC76,PC77,PC78,PC79,PC80,PC81,PC82,PC83,PC84,PC85,PC86,PC87,PC88,PC89,PC90,PC91,PC92,PC93,PC94,PC95,PC96,PC97,PC98,PC99,PC100
sport,-0.07177959729687426,-0.06419856847015742,-0.08023781492803528,0.1160395261338281,-0.03197127683144658,0.29502732358660233,0.06342387317513452,0.165786098111094,0.18213349771464774,-0.15141931596224165,-0.18228227131559813,-0.0706372452285995,0.05116042150647555,0.6351648671643197,0.15740908248110277,0.11514012740707513,0.11415616506342288,0.032341770858175085,-0.002758438794988716,0.011284759891592947,-0.13158793036261351,-0.05523937453273233,-0.0005215322392498723,0.049063955429713264,0.03444934310736619,-0.00014047442315096847,-0.010511134624973726,0.02420878143461148,0.005129831930207002,-0.0030750185341530054,0.007872271022009953,-0.01171820414647285,0.02229345673095892,-0.012578880256065435,0.0018314068457134618,-0.03523632439980275,0.03202128416123331,-0.013337334470685629,-0.003993380713162651,-0.013609412239596311,0.0063485748419215855,0.04466535538478401,-0.01155632861819182,0.019076590024402713,0.003905124293011947,0.018638584868612494,0.007678620913307427,-0.012585988899723984,0.0005567284079457584,-0.02286471626470678,0.005634566233559671,-0.03325143526429876,-0.04610724713471978,-0.007012645831946323,-0.015201308986737765,0.012023673614295455,-0.015123581921657777,0.00023085941689503716,-0.01014047013747484,0.001492979561173459,-0.00043036801321264824,-0.004099281666472765,0.019351319931666153,-0.006200637754551073,-0.005632586278509539,0.013824404176631468,-0.002688449159289184,-0.003016570715059393,0.004010479514233618,-0.013337562893038949,-0.006703351763240321,0.010279491509611022,-0.010814696041954645,-0.000449430999701471,-0.016459802634704715,-0.02801523275320168,-0.016782140307525326,-0.000967715907443186,0.0021306051794767436,-0.011033880763494184,-0.014451721989177727,0.009303933702836305,-0.001986442856368021,-0.014439237712871197,0.015481192076740721,-0.006881732716611043,0.008744314904838065,0.013729232985605763,0.007235106279089655,0.015726485803435695,0.010852841270314524,0.007049649155814523,-0.022169010338176382,-0.002590323158083746,0.004471332984430557,0.006670891791963976,0.007956608219176124,0.01439563411890808,-0.028862885147628636,0.01491320420869241
sport,-0.07886755054496657,0.0007014778266924284,-0.024529933638991447,0.08974459066945356,-0.05495918032884572,0.261946687333349,0.029760657866398848,0.15531012108107192,0.16974688824636436,-0.15879127720510125,-0.21425174290522045,-0.07197989494739748,0.06610187501889554,0.7024194255138309,0.16294817564369934,0.09772924020229146,0.11673170567484406,0.04637832303921104,-0.019292767043385128,0.01470995904436327,-0.11769583518020839,-0.06578263282374278,0.022365433458984504,0.014798729185753133,0.06454815723336749,-0.003455225722420456,0.0015859010654069997,0.04006073924293594,0.009010983824751689,-0.009589391923754591,0.04127244125774335,0.005266088014223988,0.02271830057650964,-0.0349872475024124,0.026812478752200355,-0.001518526087415268,0.003561436248324101,-0.02964130190567144,0.00905842865918541,-0.023042293176514836,0.00319158396010811,0.014845300508865098,0.004963915239820546,0.012160190846965877,-0.03238991459252548,-0.014127973133813724,0.009697484159590061,0.007411987823464059,0.01801532128797405,0.03022620752192874,-0.007148194780718196,-0.028292436141856465,0.008554683319780829,-0.03580921473831996,-0.016323647928046633,0.010080028623915629,0.01589460907413029,0.03972789401563948,-0.011054313538804632,-0.0010314957060370625,0.01775407709540683,-0.007668981255199699,0.0034407510589003296,-0.01753493799210501,-0.020266364063770664,-0.04136958276845369,-0.02522148647262786,0.019678665551627575,-0.03123619107041909,-0.006891059146621009,0.007146739199372978,-0.011743187650707395,0.023139698655249938,-0.018180125384079163,0.02312025443409784,-0.000585951436432758,-0.01291494727719561,-0.005892260189203169,-0.006647314211066021,0.0008263109932324811,-0.00548744978309502,0.003296117213443407,-0.0066501391401316305,8.902527700746823e-05,-0.0019734223914658735,-0.0064343345800766255,0.03405974482152164,-0.006489184128332258,0.024379696123894914,-0.025228290230211,-0.022077806394812414,-0.012897451851830617,0.01860685300871939,-0.0022744437766188314,-0.0037465104463532822,0.005806645338116744,0.013711765651036097,0.014098080301892552,0.0020801114792748524,-0.014348790307410092
sport,-0.07088113901543046,0.0559711429436756,-0.08999014469164869,-0.010246119608283165,-0.022040662642368657,-0.009665073036460232,0.004083892698552663,-0.014058836665845838,-0.04287969704949656,-0.0038703189586673605,0.05508818214698261,-0.05893540727059135,-0.039737365104683425,0.013861250410941023,-0.021154591083567282,-0.05952236795738504,-0.0867358225685948,0.06425253079986715,-0.040925997879722564,0.007597014691165719,0.02601953058382422,0.05523633352713007,-0.13496803415252775,-0.002007145631121766,-0.198747422717958,-0.0010636718122782921,0.016784376514069246,0.40392420602000306,0.12308462292755806,0.03943776700520371,-0.18679045555323417,-0.08450570717882507,-0.050000889534001614,-0.10249032839854771,0.07463967217146213,-0.19530107909283423,-0.012548327559011495,-0.006744951521092969,-0.046482031056212895,0.018108676893037627,-0.10683334219786803,-0.19133139295291124,0.027535501091989687,0.06665034140562293,0.05957660487690295,0.019635896173599607,-0.10085128630126605,-0.03157650499430551,-0.07493939821114552,0.06452246072319703,-0.08813588517717955,-0.02576069534929787,0.043748987159338316,-0.10506989511403748,0.07241806339926535,0.0031997453903390405,-0.0013208776922159688,0.014590736388875184,0.016386353032505366,-0.02861915137923592,0.0021731315253262586,-0.019054575676773294,0.03970956604691853,-0.029240247360031446,-0.1409610348607332,-0.07307740870773874,0.12445655527349009,-0.14151655642977165,-0.03774558435714527,0.009539365251527014,0.07144642553476906,0.06428651825544672,0.011791419756795464,-0.015406251782138568,-0.030621023852841243,-0.05338989487939291,-0.04477112301025491,0.05986781128304478,0.051269136476169784,0.033491232818640894,0.10286045540050139,0.06502644559471357,0.021982336268110036,-0.00465271309658435,0.12567058183885427,-0.05370988013974147,0.05537011476097465,-0.04991383334369089,-0.009339169717815688,0.030322523137042184,-0.0007989636200135938,-0.025187938089186873,-0.015447666788752487,-0.036495294610606556,-0.06467890959677856,0.04613645742763164,-0.0030861141820254824,-0.018930399726248198,0.0026884597866912957,-0.04613813460587737
sport,-0.10520404798546712,0.08457033764368896,-0.024577175061092686,0.039254969883660326,0.01228381646514686,0.01875625926753979,0.0026450150104054848,0.0596210043740821,0.013979424202915204,-0.04191912026875,-0.11681435221391581,0.037359359855904856,0.07020273079084732,-0.017320608208177966,0.04516512204270508,-0.10606243583629113,-0.007466929524461427,0.11905292563002225,-0.09414218153565213,-0.061390469920518186,0.41435163482532333,0.43716642766726455,0.13567936852938065,0.20668855903419345,0.11035504018790218,-0.011831549521178753,0.02688564885261983,-0.10924460954599813,0.026313577635866447,0.00371198823905359,-0.027676168629889742,0.01757299708377348,-0.07097392148554506,-0.09065372071416337,0.018421643974995586,-0.03196312579019892,-0.040808705303215044,-0.13613524489642073,-0.010975905768328199,0.05838615176335985,-0.0038620775724447125,0.05474293572251748,0.034564615796860536,0.01496070756190919,-0.07765271049584606,-0.0007998800543780948,0.054928196901856616,0.06744670761502623,0.06178851831330277,0.023965791618530467,-0.004255300275172651,0.06663318346949276,-0.03980056036820578,-0.052602520207843846,0.01743013094505871,-0.005444956255694753,0.08163309656455547,0.08955115838968075,0.11841160805757711,-0.013431693604410731,0.013444780392299613,0.03992921037141042,0.08744722664159588,0.03280444349045455,-0.06233484615670788,0.06814474766551488,-0.005517537884593571,-0.026439197996461442,-0.04794034290980075,-0.020388018915725323,0.05395976343396814,-0.042106704579396165,0.0551500782406063,-0.10179941601338692,0.024778040307035277,-0.011999829421583282,0.005289375839099825,0.02166785018720539,-0.0017879419852496505,0.06795737554113368,-0.07043321423676009,0.042625294755691726,-0.06816618163069774,0.01472356239394593,0.10628910145934005,0.05534873051136096,-0.1031097679352174,0.08577115598339453,-0.004226926841247457,0.03742126174014166,-0.09775724956649666,-0.03888816570750238,-0.0284476652217998,-0.014548754056803196,-0.08009381316977947,-0.03234101427542184,0.011325098625500242,0.017926932996940863,0.05665334853419644,0.018730560214586117
sport,-0.07358100785381803,-0.034396569250189385,0.047143991679920366,0.06228861109012617,0.012412964327860803,0.07007844595098289,0.08626691971333107,0.07645509483444693,-0.017248720436723854,-0.005431427458563275,-0.0014943396934365308,-0.026815921618439188,-0.022523370248495687,-0.016022941525253114,-0.011711618638285416,0.015938644113069226,0.003787122651643717,0.002032610869802562,-0.0263275393780052,0.00136852811287154,0.024791588403325144,0.039563241920806395,0.011638048904889257,0.06785205865815934,-0.002260389843114757,-0.0030976969369612005,-0.009984150419677627,-0.03836692691780885,-0.015847517015304503,-0.07038900045960683,0.06168149992247587,-0.021340226116633748,-0.05430972900008763,0.22573910978726822,0.023350262774363414,-0.06611962644295158,0.15206258751245777,0.501030327142001,-0.00022111941669841257,0.025729133362167336,-0.01853350930438238,-0.2061310252355122,-0.12410715547309119,0.19241749893074053,-0.0274808919583267,-0.14410327815960378,0.015538118932714225,0.025698744028967567,0.06610731655691922,0.02980638289926593,0.047167601813318645,0.015302831580233557,-0.02276022814510286,-0.04165426245101532,0.09500128762834786,-0.08966713873824675,0.04185289487974047,0.009125714456919783,0.11267549320017507,0.037863076009147734,0.014372201431748288,-0.01101678859987375,0.01932368274986372,-0.05449643887696627,0.011096109930290483,-0.0443025614025717,-0.016338862910281048,-0.03311927193391543,-0.08558440356124311,0.03590430980177594,-0.026109608106244634,0.01858539002952125,-0.1038177536835441,-0.03504512663288642,0.01490136199468277,-0.005498907385119901,0.0917822912544825,-0.04665048542053899,0.09153815375704713,0.026562628360058235,-0.0027602551346459295,0.037991421060390856,0.09427097401178641,0.07157344228775621,-0.0652044850926815,0.043911411985949375,-0.17284444047078265,0.13625407643194445,0.01858502488013741,0.017293664909972507,0.046298553316111664,0.05188953582753047,0.12479932762075016,-0.08819003391543939,0.1404757731251487,-0.07088884328339631,0.020811546142601528,-0.0335500006501618,-0.005388624002152435,0.22029407040431104
sport,0.022319748939298563,-0.15314316989019622,-0.11439850545073753,0.09220168265710792,-0.26673510064354183,0.4995847481467186,-0.22571060770136625,-0.2163849490552927,0.43535879819755974,0.25001140928928767,0.010804349734430355,0.22976494239546044,-0.06395049049055221,-0.17906660304501693,0.015219037389156167,-0.014731780437505278,0.06293827039032705,0.02257712404196748,-0.002641692530171168,-0.04585443725977844,-0.05617119150144335,0.022985365857421763,0.01576887597979045,0.025876544677505938,-0.011379964676017356,-0.04963685065218723,0.007717044776844737,0.010285240359611656,-0.02111002661795473,0.02034367341659483,-0.015644870513542016,-0.020739359866378402,0.006489530700729468,-0.015511409698552308,0.00036851982493518894,0.0167008795726293,0.03378242848680857,0.006959009645199689,-0.00486892651078904,0.00045611909572767053,-0.004623996504637815,-0.0010210966335733884,0.008762007412059536,0.0015696276271549953,-0.001091910438040943,0.015360385574905868,-0.019885693542727727,0.00015489997074618242,0.011021097172529245,-0.011088418504389805,-0.008700953788202447,-0.007454513002543423,-0.0014809824424283338,0.0038863935061586464,0.004309224075596296,0.0007510433118617363,0.010699688827147428,0.0071274505408999754,-0.010958701138859384,-0.0050534194836351545,-0.0029682830020109348,-0.00013153368809627614,0.004121905650012129,-0.01484449016389844,0.0003094623620139602,-0.00572423856291091,0.00016128467100463788,-0.0063815751374407224,0.0025122744299185713,-0.012324818508270132,-0.01453558857670487,0.003733497621617841,0.0016476545672673229,-0.001520514735583296,-0.0175715631110267,-0.0028764388756776457,0.014035277857754509,-0.004378101790215233,-0.0007109195336551314,-0.00696945206219059,0.004517818891247441,-0.0009252159829662369,-0.01299375124690262,0.0048097034580457144,0.0004298986543242945,-0.007071091117751766,0.0009319683175977747,-0.0014897811023068975,-0.004099226671763572,-0.002316976035704202,0.0007546484506149439,0.00025429900614489686,0.009896608522314701,-0.0003749952122639724,-0.00493912731388057,0.005813756174331259,-0.0034155052179340407,0.0022332463669172712,0.006181634933537619,-0.007191057811645869
sport,-0.1116175533239688,-0.19875660355880218,-0.055086295533323795,0.6276459153047467,0.24601073230255044,-0.42100999569564723,-0.18742500100334344,-0.26189153980437896,0.13317017774470877,0.17632300823637487,-0.0274715027972339,-0.08931559845917655,0.012495604440412136,0.08688837131575988,0.11894607447856516,-0.1586759869432618,-0.030660204299458406,0.19474011296094298,-0.024510367712467902,0.009905554408234214,-0.05631759172525554,0.010578785954140297,-0.03512668752126968,-0.0004214432191688239,0.021625118175092512,0.0035657837594074266,0.015128352674309923,-0.025343686032676234,-0.0023254870149665065,-0.023920049230312188,0.022750164646722824,0.03324618938078433,-0.003024270741682195,0.019086024085387433,0.036268078651360475,0.0015622569443947334,0.00454342567891187,0.012169582541662134,0.01234224499866124,-0.005783782314798435,-0.03738652699386554,-0.0030389695894895144,-0.009813159166582019,-0.019311835589395556,-0.009969637345913048,0.002241824814775708,-0.0004991779949342217,0.0055080430618945605,-0.0015457580800783844,-0.002350866262298084,-0.003417156870775912,-0.009316183649596212,0.0031027948620069704,0.007202533205436246,-0.011468539998252187,-0.014925288578392695,0.002141659021574144,0.0016825694268823579,-0.01453603245565378,0.004281687123376959,-0.0010035693533121095,-0.01619692675050857,-0.014515698481817644,-0.00623676999117803,0.006289345111078466,-0.0033695796974722286,0.0011646316881118452,-0.003136728135013525,-0.0022795296645505875,-0.003157432474060436,0.014240849153290939,-0.00449676852550201,-0.0018930130169689551,0.00047337646515137896,0.002454980628440454,0.011037531488379092,0.004797108274293095,-0.0016468169215597978,-0.0063252839809228205,2.951642584342508e-05,-0.0033744863734370308,0.0014918024488835434,-0.002703529336224242,0.00022003190668618754,-0.0023524630829219093,-0.0012386071525139373,0.0023639839824846783,0.004738350598792885,-0.0013646117545286526,0.00265683097249927,0.016838674856030085,-0.00035418813725490044,-0.008593067014492604,-0.0052865010638299195,0.005542497200800668,0.005758418216464852,0.0014026992964676025,-0.0019024368361826292,-0.0018582038787602832,-0.006688563745184851
sport,-0.06696408911958346,0.14907275310747434,-0.2637046883844767,-0.0847775379691396,-0.0010451105658394523,0.033032512986306106,-0.027639742007753102,-0.06873826392899675,0.01711392614349766,0.006238588149889204,0.05807777877750149,-0.12824896303836886,-0.09772783824975578,0.05720075131121705,-0.1527510874284147,0.10036002831305872,-0.1195808125420834,0.06658789399611315,-0.05740270351198295,0.1085332647223372,0.11078157980866438,-0.014649236158753551,-0.1286246875732058,-0.16112524094984362,-0.2112965011246799,-0.05050083790437276,0.06031834612235371,-0.21001135197309648,0.09196071812987157,-0.09918309793696642,-0.1303998217444289,-0.08837040202392388,0.07219252458306763,-0.09735108401902826,0.048228773894726094,0.010813046485844297,-0.02086871219664151,0.04106334327765322,0.08612554780469185,0.01384501225109789,-0.14293618682677983,0.03662547168353083,0.0792379741583046,-0.00867926174485874,-0.05990382430454482,-0.1518010064395811,-0.016343224641694565,0.06262369625962748,0.006428829206965034,-0.01566342909552822,0.10120167609927778,-0.07864824187874529,-0.04066066630849428,-0.035512276929830694,0.03723020820931823,-0.04542241500148309,0.039669036172453064,0.0018102092485284553,-0.06783583009162443,0.037944826029631784,0.02479448797098593,0.08345234815730111,0.05040195597833761,-0.009931147905924363,-0.047981075343072235,-0.007185356896426787,-0.002930734319643411,0.006560148744042334,0.018447960199677135,-0.07651070855080795,-0.03799250836447923,0.0534911540070002,0.006665871412775732,-0.03225466447051516,-0.06292431507712826,0.0780621284446989,-0.05240929652445564,-0.0037653990403692995,0.00395199051197684,-0.06986913020468323,-0.026400782009864635,0.0314762996183694,0.011638674695886928,-0.08295892223495686,-0.08670205656096677,-0.020320321255239974,0.00039407337403246846,-0.000737920664329081,-0.03154468251383714,0.014379795573328677,0.0003095653640817591,-0.011677279262117804,-0.001391122677556437,0.006340777042742175,0.041282363273750566,0.0017034107132452591,-0.019249547249114745,0.01935800888001296,0.0032763799911439237,-0.06056679053437675
sport,-0.10923960434974823,-0.19653947342799807,-0.05195860377484561,0.6172703480457061,0.24407527370572385,-0.423013626879319,-0.18772947266276566,-0.26664942112913376,0.1347697040487323,0.18032888174361958,-0.02893247012331233,-0.09345275334133475,0.013512966289848138,0.09096865109937238,0.12423355521892541,-0.16573427475753122,-0.03332567750640641,0.20504041800239176,-0.02411696306307408,0.009961463046625171,-0.06088682995359039,0.011079883413540196,-0.03755984284263875,-0.0004137098816494048,0.021570268879891944,0.0024401672102312227,0.01632136638922604,-0.024493449265037662,-0.0011887246810260647,-0.0260140265826638,0.026474479610257173,0.03764780013847665,-0.0026462994311593864,0.021970866264637276,0.04312184983834381,0.002630768773279949,0.004766554227908968,0.01554444953066975,0.014038341374349039,-0.006303191120538934,-0.04016298754762921,-0.003670815041823181,-0.010894428518220652,-0.021256060806363723,-0.010046800314613975,0.0036939348336847947,-0.0014026879851729895,0.007029708141125563,0.000433712743240463,-0.00327403869378051,-0.006170016700551456,-0.010927702357842515,0.004450865576118252,0.00829095529273706,-0.00957429586024248,-0.015931678832247918,0.0006069536455966814,0.0020754625068846585,-0.018393909565562423,0.007292331541905612,-0.0004027391621761619,-0.017964842149754922,-0.016506935963255986,-0.012746653247730333,0.009091397645476612,-0.004226476689277896,0.0008380783961626715,-0.004192542617809068,-0.0033861781279396464,-0.0036855036085118044,0.016475934579105612,-0.00559883873613545,-2.0597627329102717e-05,0.0019447414097589003,0.00227844922385045,0.01574801619451892,0.005705532759567895,-0.001426526631589606,-0.008568995974995185,0.0004947104690374701,-0.004938223213810726,-0.0008705328697610237,-0.0014266172142972245,-0.0011820275595834278,-0.0018306532013353755,-0.0038684622012980833,0.0023156557767312373,0.009090615406542242,-0.0001398453391488308,0.006166853120836339,0.024283921178504943,0.00030316185268681035,-0.010793407063990037,-0.006249269654428843,0.005545694769874963,0.007585978099890376,-0.00038721775291591877,-0.0012751205670893156,-0.0007314338587801757,-0.007851560034490767
sport,0.028069668886943646,-0.14928104248089952,-0.11232029175335588,0.08633209762028587,-0.27813264457193365,0.49801293460133117,-0.2213784244522163,-0.22869080502731953,0.4381016822947393,0.2649099387439015,0.004585099706085203,0.24546556555920626,-0.07571008273158003,-0.1975478396257742,0.01887085583034977,-0.01047265037147782,0.07525081539768393,0.032000596714480196,0.008836451142558403,-0.04436412752288342,-0.06512965663085414,0.029376324915557694,0.01919640741705252,0.016947937901006967,-0.005792808164785246,-0.0457445854874421,0.017592042446019376,0.01444175567437171,-0.024578898097466544,0.02156144547089557,-0.005666537960158115,-0.02179058250498089,0.008370679716538768,-0.0035566643749369636,0.004047886833832087,0.02131897392102608,0.03229064421919513,0.006757212472865193,-0.014190259562648487,-0.00906470541798376,-0.011797698953730184,0.0059915631785627,0.018386387236230043,0.005335413411477724,0.0039951590956126635,0.012192555523896129,-0.004438079820556231,0.025551423817825082,0.02395317716325601,-0.01270501684043486,-0.022327978789037084,-0.024779606478548016,0.003270108035143485,0.010075691567155778,0.0022518873574418905,-0.009043795225498669,-0.00019439108605675084,0.005730565574632261,-0.022521985608504356,-0.013434203722094787,-0.0010754911009426393,-0.0005611030514322461,0.012264436432155306,-0.002535124919156464,0.004315733789835649,-0.015351987079654279,0.002545840024624908,0.0012584849402747244,-0.0019960624806789405,-0.002290771095514561,-0.0030736927564171137,0.007821163659868466,-0.009646361387517158,-0.0015335437496295354,-0.013064454338853608,-0.004329152345867344,0.0012058482629384768,-0.0005439194832303484,-0.0049280485987275,-0.0030232972129334563,0.0024468090172564076,-0.0001974654350924886,-0.007256628386345199,-0.0001351182478360529,0.005147229870680666,-0.003280163229031659,0.00774743418343926,0.007574226872734734,-0.0076955981904106505,-0.002477799518075531,-0.004468321186331341,0.0007321041650291863,-6.887008759598168e-05,0.004431567855855842,-0.0009924866232783808,-0.004131657510069583,0.004609154288723109,0.004281953441891738,0.010967200624076643,-0.005063187017956955
sport,-0.10953504469145396,-0.19773894959920088,-0.052571139296832055,0.6199200235517128,0.24427719085213634,-0.42222991444488,-0.18811829913199496,-0.2667071641030552,0.13539301216433908,0.1798284400149402,-0.028545246062041407,-0.09249634736689588,0.013223064609941793,0.09023063819884937,0.1236297059184487,-0.16492643392818915,-0.03322082647908514,0.2029850734908611,-0.024475614361899857,0.009621188984890408,-0.059543703116218046,0.010299741453617069,-0.036206381213606906,-0.000691379324089613,0.021431968138211764,0.0024170264759697576,0.015643532476974368,-0.02462016952505587,-0.0009128472690829395,-0.025605523280028502,0.026655253488435553,0.036988854762473745,-0.003158174164566817,0.021595688813747467,0.04149443022627017,0.002975583370366709,0.004656311113521837,0.015154889785206838,0.014186064878521297,-0.006621140666841008,-0.0389279801445693,-0.004279263213875376,-0.010707417841416243,-0.021638627069209316,-0.008635934443055222,0.0017821723760431758,-0.0016977990818137026,0.005636003203807503,-0.0007491362754319214,-0.0028265949490167827,-0.004202241274736956,-0.011082031767017128,0.0050285856202651625,0.008730259302690505,-0.010371983247648797,-0.015924921060172438,0.0015112040270901014,0.0007242858476433164,-0.0153227393315293,0.0067323280120679665,-0.0011383477910175918,-0.01836832043332183,-0.01802067150500071,-0.009784713054793179,0.00899956480146915,-0.004498533807416678,-0.0003650122043750519,-0.004223030496913303,-0.0023034898105656425,-0.003122256408123997,0.015359954306561544,-0.006978884316356456,-0.0019726928826915243,0.001316589020187139,0.001196459836219316,0.014247003557600965,0.004308508065618788,-0.0018334065139188113,-0.007658240765891002,-0.0001803757578542204,-0.004434718594863567,0.00014849561099918084,-0.0013668535074223868,-0.00128136179077695,-0.0016966243713654556,-0.003018176489425799,0.0034490462014111637,0.0072137853330503645,0.0005872284431765895,0.004158617670088214,0.022679731554834406,-0.0006979801789456964,-0.009477354345474876,-0.005547610212158473,0.00619140083215849,0.006603916727417749,0.0009400547225288712,-0.002157334438799475,-0.0006816654633231569,-0.006979089264985963
sport,-0.13189868918333333,0.2303976564639334,-0.19507701116465295,-0.15672864786172233,0.07458861205514128,-0.08934982104951877,-0.012345437323547587,-0.14082235099100562,0.06324589437906653,0.12492785850395041,0.028611779567029424,-0.07839642299627025,-0.039952027934946885,0.06052086740039643,-0.1441909587916137,0.15974526090232496,0.019021128628914256,-0.038222371485531474,0.013751918243866403,-0.05757311770698722,-0.044066592355645244,-0.021321267903128684,0.11858331039920941,0.0632809003771011,0.14188343482217144,0.018024883855195354,0.012316722318000692,-0.040349330616799316,0.022923570052844802,-0.0014875384855777467,0.01679194969128002,-0.10673797415845672,-0.033042103910481554,0.05794555836640387,0.03368933737806875,0.11035420473642901,-0.06836820168601182,0.00927616523902628,0.00027783621971977547,0.09084031197780677,-0.04393980703578186,0.08401814887681622,-0.013406293562361681,0.012228246976646352,-0.008876653659852695,0.04045039389320429,-0.02592984385688134,-0.02261191892533273,-0.03976010571617497,0.019783420764703446,-0.08902369158898588,0.002669192043822113,0.06543483856769956,-0.1341983260284314,-0.0804962369893677,-0.01870259807631201,-0.02815088307128448,-0.03537172111270886,0.02651214142262146,-0.027104763033850322,-0.04048242526141523,0.0026132241628722295,-0.08865834033902895,0.011729124625098133,0.056374579772927605,-0.014056738834694368,0.0029888068078291405,-0.035716714762885376,-0.1396097318706651,0.0648523238454193,-0.10235339055357182,-0.009968079654540036,-0.11416156665561374,0.012554663814041226,-0.04142007078307008,0.06896418212396428,0.03890650440999501,-0.02862494334612427,0.10047419559321424,0.025849761252313457,-0.06851333200309193,0.05352956817112084,0.01849834709427716,0.006546343991980945,0.003989024334392939,-0.03521701313246775,0.025348663208119376,0.0027322913075867386,-0.09245950076824608,0.03664069335962696,0.07277556828074358,-0.06374566574642478,-0.05289917770987522,-0.04829833536824948,-0.07093198324928632,-0.09136462448163621,-0.12730653632531277,-0.013979292975843391,0.03553355719142731,-0.09384781433440695
sport,-0.14834963020817782,0.2792461427265304,-0.22677803148150116,-0.14946061130784025,0.09564257226750525,-0.13247745747603057,-0.001953521959047428,-0.14643726154120462,0.07694127844392375,0.11904835094626894,0.011075802572129598,-0.09342689359685265,-0.043645938948161045,0.05369704295108844,-0.09307011750152779,0.10426153677540125,0.024552760079848576,-0.058223809668197006,0.03764371538634977,-0.06892835936976778,-0.056268516619309476,-0.01567817978658642,0.09195461655193356,0.10845839437652319,0.12886289764425438,0.004407466647973803,-0.08603902812646681,-0.022440440366474423,-0.14261704907674638,0.021736717102977275,0.03953861187953539,-0.055133370944086116,-0.010959838704494471,0.021483042559915875,0.0026865376459363085,0.016737942184187237,-0.05810978392970408,-0.015881021018724188,0.02873785458431157,0.0325674548892476,0.06557626276195838,-0.13163976450693665,0.022745351383276477,0.034257747881700544,-0.07990385206266071,-0.04805110518500693,-0.11293638656824799,0.059023052035446374,-0.02650037769128953,-0.10616505334534002,-0.020381268091941417,0.03154872052301812,0.019903611092306584,0.03899137168684229,0.164508759901646,0.006783484075849841,0.06076631997732626,-0.046087094970996986,-0.060800768163772466,0.07233427018814709,0.06759019813194872,0.11162651074967062,0.048933696896256394,-0.055116195012958426,-0.1306841188415868,-0.043031558740509915,0.03272195605384075,0.00021545200923771079,0.016705604463213536,-0.07407700655251805,0.09211696907231855,-0.1065833208035221,0.0765280909594552,0.056095518966883647,0.010602492538350668,-0.12818805955783313,-0.06813214857440197,0.02395616218951119,-0.0322704055515028,-0.10456328554945535,0.0720764836878713,0.015371804697835363,-0.00027480656822527174,0.024632661297938663,0.04413909877104198,0.05536386222825002,0.0030247943167107027,-0.004717232083116555,0.02618279726963108,0.02183295856187046,0.007364137318436819,0.0022427698064676994,0.036949632968436355,0.01861623979565163,0.01844897248079794,0.12924969938089984,0.033581624921671875,0.07039388807467743,-0.06201528188667526,-0.022307797375727526
sport,0.03393415172536242,-0.15009315962082748,-0.10311769130475516,0.08097256781343994,-0.2835197393326789,0.5032966140085835,-0.22888936547142139,-0.23243203504708612,0.45210118469806715,0.2793672250600068,0.0029190270365116442,0.25746610629061806,-0.07716224907610018,-0.20458861396134698,0.02197811029588417,-0.012453539644536812,0.0830611154525801,0.03841843338571015,0.0074808570946400645,-0.047517276446107544,-0.05899803708462327,0.037861243454876195,0.025116180450225394,0.028416599534609028,-0.012488496849724242,-0.053896309439762,0.010599859867520649,0.02374181682612376,-0.029353839093313853,0.029317988229171248,0.004609689063644859,-0.026336509322672636,0.008002885092482795,-0.0068966396989065815,0.0028072628579636433,0.03761281155988694,0.04083081581048027,0.008896356567593681,-0.012772409809734774,-0.005511981306459233,-0.01081483686538839,0.0028569359380018126,0.017849588275289128,0.0033919508143345867,-0.0029324054481587665,0.00876344489951164,-0.019248069369993646,0.019963261020782802,0.02739049136232875,-0.013684891461598306,-0.013142278522474926,-0.022183328718094975,-0.0021122843347278508,0.011798337649475948,0.014507361924431174,-0.0187279571816269,-0.009804276894747659,0.014882032545243083,-0.016149877607886637,-0.010313836729632929,-0.0007338781382581441,-0.000950500344706339,0.019434268324170587,-0.013288884766850029,0.0030154856014537293,-0.011850732643135967,0.004368275842015655,0.0027522659473418736,0.002573546051092689,-0.007003698589367673,-0.005895971828164754,0.010160889701928794,-0.009006442268453702,-0.006957609465550447,-0.01866344473014906,0.0010732679901989098,-0.0007063426574736057,-0.006802031228573275,-0.0069664385346261855,-0.0023050004917417786,-0.0014992741744474505,-0.010536223555858476,-0.013790940143457013,0.006191381707273674,-0.004423018337790961,0.0014720844751096814,0.01286811637538197,0.0010969273352599204,0.0032841261132884173,0.0006189675887119207,0.0032057884358202035,-0.002789273506708147,0.0005908268786085321,-0.008888847198648372,-0.009304342382421695,-0.008026699574219337,0.0005765467552741491,0.0034196881310958886,0.00680490948215177,0.0017202890892147012
sport,-0.09265627885327121,0.1501534541293378,0.1397877324115298,0.03459796770225568,-0.029086226997376674,0.021426619388461254,-0.012160267034787132,0.00169669150990323,0.001558079631368054,-0.01494530610375884,-0.04554726858709788,0.029337211986210032,0.048741252978459916,0.0021794991162354103,-0.04418321515985743,-0.04762530024248521,-0.06267391211879664,0.024535148797401467,-0.03653582117222701,-0.004699944119374001,-0.008948019788335163,0.012782882261679668,-0.05293545136073752,-0.0215127595356358,-0.10466754776172499,0.01534833281671407,-0.021468638263313102,0.15910059137641339,0.01107162382028948,0.05667514034382399,-0.1624388015074405,0.09592404860790876,-0.0308046121259261,-0.16903169483759944,-0.0498979071524886,-0.11060824808922746,-0.07695325932984817,-0.08286030404863633,-0.024922325380518813,0.07341173303625188,-0.16525361615421855,-0.10549162043000808,0.01624424299602286,0.048556845971926714,-0.03972581036538516,-0.12652885992169086,-0.214461511546332,-0.034423160975515156,0.02123578393771574,0.00851727317617793,-0.17042890628755927,0.03439428585453255,0.05205176831113826,-0.11941269162879677,0.10496540171839994,-0.17931443072224884,0.04293901421015766,-0.08359739428072996,0.07523151338584859,0.01675102277130304,-0.0711062735422448,-0.07444060459279803,0.03483946534752834,0.06130795070029154,-0.05710283014535517,0.030752895144349555,0.08050805632293082,-0.23849283348643477,0.07627807480024355,0.0667280391466695,0.12261084613780213,0.13009361086795135,-0.06971982845532498,-0.0679773466626698,-0.042786682252649894,-0.038779029134211856,0.04467985686965926,-0.07468483618655043,-0.11190912416890579,0.02822808267516496,0.10067206760118572,0.0825401687444018,0.10256662305905136,-0.011922394248557391,0.003260134767900197,-0.09125533843284095,0.05794251994315465,-0.03293036652741048,-0.1151685670369586,0.04269974591835613,0.01720482701713946,0.0019230720174440137,-0.058617490639487325,-0.018005678804408922,-0.01639312988930342,0.06657578662544304,0.05686407710816359,0.011548788215072249,0.061087844719414135,-0.03741957917926199
sport,-0.07895397397786229,-0.06289351213557902,-0.04764247108535868,0.2220439712838342,0.044704416312361016,-0.02313970692329761,-0.020823118130117214,0.10009885363621533,-0.06577650485135485,-0.08161276114093369,-0.001447121150654968,0.10966088127150461,-0.00409271576823888,-0.053115057165200444,-0.13185464891409213,0.15647393072511465,0.0826643467700368,-0.20100753669927227,-0.01757847264593872,0.03343963290911186,0.009413089529435757,0.012467166754829744,0.049471352134974285,0.028696233258271808,-0.02398867323423917,0.06308425152194394,0.04586136782769134,0.08487534784119692,-0.007222830659871901,0.03445968538000494,0.037481788927146355,0.03013642746540981,0.03337057628128837,-0.08042852911426497,0.10556175856053027,0.01788893464016675,0.08131793600468358,0.006055977106472392,-0.03024825891551037,-0.10844651020864988,-0.055098596149770813,0.083167796544326,0.11263720813816822,-0.020566713393971783,-0.02568649975204436,0.026942231057604255,-0.05726172874980816,0.041659484379173564,0.0018176481573328079,-0.045904446588580214,0.04123542335834623,0.12454237714780347,0.026089750188608967,0.09842368871888256,-0.019379561078708297,-0.01760563422691897,0.09386944618107372,-0.06735018859556256,0.10269036039319764,-0.00925353231744801,-0.07488738973396833,0.009825874239865095,0.11150416256637978,-0.07658925713752655,-0.0006443078703291371,-0.0236781938246807,0.05776523183918982,-0.008486156342882672,-0.02493831437422194,0.11078771022442244,-0.026977364344538537,-0.1217793414688402,-0.10602806491999987,0.04519600820018426,0.001755576690907166,-0.006555330792716908,-0.14357025896065898,-0.1453493194546879,-0.05590110068533014,-0.00860269513781637,-0.033541079211770956,0.04406746848037293,-0.13336921532916515,-0.017707065021073946,0.05050771689078894,-0.0850361685646305,-0.02095334303323003,0.24003526559625082,0.12853509838354404,0.200226669514858,0.05814038855771227,-0.11098149072185125,-0.034660537497481436,-0.03588521217813839,0.1574225364144077,0.0384218734334018,0.02121159610761768,0.03104062070251679,0.003713003849080498,-0.06610360864149095
sport,-0.10007949293669492,-0.04614598160375807,-0.06196905301202928,0.22509155904926373,0.04500617474287543,-0.007620417953572496,-0.02407939375361044,0.0572249803934722,-0.01817598527084715,-0.08520256109157202,-0.019329511496674848,0.08609690900673278,0.028682477914514042,-0.058034953679274456,-0.1087364734485277,0.10816990689837946,0.06319551943917256,-0.11745660155889401,-0.015688755893835424,0.03292021493582236,0.06178125397949267,-0.003967907594522975,0.10697855370689319,-0.06909143589179076,-0.0578300195174639,0.07589239814155437,-0.0757803957471104,0.025973982440858315,-0.08704340493897,0.054294818213250905,-0.10661955544254484,-0.1712808838874973,0.1425005216206115,-0.04894092604705125,-0.4181572310153441,-0.0018777845859770125,-0.07007682376235859,0.03532445339881616,0.005043846596212478,-0.02708159382859176,0.09107104778566416,0.0516324321863774,0.11767374133648092,0.1311168215438644,-0.028594803095451014,-0.014464022414640915,0.07103456458140227,-0.015634264938398156,0.006656527180504724,0.09181222014328702,0.04105487513796487,0.015838603100473008,0.08342180425357432,-0.06291212579567158,0.02345145156110604,-0.018273086925122795,-0.06469598445186533,0.09875000269780253,0.015309775998914414,0.0644645682352575,0.04103613349241647,-0.1066870544380988,-0.16538490604887734,-0.08085917264474439,-0.016562724873030225,-0.05814177156811833,-0.05339794716737039,0.001007325457810385,-0.08385612777631898,0.025730755524336856,0.12602043421748368,-0.009609437382805548,0.03460662110509982,-0.03307943568956065,-0.004505102698257344,0.0795209414111742,0.0022773008024537605,0.017485191767955814,-0.037270062611777045,-0.004360961795909336,-0.04345598166346372,-0.00832366675679983,0.03023467635013697,0.027550755587333525,0.04351193640162109,0.0031004616046004436,0.005716676188326058,-0.02747761896821823,-0.04947939909948675,-0.05375156191533436,-0.018822184813136685,-0.037513467593169404,-0.011239041622528026,-0.0003717669298548588,-0.016041473466886346,0.07316563048325135,0.04449278685328762,0.02808180477370405,-0.03171986808740959,-0.030598567464194888
sport,-0.10019264045898266,0.1354439429768846,0.11422895700630217,0.013296265861333619,-0.0730813364168991,-0.03990954264590013,-0.03582928323773092,0.026395514957369227,-0.061873514895694925,0.010842901929078889,-0.24224868830493926,0.37276976554162594,0.36046652931315204,0.0283451967710808,-0.3432510185720118,0.015879269507739702,-0.2776227289137481,0.19168147199713273,0.00855685377327682,-0.11237037489612835,-0.08123867420222745,-0.08577315214938107,-0.11328354510585505,0.05975005350447193,0.03869505854878045,0.09118194026327704,-0.062026835201451004,-0.06618628890561627,0.03806108919365192,0.007381954931964228,-0.02966290155163115,-0.006719378449672267,0.030756012032839466,0.021781586977505336,0.05443161174447183,0.013934097645677245,0.007129645980324849,0.026185514704919106,0.04098444618387842,-0.003751195740485621,0.008105256500009355,-0.0017737237097663996,-0.01750954658668626,-0.025442824087348073,0.0019745729941172767,0.029258004620180893,0.042238257045806554,-0.005198777835732204,-0.030814669926893908,-0.038216865622472784,0.042057252293743304,-0.03691175256903958,-0.03185725322694184,-0.008522967563187605,-0.005734494719571036,0.05050383506677768,-0.016220878932601306,0.031496374789912525,0.00958921647346671,0.011479742589150133,0.015554312015780464,-0.01723937106456244,0.017423265027427776,0.02551288596106988,-0.03423044097481297,-0.05135871447241847,-0.008490982621657015,0.01993372507538725,0.055565465304513506,0.0042444963782107695,0.029497268989242383,0.04867368091808383,-0.04826689819562907,0.0016255694028485376,-0.009091204500012917,-0.007670347742991538,0.028714829476019096,0.020984476558025673,-0.024012875996167193,0.015128253700270362,-0.033521868376916765,0.047613803396618054,0.00019215950109129746,0.05435852515367543,-0.0316148541408858,0.008363016683112763,0.03079479560922628,0.03551811787442494,0.005348909804647601,0.010857311065545288,-0.042016476044283615,-0.005944782465705507,-0.00845839613315942,0.012514379519419526,-0.007436504638632192,0.012232756231895939,0.01047149633929279,-0.013052751410794532,-0.02192993941215995,-0.021407176261555912
sport,-0.10035341538713534,0.08055729795931385,-0.15946343859029843,-0.0035434346540107477,-0.02730313061171151,0.07629430886770686,-0.02549261568442227,-0.018213087695006645,0.03032408670206342,-0.031285681760027065,0.01882648984451045,-0.04354858829834185,-0.05280490481518718,0.012428690470278307,-0.03952135666729037,-0.008048699026524107,-0.05112101071004678,0.06348202754701908,-0.011689293762919892,0.06361333270017216,0.09226394422415721,0.03119384479790866,-0.12194575987000587,-0.08782907041611411,-0.14978529233663113,-0.07309316056630429,-0.021246126752335497,-0.10354727651383806,0.10197021331917432,-0.04416881024914055,-0.02288159824425981,0.0009665144049419006,-0.06170286707318338,-0.05626830046457447,-0.07440629641053083,0.06878060890617745,0.037620892752349935,-0.055355365495211244,-0.033260496105349174,-0.03226447519802596,-0.18686137025464314,-0.11345520143620912,0.05952010211998269,-0.008660021628308992,-0.10596248847471347,-0.011150288546766517,0.24172734204415966,0.021950808311042735,0.00913114561054212,0.04999581634729571,-0.14002298428626142,0.13564599068397964,0.05718904905793866,0.18941753514946752,-0.04796236289599333,0.026388796275402953,-0.13386115110618071,-0.027101771172713895,-0.007189079924503555,-0.033318846260770675,0.10727410993227511,0.025051451676225092,-0.0878615600673397,0.09444505894979367,-0.025610556168122585,0.06345779514416178,0.07487464502887153,-0.05820105521160269,0.09178951132425907,0.001733005448686348,-0.08836220417012657,-0.066171713541965,0.030295278089482052,0.03592854501290403,0.010678405934732845,-4.63725825930974e-06,0.03414232324724308,-0.07421361716458011,0.09736974787677535,-0.04590756306151263,-0.02144084989703287,0.03016043050165517,0.008912004317337633,0.12876812996763265,-0.014795700817630705,-0.06946805306949176,-0.10783309142110019,-0.036631516046029884,0.058280363753719255,-0.06918871509825128,-0.0716202431679442,-0.02541260116962531,0.03580522272764377,-0.1402539451825026,-0.005000856188416611,0.0479601790631325,-0.014011623114654877,0.0058137022162325636,-0.1776813717023484,-0.041982868363019815
sport,-0.09672231688284694,-0.0860796413087113,-0.1039052114045751,0.2294307390199266,0.023730134675226406,0.052700816991071014,-0.027123175254989765,0.1085621825407599,-0.08670487254115916,-0.11702188370045438,0.06049064969181474,0.05091719442350723,-0.051315369410367996,-0.05606792721971114,-0.04671986910511741,0.10977963501050887,0.04187989506309891,-0.1038183496704531,0.06829067022319847,-0.015099649157479893,-0.026145070370327445,-0.017576683908923706,-0.02287949079185064,-0.015358545370715487,0.04825774254382348,-0.03157279285911783,0.0291278216148538,-0.016920610201851687,0.031055024335615487,0.013282843626893533,-0.0018316276721209931,0.15942114989917125,-0.11246266889221654,0.16812772228153175,-0.05419917391889614,0.05897926554879394,-0.13493597528897083,-0.0846706198854555,0.02270839067054602,0.21210772528770266,0.11611230899640083,-0.18690009339258837,-0.14271838797909664,-0.13503444091250136,0.006216175839631565,-0.14011554049471234,0.0361452741630513,0.012631323620336237,0.09619800538124058,-0.028815779322514175,-0.048937901252726304,-0.16816735246283146,-0.06413175540076883,-0.06201798930772258,0.06879925650993658,0.004987197489499386,-0.06820534048878216,0.1636343961484797,-0.038117576325464884,-0.0065248375002859346,-0.10969267175336582,0.06680447595388334,0.05767801157764597,0.00453152978659681,0.07653202135057127,0.004776205993972268,0.13122036425337627,0.07691320308615848,0.011552872284261162,-0.02074694615076244,-0.053406294563819796,-0.05134169052460014,0.027449458344021994,0.11320348015688461,-0.015203864662216973,0.11974542541906946,0.07557706324800294,-0.01930200858827703,0.019310781324077632,-0.02501770797115194,0.08160739054334697,-0.02063028155508961,-0.10236138972476384,0.11620001561984292,-0.034145671291458755,0.04556246470956528,0.054374248110227986,0.010151672389202586,0.0038518684934337284,-0.044848466924141406,-0.083489801109542,-0.041199874578210394,0.02121090070129238,-0.08962758290322294,-0.05565187811533598,-0.041835100414194394,0.016803697534336005,0.05953017838150937,0.08147069649349033,-0.0651580469135055
sport,-0.13721164637542488,0.030604736927163083,-0.16621732334674608,0.06821709825286293,0.004972504884692488,0.13145909596106914,0.07198337310141528,0.15699980994758012,-0.11478181619085334,-0.17385788742041366,0.07759145998116786,-0.09097428107619589,-0.01335056048242556,-0.2553067170966033,0.2449126669747583,-0.10716818953317486,-0.15611394320291333,0.21812809125756927,0.02186003315787521,-0.07157003306229234,-0.2529699610477462,-0.10843191152141118,0.023107399279297693,0.020103140512953747,0.16206752167193372,-0.016373664866437244,0.02661205790842734,-0.06805290688821726,-0.017613981746940673,0.012520164766773248,0.007420630358156783,-0.10831370159245238,0.03301100641751168,-0.03497196359251833,0.052186360186812816,-0.03592507454436211,0.017173814541916042,-0.01845080508703369,-0.061594337144807824,0.010043306166302274,-0.031831785202845776,0.06444740436689698,0.017234436237349555,0.04721513153997279,-0.06546853506578527,0.11791952803065843,-0.050904410073326585,-0.0029782891450859106,0.0029881002999763186,0.017347709070161765,0.015782217070154123,0.0031149553108918778,-0.07127635307451517,-0.03405895690096666,0.07782021638499752,0.016293483305375694,0.011155767955393874,0.033212743810376304,0.023862969441300015,-0.0036323006747750624,0.00019040211482926808,-0.001897023771266521,-0.0059809027230050115,-0.03431555590696955,-0.012764471825158545,0.047754949048784,-0.015730985899367438,-0.007751105763972888,-0.026271509774904462,0.07013772266131804,0.013661354745438514,-0.04243726392617669,-0.00806549131365972,0.05782576553152977,0.0028988837377462123,-0.06795046829259746,-0.0857376446307624,0.035880992254826105,-0.035118289925615505,-0.027153439941649236,-0.011685156314703129,0.015541131639945149,-0.013948293736288619,-0.0010033428101418594,-0.0001044560553218628,-0.017041727365895595,0.0005203453635420891,-0.025896848169410566,0.012821922231872939,-0.011767598756242358,-0.016296904654432804,0.08817422659175486,0.05630438894244005,-0.05513847497269829,-0.08868548141799684,-0.03863813182736024,0.020380122561603906,-0.057428461944720705,0.0150653249882881,-0.003416385538017691
sport,-0.08030187713434761,-0.029368215973188457,-0.05937519914461636,0.05699304419478883,-0.008019832761743478,0.05669942847105099,0.04712671094193927,0.0562828785965006,-0.027174623390453703,-0.011295368487102624,0.007327816282195066,-0.009147837271146264,-0.010911743625145348,-0.022499243068002946,0.008551348343790819,-0.0008696760411442057,-0.019772954954417245,-0.012148444821173167,-0.010251289859466934,0.001140220495295415,0.035118729396991864,0.012354645277979233,-0.08123463734733531,-0.010828019727049417,-0.03152914322379415,-0.05419836834667611,-0.012415955227502506,-0.01987607382712678,0.03797121455844218,-0.05595162980215367,-0.01437551208179966,-0.021656715901511008,-0.06728230033865232,0.0545671205540817,-0.004747015066124862,-0.0759617103375156,0.040648570178985606,0.1965844177327574,-0.06864766649348349,0.012902119945534418,-0.008910969756001596,-0.08666570341337083,-0.10764091481859091,0.043386481716797834,0.10651784908580844,0.1589205274069291,-0.13834770618390455,-0.10084294253251862,-0.09000453154280705,0.04362449992998128,-0.028212216296633896,0.10738153736300345,-0.045928574371279146,0.05638547345865781,0.09631842048212974,0.11639849317734288,-0.16991435661633528,-0.1962242192978873,-0.1667056251942705,0.1441801517051389,0.052077416214672295,0.2737073082753437,-0.12653661706536964,0.01647261148556641,0.20687429919986702,-0.06863804797256093,0.1539758433338191,-0.08982493789738806,0.029347729097809652,0.1211027882954373,0.14114727106713482,-0.10462920803069792,-0.0026410859031413174,0.04868828595013665,0.17255426869933282,0.04736123143529392,-0.0649629476592354,0.059917630347436114,-0.1988238737754952,0.08190294371821047,-0.22926144110277652,-0.0011690639208130778,-0.15974232379091136,-0.0826380181017087,-0.014838226243874068,-0.06487996259005864,0.0026696144581750056,0.038200763948661585,-0.05511954137625811,-0.06688769048652086,-0.1516599674999385,-0.14272475198535378,0.04527356937562201,0.03455220794333226,-0.015731112414051982,-0.05876620353603489,-0.00639893162576336,0.06755595764078907,0.020659175213185815,-0.04563260582007683
sport,-0.11755269394551904,-0.1615513446124948,-0.1111771469830676,0.38397084123222847,0.08564561195245876,0.04637862715901179,0.041390377883365324,0.1040670019942141,-0.02261514236713265,-0.02408418675932784,0.05443472429076457,0.04511082000779878,-0.01894034476181592,-0.06538202737183185,-0.1031015153710657,0.15773342670983284,0.07996403946748988,-0.18485648222871218,-0.01568441878390345,-0.013480609736748887,-0.0037273284774356876,-0.05207096851586788,-0.004748323644549788,-0.004561758859788454,0.0356423117587044,0.05622346143570253,-0.03365617711575041,0.03519950976725195,-0.0412406036553451,-0.026172387767260927,-0.07756214857185256,-0.08799046033956986,0.04156239900047747,0.03628286314312292,-0.09731595793245212,-0.07208558523383371,0.05111144254634056,-0.012037963663925576,-0.031199605855425885,-0.013435664406517412,0.024640602893333707,0.014119700398116188,0.004921492338580433,0.05035555977563538,-0.011320906794060717,0.02001916807636686,-0.011000073180959764,-0.06281661724372871,-0.06877131767158083,-0.022721599671400052,-0.028786799314133433,0.00620496406091544,-0.14045130663056637,-0.013464456218981397,-0.028723962124080724,0.044712542426944675,0.04632147706546306,-0.08994959364407826,-0.04083048659235425,-0.08743368093230922,-0.019204781645538974,0.08599707677737506,0.11316539398891412,0.07832869652482356,-0.047875268400447174,0.03839546639080684,-0.0424752554338096,0.049767392845144406,-0.013454595001326774,-0.027580242608279622,-0.057130544829661,0.07873086693416205,-0.04786153024477121,0.006679042940308929,0.03321282610099555,-0.09422119600596393,0.08476610926403752,0.031194296746235608,0.03250594106448698,-0.0032066394944755593,0.0516442308796918,0.05966989606322666,0.03952135219100667,-0.05443686550549066,0.003084925564590057,0.004312806475035977,0.002826793022519921,0.03565969913120869,-0.05150836114199632,-0.02732196889676068,-0.07772561737868307,0.004322661997918966,-0.05578284223741368,-0.026193612655146987,0.020935608658066263,0.03804052958540156,0.006039870245731037,0.028236365476577995,-0.057917003462851085,0.07098220016216325
sport,-0.10606505537299982,-0.11049706309872988,-0.07999373844292973,0.26656559510941413,0.040750489610314675,0.01176928457071217,-0.013367667869471958,0.1278603044404977,-0.1103176140510236,-0.12241316552045735,0.0052339526264016945,0.08471068331774897,-0.03563094347864921,-0.11721409979886754,-0.1435531762926987,0.20934534410895306,0.13182101164514737,-0.24550847653151722,0.014516448682153701,-0.03685261664919696,0.022295180523572704,-0.018098324410698224,0.04976591801913431,0.06334472011010159,0.03218470533276486,0.04158431521817901,-0.014415426386871733,0.05873004034285311,0.027939598154145557,0.04013934112588371,0.10713656712177494,0.09426206939739722,-0.05536104902571786,-0.153384583541093,0.44177762075801236,-0.005188532437597577,0.058356088734324206,0.05601169194400805,0.0943835159582863,-0.11708335163974798,-0.10660535364522629,0.08636681605821266,0.10476161946408562,-0.03585217970754096,-0.004538098875182825,0.0029848640809614466,0.026952306601067056,0.040749113950706795,0.030724838248938274,-0.05288377258718392,0.03531621469769633,0.020023226017054137,0.09974219513697809,0.020007542370128365,0.03426683768828516,-0.052005119899823815,-0.014108116592320979,0.01730988721646593,-0.026611985582495154,0.07638499507884144,0.07665104247303091,-0.07676644527716735,-0.16345095578897406,0.002531790932901175,0.004391841516740627,-0.010774341912071434,0.008007046039829999,-0.0459140463592684,0.033780943131683484,-0.04586459351654388,0.08145241942291183,0.012305971760766095,-0.012060266695414205,-0.03485251522552929,-0.0370236911353975,-0.03721724599402405,-0.0044827607180571,0.030346675981609204,0.029149679650866133,-0.0037045072202519943,-0.0652167162970802,-0.044083484400584017,0.06732609408233474,0.005942703963758286,-0.030023701336701982,0.0154870515520413,-0.006302544358619485,-0.08626002007475397,-0.051100745673439266,-0.0394688073522295,0.008045624805837346,0.0433526227409438,0.001001784429368014,-0.039245926113765164,-0.08173327625087677,0.016220414700099755,-0.011175161176059302,-0.01691440937028395,-0.019946856122878644,-0.003815375254048264
sport,-0.11460856370057453,-0.06963180006691629,-0.19245140347053513,0.27220293096507275,0.006969248904838733,0.09757237263160945,-0.03296000525044965,0.06928905158183708,-0.04203592277126783,-0.10889257225899426,0.09188380446984748,-0.0031792200985696407,-0.036290996187680565,-0.04435502510677292,-0.11127831443448948,0.12265011077984384,0.015095471209793638,-0.09887371625572983,0.021609237122014,0.03725080498548524,0.03770068373943038,-0.025942747449386044,-0.056225636732354735,-0.0783015401454573,-0.003887899050144428,0.006520105648066789,0.03461400365816415,-0.1347208691431489,0.06485863576472436,-0.019883275648283863,-0.13495108032415665,-0.023946663393351275,-0.06062194816291604,0.07639332054391373,-0.07395393632789865,-0.07107383857965974,-0.05136071712525117,-0.04163923986513938,-0.010228965856263659,0.1413856723311541,0.04822437034893359,0.0006933100434299726,-0.138214972321468,-0.06601689468708574,0.10106583750953341,-0.012357560384232837,0.025569476683570198,-0.04102393596317734,0.0006264929797647084,-0.03013614688676438,0.04779101243241621,-0.10071620133825972,-0.03652767721527111,-0.007811515292549926,-0.08090994329438637,0.0684180194290098,0.05327176201332128,-0.06670468050911388,-0.02226108461107868,0.04525851870503617,0.031561001649104116,0.013679982846916003,0.07863872867727272,0.09238220146661996,0.01651419431989049,0.07422446315365731,0.06621680247413554,-0.0019080214592606093,0.029460000378861317,0.0020170069114653997,-0.05962702655617917,0.06371848990715658,0.07074330397843721,0.013574601276680927,-0.03621186112241187,-0.03762727705531545,0.019925193294173867,0.05528083618412636,0.0008831784196941599,-0.09316991112046911,0.010524224537185885,-0.03656259166797363,-0.08963178076671435,0.09742181556343243,0.03431800756887685,0.09193481354940503,-0.0028704912807979116,-0.025265612924115385,-0.060087139199755925,-0.007033537239727528,-0.008994348324914277,0.03601310596709169,0.028538183099415238,-6.143094305565145e-05,0.03633587951481535,0.0689491350735749,0.05102042168395646,-0.1440299258498434,0.07349708666294907,-0.09001128023139675
sport,-0.10598571473673052,0.0835172554304725,-0.09738012164931778,-0.020096303707896414,-0.0012748012535612082,0.02977728606322784,0.0012654263522394967,0.05203345954338696,-0.019552028790102545,-0.02508591754064762,0.024690983803910195,-0.0077990873148867336,0.01946662793952353,-0.042634708494656816,0.053287384568053264,-0.05873823821569157,-0.001792132771783468,0.07785630583070997,0.009560383860021697,-0.007535576556715917,0.020228424732222486,0.06781940788014125,0.008371372107059842,0.0013558165973215066,-0.08183218370837628,0.04067591367963062,0.008692923742341018,0.32898735614465874,0.0010839899651017722,0.08574692671125697,0.09279957097556414,0.08959607663394122,-0.05485554859171429,0.19153054200720454,-0.03277772767358775,-0.003949625161905515,-0.07787693815665461,0.03024832351268064,0.0851167649946349,-0.010205165499935278,0.1634471257287121,0.08045922890435969,0.12266906329317966,0.02021251913774537,0.00847114624376385,0.019599672644853194,0.08264166701405694,0.09194646950421041,0.024751490529442217,-0.002803396995040337,0.045082392955631635,-0.05898155823135482,-0.12575359208209147,0.13588382383894845,-0.14383972684569474,0.08724715767677844,0.17833853533317592,-0.16092726332396412,-0.03030475707906787,0.11544709592833689,0.13827470213234164,0.06783739403308103,0.05510103581130521,0.16241257658446273,-0.09930053197282313,0.041408065112558914,-0.09416400046306263,-0.15684341413948832,0.08511039111204136,-0.08503055626385718,0.07236085745881028,0.09973639855685655,0.025849190673922228,-0.0791950032215762,0.020293143632339684,0.12962157357023982,0.03645680070131482,-0.09192315779310999,0.10664906982815221,0.0766150840336017,-0.013292385314228395,0.026919529881044027,-0.008576616619236374,0.050352867399616155,-0.0994783279879666,-0.10286794158516518,0.017245967780497178,0.030006611150486286,-0.024358738854741907,-0.1298186061886688,0.10320065863141507,-0.16409928932919096,0.006333301360388388,0.06860240721995832,0.11272351436211976,0.07572715483880978,0.017955524525703363,0.05695229904198252,0.018196676837387904,0.017893325277258346
sport,-0.12625243058360364,0.17485083615459676,0.38483518827905216,0.054905283757014804,-0.0035513491902383395,0.06585348016585722,0.00017360105185050922,-0.08186292622969676,0.013879037543448701,0.022394332527861743,0.107321125113803,-0.09225155453556119,-0.09902369781087803,-0.013201066214309007,0.03912208619849697,0.019366267277354764,0.01210081170204321,-0.041485029828179955,0.005171136152834227,0.00699196315269452,-0.016388891734539307,-0.033187949811263606,-0.08466092737617704,0.12839455397512484,-0.04132250818167514,0.06960592474494955,0.009120521469426227,-0.049436156090541965,0.006492105455800519,0.02140210675793626,-0.028530691856890816,-0.019621021458807564,0.03578006375112491,0.008541887361627197,0.025134122986917678,0.06045984352386787,-0.010785732818361982,-0.08135620092866365,0.034863893277825166,-0.041001258704584584,0.029306235105236694,0.04185854669129145,-0.016985320103601938,-0.1258249517009015,0.013245040963731757,0.08926813351868344,0.07405100219945746,0.059980121721617194,-0.08077949230689437,0.06736944403877639,0.09473687931933547,0.009651532337439057,-0.0597399503467965,0.019043040541269995,0.033552512248894155,0.024997806384318273,-0.03343558606377717,0.0073467547413501345,0.0003704098165588541,0.12065178273636808,-0.09010993956010385,-0.004442982048755674,0.04837758658845584,-0.01876870451988637,-0.0078684576215659,-0.02175997898263997,-0.020951285699851788,0.00931378357509748,0.011273086567822246,0.0217672919522942,0.07842977655990585,0.004366022605504453,0.05865597061951096,-0.12633723534308258,-0.06763867841287298,-0.10449011503310783,0.08801530955247654,-0.11991268239848205,0.014900674922126461,-0.00895007508686647,0.007722496131848921,0.046430579539279836,0.011507416504443256,-0.025917623560136334,-0.02080310916384431,-0.05855313340895598,0.01938723356734182,0.04591565917631637,0.013066693888339089,0.10586507412881019,-0.12391407114009934,-0.01989743704966763,0.03250366157574847,0.011555240946371215,-0.10961307000555429,-0.06937516454395147,-0.2355239600609777,0.009163712024810826,-0.08217923676359246,0.1363049117757896
sport,-0.09603855002265733,0.04612585474759541,-0.07326842043584707,-0.04678263209449923,0.02388737744384537,0.008776438685985044,-0.01130954720522497,0.013072448038314867,-0.004874267820546205,0.005929377578453424,-0.008653514986665936,-0.057208834585330895,-0.03506078642993577,0.005823403567303104,-0.018603603724989305,0.00950474415459387,-0.002549570308286444,0.05555387847578868,0.026070551372042984,0.025837973117181827,0.05322230321118313,0.0562924297898204,-0.05067894675095788,-0.03614140447713708,-0.1076483495229637,-0.03814715284559775,0.03610028823913859,0.20602845416117377,-0.032271643919372955,0.031980736611379186,0.192425707080928,0.13187017726639,-0.03264865153118024,0.2889900933676033,-0.038737702087781295,0.11228521319690218,-0.015649085021726173,0.029452241898293784,0.18066952923129764,-0.2857887337934643,0.18847067706279844,0.24676556316904028,0.13008664679851875,-0.005728910489548501,-0.17173217357376122,0.0607207146557338,-0.10604252228580899,-0.1165950584990507,-0.12627851669826712,-0.02575841100088562,-0.09972465331559398,-0.030640806801298638,-0.10183474588673473,-0.03487358194156676,0.03504089831166486,-0.03602887265245698,-0.03404009697431333,0.038737743792912005,-0.008663792962145684,-0.027568620332262112,0.04002339020988499,0.04044615118954539,0.0720423683933471,0.07170025891255302,-0.02085310396200575,0.12257466529398944,0.08638352902638785,-0.08146887437996599,0.05485586254570975,0.014126089351334071,-0.06192912024317305,0.008165307121510855,0.08458580198985664,0.07276578490364227,-0.01368870513217379,0.024103054874786728,0.0912803876268285,0.06227455341481882,-0.059043315899737464,0.026937527231308923,-0.05716020568914147,0.004782417667128163,0.061180595882051526,0.004539812686129685,0.03628562556333552,-0.014426101411752332,-0.0050193709205639744,0.03346793498467597,-0.1205908346090408,0.038969460501913626,-0.07894752482061371,0.028962802070899386,0.18205280275197855,-0.03802274208774685,-0.0548567032395508,0.05172126007148037,0.08475860201463534,-0.12468983962757132,0.11072127524559822,0.055526650964876065
sport,-0.13885307166004776,0.2771419093109954,-0.2449136555189875,-0.19531650398567776,0.10650587858539391,-0.1255207591401898,-0.0031447039571390143,-0.14743864832264392,0.10649195202540124,0.12864386004610326,0.015548417875675095,-0.10827871235741185,-0.06348554966055632,0.06034549661153037,-0.11487017866460916,0.13825359429768772,0.02353961273502419,-0.050911553952158864,0.03238648340900679,-0.07945998223422342,-0.03810660199120772,-0.00222232213665029,0.1556451501127286,0.08891352597469886,0.15247357780805865,0.003006021561092478,-0.08948614880200985,-0.006488456778444339,-0.16143569508956573,0.034718174488665425,0.0840016592939783,-0.03245705535827026,-0.004837883597265838,0.0661015367237311,0.01052376674686448,0.06542809648021401,-0.05533488198133681,-0.004261503619257638,0.05465094716788532,0.021681633701171033,0.0913921530481828,-0.08203097242257223,0.03795158212210594,-0.01730131391760363,-0.07366401960268934,-0.06913190675130772,-0.1239164185109087,0.06190842381853812,-0.0683120891026024,-0.08775283164905236,-0.0037999312292080656,0.053531893971282996,0.021782427715753644,0.034291214328881464,0.13258203867770527,0.003369700092183426,0.047507277948271,-0.05523416844755254,-0.022386159866898927,0.12082646375372066,0.06377878930691365,0.11834785264993414,0.08537660116006576,-0.0220909623179399,-0.134594909570448,0.000786552496175971,0.07585204885699319,0.008827370006784145,0.04930109790122362,-0.056056421612824064,0.046898323075157254,-0.08108273530174001,0.08496558461000574,0.07073228336839846,-0.03664479848914205,-0.09579982491492851,-0.030160218903188287,0.07387478749362231,-0.043593424616128265,-0.06234154244257374,0.06669651998108975,0.004848762567067304,-0.007782301920087438,0.049466150120893095,0.0190398065620588,0.013183535251560153,-0.010867321636196947,-0.0066337149689177834,-0.009642874027089514,0.020053911585574426,-0.016291822382509508,0.0029050897019800253,0.0031003972759900225,0.11060986422411631,0.07330006754350739,0.06926379356647529,0.04700974521776415,0.07249407625310211,0.017664272200135236,-0.015428865063242302
sport,-0.10785941031820198,0.09420082301955399,-0.1358565454798163,-0.043308311312980956,0.020403186102658243,0.0008668253079730473,-0.0018432141530141766,-0.007470804807759907,-0.008532259278275717,0.007294660993810942,-0.010023511550724982,-0.057829030685082966,-0.02176130972204177,-0.0066282269970573595,0.006600314311011985,-0.05388856169461622,-0.039500734637577126,0.08502908197630944,-0.020048773646902374,-0.0004653559527835309,0.037315482248782395,0.08109077034868481,-0.04581022453241031,0.010011926442840045,-0.139509107671686,0.04738483488817691,0.048737877976433044,0.44124416352175255,0.11656404621973011,0.04896583701350539,-0.051956898121697244,-0.0696832601562884,0.024549346143618377,0.06641357722870656,0.04654770107663677,-0.05894018301881732,-0.03683182109541722,0.05049346722889719,-0.0056749281699482,-0.05375413664040292,-0.024625829920258885,-0.11135739873104483,0.06803320496909403,-0.027408263037316614,0.1465160917343069,-0.021497764245301757,0.0964778404840427,0.034709083223813664,-0.020110484508522115,0.016906815525820868,0.07874223179364907,-0.14590399257434444,-0.004314312536636614,0.01847614382256928,-0.015819389897830112,0.07608401844563549,-0.05909336314164095,0.05633005112825772,-0.10714035327084843,0.0289631892900393,0.11187527006435057,-0.04556831085075052,-0.002341832073150141,-0.05320662750639741,-0.09775531322885804,-0.0848488304162766,-0.008342011790823793,0.0271055957462718,-0.03822410638342841,-0.04643721412200616,-0.04172471427789665,0.0013497314553358025,0.1124087382423427,0.15709402052164564,-0.110278720431232,0.07795800051343695,0.004717110547918824,0.030591571086597304,0.0892882015871477,0.14038454655126392,-0.03067314979670703,-0.1819515693111651,-0.006653557378274027,-0.07474754285216313,0.12916844489691387,0.05633558646915743,-0.04739428887450695,0.007790225504104032,0.1658416024200377,0.00258804998235364,-0.0660130919060195,-0.035620464319127264,0.048702965560986106,-0.029156202550820413,-0.06781960623148757,-0.22843351074936985,0.006940117970830631,-0.02282335523140428,-0.025461221006734307,-0.016307173270600293
sport,-0.10238372665335718,-0.10652190443930556,-0.09368277705599314,0.2931061958197968,0.0396165046569312,0.025969450072845394,-0.01448201907290055,0.07934746034196043,-0.07020630462286953,-0.09922308327444519,0.028665266225499666,0.07111449425064452,-0.02361511908504235,-0.09145291110564048,-0.13965419311459562,0.15413066136793419,0.060958020618940054,-0.18085642929682155,0.029237141353369175,0.010166077530526875,-0.00978342143411754,-0.05656562049091277,0.013101687959327977,0.00981721536454505,0.00945237044696656,0.018915789925039783,0.04509962115826846,0.02008162835089671,-0.016847026804079505,0.03413437976413507,-0.013411365474165687,-0.014011058584240904,-0.014289083285162795,-0.0160356164518353,0.05294810816578594,-0.0337177355950622,0.04482397363896786,-0.0531865660354268,-0.04799021929738282,-0.011222798276078179,-0.004847805441317982,-0.038254554819761546,0.020128921510503474,0.013086262095860186,-0.03535316108540848,-0.0003153453781810839,-0.024115828449906954,-0.03300591004590996,-0.09944827395469368,0.051175469250797696,-0.025036233658393362,0.06584103663409971,-0.10146720114618674,0.0020110068947058464,-0.0556689759128427,0.00098417286858284,-0.011300237932113898,-0.05355123502532566,0.0597370631147399,-0.14701043656165624,-0.004993349991891113,0.08277270265362865,0.19275354559927171,0.0020740083518703623,-0.09733730724085105,0.028578594366173455,-0.15913429245731078,-0.0022021103467029833,-0.017153611618414475,0.05778807135911089,-0.14052261331907978,0.047703229772557344,0.0039615398778423865,-0.02038451389854442,0.05258135580134418,-0.05977165392206082,0.017548434820465288,0.027846147867834094,-0.026335416065802766,0.05697966643760421,-0.017940589834529428,0.03171103604469559,0.04365836724574957,-0.10136574168647716,0.11596828051618928,-0.016649469756536982,-0.08536645789360231,-0.02507787050509252,-0.035240675272744576,0.02946835993585368,0.014593171676356828,-0.007565828876108539,0.022754951431700476,0.2927624873248946,0.10297648172128401,-0.15194067385559218,-0.024046955092545078,-0.018898557277532476,-0.002764335470129631,0.02588180883629053
sport,-0.12789186443754494,-0.10400357775654326,-0.1086878408209358,0.30910190680482524,0.05139128755324203,0.04917681342676064,0.011856166328826192,0.14335592279053264,-0.09085139136297311,-0.13556180609424232,0.02036683914871524,0.07235138692829197,-0.044375707502016574,-0.11017620571821234,-0.15477038495183287,0.21387452641968183,0.10531169176338308,-0.25175600144776183,0.02172216497587165,-0.037414561199935636,0.007237134360931541,-0.01415592124820972,0.07846340297990127,0.0545101959158659,0.03627293638592992,0.04042198457461177,-0.01917034339257494,0.06076078640006068,0.03374003166701441,0.037856242319134495,0.09058421594697513,0.11143099477678609,-0.07129864595866782,-0.1695094927910712,0.4139006033790452,0.027335616400432403,0.05479064149533415,0.047210310947634906,0.08070948381987245,-0.08586835359024707,-0.09302673343641643,0.10399611583494722,0.10530719548220117,-0.05509428411051707,0.038042139943830315,0.0017791227722563966,0.032536845222165434,0.07120780816113048,0.05310216340861915,-0.07190101475856225,-0.0020465091667587433,-0.006973219287930124,0.10863237785090021,0.02011076192296102,-0.0033262879002472906,-0.022194802316293408,0.029576353122612833,0.002813990208440907,-0.0407754393933167,0.03109480362490186,0.04296531302108609,-0.03632829637414262,-0.1475540145624228,0.028953456124377403,0.028977924803547835,-0.01072722894195963,0.04537596744913856,-0.050756991357081324,0.02926068957343938,-0.03660228341278931,0.046727610566354,0.013045744943413378,-0.00128840677745343,-0.010246010312684734,-0.03423828438802251,0.0059358014125457164,0.01421440581354131,0.04801978216261167,0.03687798746046615,-0.03080551877777094,-0.019454079906033473,-0.021036431847360544,0.033621653506043056,0.01594902471900227,-0.039861205605911734,0.01577307743688652,0.03663180935909802,-0.05285852945795047,-0.060295842529423584,-0.0556623148057391,-0.011439348849788667,0.03152321316944274,0.011563614509614328,-0.029204018175608498,-0.07128075893774852,-0.022937866460909378,-0.002359833376820508,0.0025503958717152564,-0.0010052261857345672,-0.012724126276884223
sport,-0.08179454256885552,0.0724771085182213,-0.030408863832934667,-0.03847303320234939,-0.0017159664667357548,0.00014460214987237243,0.00696381258671467,-0.005104946363975799,-0.014487011344938279,-0.01920582496132469,0.00778031083825764,-0.0522782682732246,-0.0072440624423356,-0.0267544824211055,0.014391723048333032,-0.0683800671519582,-0.041453675076198765,0.05414974347439988,-0.01906359480279279,-0.009699294681398882,-0.010034948939039832,0.04948105222280115,-0.1026020815736123,0.060686180417767494,-0.15311612043551706,0.06065055030728885,0.002818784612844916,0.3966897953160442,0.055429286590086314,0.06831969628405277,-0.09052290199248912,-0.04316265731210628,-0.01598150294036386,-0.1196386528228113,0.07435467729056172,-0.14807302544486947,0.006259663851222521,-0.007249246673232062,-0.10209970023322254,0.035326740346316346,0.031415746783662574,-0.06968539223901597,-0.0506959298162275,0.026611704210551895,0.08167107610593093,0.06707867836781727,-0.04663144912798207,-0.0008734414257051454,0.002464214138004718,0.022169025391521786,0.003595803675538487,-0.08795987485407483,0.037657356188143976,-0.07879584830825623,0.037024997926881194,-0.03434370349042623,0.056178004389446146,0.08643789160147815,0.00335483201960946,-0.11059740433693774,-0.009516556520765398,0.058724513633078686,-0.08902766441057669,-0.12744425753081173,-0.0007910831022482592,-0.06020668863497461,-0.02090225485032932,0.1311086213300161,-0.01918557618020784,0.06822151923613325,-0.10184878153538127,-0.09621198895482641,0.015841686970472856,-0.019802100332439874,0.13442412125773734,-0.028942508268760873,0.03362697418104211,0.04363667249045785,0.031410361276939774,-0.1848049067404567,-0.09538921781547574,0.2096389390777861,-0.13215657645358225,0.169253572504839,-0.15959693314618664,0.1578120841884371,0.013670309467697817,-0.07186508656236155,-0.023969885946097107,0.05463771645491438,0.041777935620533245,0.13137433562497813,0.024981546266463876,0.07725523761915269,0.08462853961581138,-0.059497342392654945,0.010725984189937168,0.12088990283206451,0.042735487465790804,0.051094973124319765
sport,-0.12054405445413892,0.06481229535692265,-0.10915348262023568,0.012355609378011893,0.012710231920876716,0.08398930390563504,0.04286052424455525,0.11688794081931486,-0.06805140459371659,-0.11247598231448316,0.06045330937137443,-0.039607562585208034,-0.0013626841629316001,-0.16147431454085764,0.1642191205122399,-0.08225504987024188,-0.08447289851459186,0.1770598468969229,0.06286171222156156,-0.0355711664616002,-0.14528920449654728,-0.03591451567622619,0.03308111494002729,0.02366184360425734,0.08763495960431092,0.00411157669679141,0.00014244911125822757,-0.001622713411556878,-0.03528802088033432,0.06317341280074446,0.08686455642939012,-0.04620307800991112,0.0049383702731196555,0.04522047926005169,-0.04621071085334297,0.03660809319107323,-0.047304390081570766,-0.04308382754820705,-0.006640392787889867,0.02555124904579284,0.018084684447712152,0.04008678268561031,0.07283607234084173,0.05883431068372729,-0.11119433093839444,0.04476294798123475,-0.0014051401861448324,0.07586880154871867,0.06450898969541466,0.01822477367571714,0.010354337228139499,-0.040865365191871464,0.023456873668891744,0.06160332808684718,0.06323602051096561,0.04824552160810911,0.20882615637540902,-0.09801283826191899,0.006663132942873013,0.08586434182862236,0.13509778735363243,0.04745189616060399,0.001402990144495662,0.03429039830782621,-0.1086021967368152,-0.0052042201160412225,-0.13224600739875833,-0.16451116999153842,-0.011744942859708521,0.06461393545877968,0.05680980375939801,0.07610122970234262,-0.1473283508008482,-0.04594087204810267,0.07989560004761159,0.08026075792141651,-0.01937426770889241,-0.14036960986278574,-0.021600640283161957,-0.07268096484703926,-0.08194734530940888,0.060670192498217146,-0.17545547231783826,-0.049149558725731485,-0.062486497740256865,0.01955925924450672,0.02599579567995806,-0.24472704667159456,0.14225506997606951,-0.0896286164214155,-0.042439479819536795,0.10783305228723955,-0.14696100089574166,-0.2103777374569885,0.02199677251675485,-0.04778291708725661,-0.1360364488618362,-0.026218184399400192,0.05543270791951977,-0.0008241680761923507
sport,-0.15646923511679162,0.20752386399618858,0.4524629347902355,0.08773807705502756,0.0065665366309288825,0.05539474930629064,-0.00826169072270768,-0.024002759283955285,0.0199322438610973,0.014074438424332118,0.04363102656870552,-0.04450490423995259,0.000931479376046481,-0.008373344371768248,-0.04358562389599499,-0.006438652916936923,-0.009533093360549567,0.0030730481102466383,0.000837400459539994,0.03307992569522329,0.018009907092980663,0.038141771699171254,0.17437440696663012,-0.2722317148082792,0.11667146686615615,-0.15954799611158832,0.006971861472455727,0.017315490601601344,0.031315014155708636,-0.045752336353144865,-0.000502863051938189,-0.058734731655904815,-0.01805358946798338,-0.004936739677089288,0.03353389762321934,-0.04076605567666146,-0.00026231220704730764,-0.052645240096357876,-0.02452729100449772,0.003488588307127237,0.001779539765946923,0.012677121732258559,-0.009445822312549257,0.05624685688243032,0.0014937874821190022,0.00015406974494392616,0.018293185260537605,-0.06097261386018981,0.026554234753847893,-0.06076036279588471,-0.04130954806616668,-0.07517509999426589,0.04604590138020189,-0.053860798580496354,-0.04355754805807433,-0.023806003535610926,0.022071735144122282,-0.021592619217209393,0.0113924455301365,-0.10511006892594038,0.08530483583608517,0.020010593935901013,-0.013233408947609068,0.03411615978935547,-0.014909745480909732,-0.019143775347903545,0.03256840668198537,0.020060603055956482,0.06668833231799838,-0.06474561161828805,-0.026362280236862316,0.00510937492201393,0.04839528465699096,0.13466356134396804,0.007606345287295125,0.0031066180709408285,-0.04727469293433171,0.004200509334170565,-0.02595843123945888,0.023840829328089612,-0.07261646840273148,-0.08247502367286001,0.020854485668977168,-0.029830501814568113,-0.005880925736420729,-0.015728822855420738,0.09426563819937259,-0.029503199241448803,-0.01211462135310735,0.011428495804260452,0.0061530467092998945,-0.02868539713387789,-0.08743850171134078,0.04048864082816819,0.05888113389929058,-0.0001264332303728283,-0.009670234572882654,-0.03061825070877587,-0.020902537263391863,-0.0380650222964719
sport,-0.09404888157765783,0.02041495526029975,-0.14022608428578587,0.14240298783123503,0.01847394754029208,0.11298538323948833,0.01673580628837656,0.0864741297467301,-0.007793972558401595,-0.09252557144505784,0.024813332979661276,-0.001928602068606869,0.0024103591174068004,0.02875978358602547,-0.028131506895631885,0.039649517785120686,-0.02584926740814881,-0.01378245700836864,-0.025124365054844507,0.048695186719654594,0.043592785897560236,-0.005078373456374756,-0.08056436751178696,-0.01114744977170408,-0.016064170875357154,-0.000301135585353462,0.015143589988887853,-0.039110568663919355,0.036451147049063534,0.014164612662915198,-0.09666639174748635,-0.07054931774934495,-0.02937914437257102,0.017639180779613333,-0.12351036106710014,-0.04665187962021443,0.07914397686591214,0.108339166341708,-0.1268970189448826,0.006037153192087505,0.027536857922996295,0.030161216810916717,-0.09782748936008105,0.059940241626999125,0.10709555718316781,0.09741342585503536,-0.11003721080995402,-0.061554150544304395,-0.016255482523681457,-0.001511971575211086,-0.0014137170040553937,0.10797481303820114,-0.050370422697064696,0.07025558891892913,-0.07302666229143404,-0.028350184786913226,-0.042080221980786266,-0.10203472224047483,-0.06489311753989982,0.08671228859295467,-0.040314995287259264,0.17459394510489068,0.007048574647333497,0.21604893417379104,0.1561500851464575,0.0063413194334111505,0.1364972483379151,0.05610353532355071,0.10616137826730919,0.012062638034613389,0.11209464707220436,-0.08658935943179155,0.00866705504767128,-0.08073432613587533,-0.12571533754335867,-0.03392712971934914,-0.07828210029951553,-0.1584144526176858,0.16606839006803506,-0.0018031502183963896,0.1152280779734605,0.008585604833516128,0.12891105460248783,0.014634927651435203,-0.04425447709042105,0.07790612242889582,0.020154646470958854,-0.05567375611157241,0.0662860308014223,0.14404462598937373,0.2088682857673643,-0.006962355693572426,-0.12410276555242067,-0.07679334272203665,-0.12683825939571158,0.01688303588654644,-0.07659932629744544,-0.03556148726073951,0.04422259946493735,0.0271080075873788
sport,-0.12724878914127652,-0.05891451207272685,-0.10144720584220597,0.32409829046367206,0.12058569381103505,-0.12036168552849437,-0.07990805265341477,0.02654468861014797,-0.046811688450219255,-0.038886253034128515,0.051847680997894004,0.12139538008601294,-0.035151324453329975,-0.048311819555142105,-0.061042572275615825,0.12603486613170517,0.11581391986126863,-0.1486066397084915,0.03750404244859428,0.054797657024565,0.015104506950378285,-0.0790058622648242,-0.05836107753367063,-0.04537073137824537,-0.011624163666987288,-0.007227326354539855,-0.038580653714013216,0.01014632767162272,-0.043214075819474486,0.035461308927452084,-0.09301724360075526,-0.15093656505849257,0.024490651278708513,-0.0639665427066828,-0.188073635652371,-0.0864102717226225,0.024841897756761787,-0.11220380123067236,-0.08827867125881325,0.02316837597946872,0.12849253176312952,0.05809727910480061,-0.03311166737927288,0.08568747514518431,-0.045937240118100686,0.05614021169853677,-0.007241703611067604,-0.017763412283844093,-0.0274860833371848,0.0704083377892812,0.06249479617801929,-0.0052788631276825025,-0.036533527568619335,-0.0865189438037901,-0.0009141046143051338,-0.0180068684455956,0.0427999980241555,-0.00940768475766447,-0.028847162613646633,-0.03583707301475427,0.07433731702501632,0.07260771929117923,0.08040010148745053,0.10757312345860762,-0.05371702439516086,-0.005727098810251141,-0.0025492411547480558,0.06890775238721625,0.021827971890708585,0.00025313888746535216,-0.01882870601087697,0.07583255761241328,-0.015256142767886003,-0.04819650971359268,0.0023938042514181166,-0.07648109230549904,-0.024133294355860015,-0.02074583979510386,0.08889584923126011,0.04505194691667261,0.005929596385587955,-0.03181516071253717,0.03847257503879827,0.014278470620239205,-0.09104974382050397,0.035392852549587336,-0.038214524740128666,-0.15917563791124886,-0.025719119628764196,0.02821097317123883,-0.15548492718184673,0.06815044436074612,0.10307261774307139,0.06857972814473126,-0.056423234187159624,-0.13238301743699027,-0.039580213497583845,-0.025539139602814932,-0.04273374435353831,0.03657469383187002
sport,-0.1519287464442147,0.08996055291067698,-0.2569168861284686,0.0702409351457669,0.04374666555535672,0.1735215545797529,0.06601802245789984,0.1480372577584801,-0.060676451943775675,-0.19374653556859775,0.10298054624708247,-0.12636329718758796,-0.04954300274573431,-0.21256823112912898,0.17162236905419465,-0.06271809317385063,-0.18364981653951473,0.22212752102754663,-0.0005187403390674187,-0.03803587723460235,-0.19257231011849027,-0.11504262745560487,0.005751791892974204,-0.015385132351224415,0.0977948929733516,-0.022117418858044146,0.005273889388395292,-0.10277445797623003,-0.02918659526797351,-0.004353339006422505,-0.0574945382175169,-0.08390736783447257,0.021111223067482855,-0.03296040539879601,-0.004394988128011935,-0.030600016872011044,0.051347748925801774,0.013398709107604743,-0.02991267415428946,-0.044485307102428484,-0.08229595969178205,0.0803558216111404,0.03114930428397704,0.02604783586625025,-0.02414822281501349,0.03739625452041692,-0.004513826940630361,0.011081168821932674,-0.017293823762897637,-0.024632027880968386,0.001719885569771688,0.01472912132597475,-0.045112059320726934,-0.0250290713446285,-0.009978663886809909,0.018636637975497305,-0.017447068467297544,-0.01442500597721717,0.022788163690377877,-0.0074980198137867505,-0.027688440102715938,0.01893708863973656,-0.0021442741842221144,-0.030404713391219695,-0.024233416332251977,0.016971446021617497,0.01405302420411688,-0.00789151351535693,-0.023721491241281825,0.007248946259487842,-0.030832422649584672,0.01840664316510357,-0.05154829483492825,0.019151718774178813,-0.01894807919812844,-0.08012143211186287,0.026892178127225233,0.024565925139134734,-0.016600648149856095,0.006654267194491649,-0.0167884090073433,0.03556183532571606,0.05542536649993925,-0.038348276253613374,0.010073629033162215,-0.05098165984468844,-0.01832071876996317,0.04350536777840736,-0.02759165804610433,0.052115704206242855,-0.027259282950641603,0.048294332948717905,0.008595000409029123,0.036877812233620674,0.0208042582872541,0.012422723109583797,0.05696384566408104,0.015932165557694066,-0.045379265008143065,0.06267545930079815
sport,-0.12020324068026017,0.1786159125352907,0.4327499882254796,0.045735946279762,0.017035829068827862,0.07057370415938784,-0.012434147423813132,-0.08861052801913621,0.0415181151373472,-0.018877827633048003,0.11713020060931148,-0.0896008900674753,-0.11060278847337465,-0.02739311887661171,0.04181873013945765,0.011700033923295893,0.007340252706606751,-0.04042033875013742,-0.004365154263239361,0.008192942918150745,-0.04834785162451479,-0.04036407307029394,-0.10878034705989673,0.15961541906796067,-0.06740663757226882,0.10352619446040516,0.01894272053674415,-0.06539808844249466,0.010854499398813418,0.022845415231530032,0.006805313881735974,-0.0008020972570384163,0.05012660415021262,-0.013389150780528972,0.014546409373499483,0.004139592039481223,-0.07045285404561882,-0.1376761498203383,-0.05312902834872154,-0.028303226845075784,0.03995451294997989,0.02899118562277167,0.061360833125724316,-0.10357581960503107,0.0901066855445335,-0.028000001191695108,-0.07798289981748013,0.013392148809984173,-0.033351603714010684,0.0075443835657106086,0.10191792068426331,0.05622366195998077,-0.08036490480760647,0.09140458944628017,-0.03463514414640147,0.009465135400420916,-0.06084645427599655,0.0020085886597296584,-0.036174763702979895,-0.02361836527265426,0.0023909266813320197,0.046885327271570944,-0.06967751379415317,-0.03460093940094205,0.007057998171593458,0.05913283908240759,0.020297156090763616,-0.09533917557702239,-0.06645956930680397,-0.03160560191493084,-0.014894249992882119,0.025555511881683313,-0.03208693310590999,0.02110462914849842,0.009679946137259364,-0.04646402574521301,0.049815183396972496,0.04360062836537097,0.027175775013229243,0.003254878704110689,0.11860849784525976,0.047191493671083606,0.05513890326607552,0.06733706497302971,-0.02220739780489609,0.0011450409350658543,0.012239644363231949,0.06525223741231745,0.0386648928500182,-0.025411569659864422,0.009313084746089889,-0.010792550503437172,0.04573312776993793,-0.04051697298860919,0.08342551102703549,-0.005886688666257894,-0.010954130123891919,0.017033185387232516,-0.03720437264370299,0.02668646394594305
sport,-0.05829817432976211,0.024540887252692448,-0.0663902052008513,0.002798134104752076,-0.00020606463376160632,0.0404581101933981,-0.003520522251441402,0.019397381405938274,-0.01064156768024916,-0.04530996734897575,0.006221940312777022,-0.0029355381501673648,-0.02255996828252892,0.03203702996826203,-0.02953389489899787,0.017262659839927377,-0.032309021560751765,0.016135394120964,-0.023679634264003924,0.052379366626808185,0.060456449735197745,0.011630724717939469,-0.051208801721275066,-0.07856119200913697,-0.11333193994842758,-0.020355346032725232,0.057402421700898286,-0.06651774005520955,0.036932281006458026,-0.054213127294686504,-0.00036158577876549565,0.01866647624186916,0.017482782859562025,0.015327661438432399,0.008692242996151681,0.03056157502450225,-0.02721502818448487,-0.006914442853331922,-0.07635848795473586,0.029427297396154017,-0.026319326595903254,0.015016646544640458,-0.027813442141796964,-0.013986809744864936,0.10383254925726006,0.0828166648924198,-0.13803000007435762,0.08213209321769213,0.03212285402348145,0.08131894943279508,0.07439380789335653,0.11395638911662959,0.17769082333498837,0.17012179316398668,-0.03886297118991313,-0.0044162406369225495,0.3108350251632102,-0.22741960098983255,0.004856872405922148,0.01581930752703035,-0.07779058891706904,-0.10347112602359995,0.09514072745577047,-0.1885051381672003,-0.008337672538265428,-0.012932847910078336,0.0039006947470367763,0.10758557267851798,-0.13217565815671856,0.13305023053779824,-0.017474144876186818,-0.210165535389354,0.141374829827958,0.09245949539120361,-0.14285964307023152,0.16787540316593497,0.20645755374244076,-0.0970978656315306,-0.14437132067989944,0.325231624433897,0.01306105857403231,0.019598380024572776,0.10481954477143324,0.1327718221169884,-0.0776963938004767,0.03745465814018967,0.15394858021696597,-0.008383286176393112,0.003947883938537883,-0.06177586677341634,-0.13372972620522902,0.0786306463550774,0.0024869751996119045,0.01404736070641323,-0.09164687514977038,0.09559806333141692,-0.004110289884058821,-0.002980922886208521,0.0339340635315811,-0.017472416542260547
sport,-0.06882745813001956,0.03977893799455358,-0.14062990188024652,-0.05614216376467862,-0.04127291906983243,0.02843603251186063,-0.033342972852044406,-0.040620294970068666,-0.028833099032805624,-0.0013224889997344362,0.03238651074241179,-0.0931854715250408,-0.0793568254967432,0.05139589599958024,-0.10977819546183461,0.04138478966405972,-0.07062064225304376,0.08752745434908393,-0.05324465236246399,0.12422375696302253,0.13651800480469986,0.002601570478947449,-0.1567247833058339,-0.1421669364648773,-0.23184181333368475,-0.08023037126013922,0.10687837769495077,-0.14822943329811833,0.07425638527209699,-0.08610527185523942,-0.1049532937501646,-0.04707332677970769,0.16027627437468586,-0.09103599273223852,0.09044955594795191,0.08045290770099636,0.08226445892675853,-0.02199090837972707,0.15615152768921256,-0.006117107625629998,-0.11292406204568223,-0.0010398585502432154,0.1159466496013319,0.023587919065156882,-0.03669706217587698,-0.11729950074305046,0.07111334945878908,0.07102896141637671,0.05484585736071608,-0.059355764806554974,0.17635458594557807,-0.0824648972381426,-0.1594776059566071,-0.042207780948194384,0.24199176335977243,-0.06125986013150759,0.08071500052245027,-0.026566215272699752,-0.053625365005087265,0.11700906496231277,0.01876722693999464,0.12551081031353217,0.04417393375689189,-0.035390110021172934,0.03826724194393997,-0.009292232954856277,-0.1585080079551834,0.04440985719090284,-0.05075770471483983,-0.06500997039993488,-0.04815751783347224,0.0478452877450764,0.04103202103664394,0.03620590655883062,0.011572384743562045,0.09668500235612809,-0.057484680844950696,-0.05284304253792805,-0.032468531824333464,-0.034668597890297075,0.04673266691395737,-0.029368708250877187,0.03259941348726349,-0.11868110315178547,-0.10547589670504312,0.08950430495012797,-0.037319227545271054,-0.01783900510775781,-0.016559190170835895,-0.02658420792526424,0.01775019345872885,-0.04888701297177536,0.04932460009158583,0.0197952366911933,0.07492285828276815,-0.019841507503611633,-0.06798436695962147,0.03597974240762788,0.0470985203071629,-0.05343169393574089
sport,-0.05662414905112919,0.008752648584735016,0.02098296308078417,0.0005885170873367873,-0.027664094476657297,-0.01313639004490665,-0.022781084699793945,0.020021695604595578,-0.005763525985767251,0.012943425024646635,-0.02100370409602162,0.059503504461746834,0.04017796800468943,-0.023206240754529667,-0.018257927649015675,0.0027607268784906784,0.026263026035714968,-0.025727566059154754,-0.0008675552077165921,0.015753011991173033,0.005382618282428933,0.015467735112151432,-0.060536220232756795,0.0008068617034985136,-0.027291603398758246,0.0014619964928041973,0.03576236909668296,0.024302715030285353,0.048472767351592845,0.03451452688664715,0.036220639085587376,0.007916646067909247,-0.052949286119186624,0.03037705336226112,0.05071685630057803,0.0009138981306478575,0.056917679812256344,-0.019781891740114844,0.02009854278497366,0.06572931794782948,-0.05505996386346216,0.07589378252931969,-0.0883312128097521,0.048963842523451616,-0.020353763297931357,0.11659228786159906,0.00032458550973401537,-0.12703506614613813,0.05588168288699142,0.22082574896488555,0.11504076988425767,0.05085276622040241,0.2667356225190229,-0.0216368744898897,-0.01983606882181762,0.13342286781854698,-0.09183358129992328,0.10027232379424629,0.11674472647896683,0.339144485930022,0.02276199256563669,-0.15975560538060857,0.3595642550657878,-0.1125950949786237,0.013099280481341633,0.11562967019861564,-0.06373175841733249,0.10480627925126001,0.2620778424274933,-0.0028664820927599994,0.19716006829661353,0.015391533347236948,0.006428912939056327,0.14974944620669428,0.11367736248726298,-0.01571175182443414,0.11406373956273316,0.068371112644554,-0.05409599491296361,-0.10033631953232093,0.2508026345707839,0.052222042722104296,0.04169409199061276,-0.10732233657770075,-0.03749978506110856,0.031719107858610984,-0.04623003791253826,-0.016317368135558622,-0.011870930961183053,-0.08300651566306734,0.06038111114318082,-0.042071203617204275,0.026275487201081967,-0.061953244885430164,0.024031762565151313,-0.09105967842343397,-0.016855964557628396,0.022389466833574206,-0.014022889248723707,0.013597847605252558
sport,-0.0912351515725239,0.0734354992380998,-0.06491291474082161,-0.07678839719413728,0.010270660612419795,-0.07010470076431087,-0.0038635333057114403,-0.0005455880280011544,-0.024941250026743217,0.028751429697048133,-0.036275382735075086,0.06652235618380214,0.04152797502175674,-0.04786001113571681,0.1384473332516087,-0.10060897941529993,0.083205117081342,-0.05144782885156753,0.054653331162253356,0.06126711224763045,0.02765344908158487,-0.017971699345273744,-0.11359592340784168,-0.017581178276794843,-0.016163828299877957,-0.10416980298509695,-0.10056938619566332,0.006728789254212155,-0.12457515295730158,0.03934899764059479,0.04662473399080605,-0.2601518328731061,0.08649291795855876,-0.15975492067580796,0.20714334476045726,-0.06748230083701738,0.10784308766296012,-0.06075786765091017,-0.07001822531824393,-0.14730950086692335,0.40216299983689546,-0.07512274533326598,-0.2694488985110727,-0.04084412443381297,-0.18138836652780826,-0.08725998052758728,0.015841312061022114,0.027481341884911897,0.07541341526875094,-0.019043680810312817,-0.0803064999801329,0.01266799984814399,-0.03224022387426724,0.04434099617344425,0.006667470346781825,0.06161594550055208,0.026575690959060597,-0.0232157969062664,0.03999223267591336,0.02742341256130971,-0.031979436690879263,-0.0659747390273203,-0.08565261590939202,-0.05895869856219471,-0.02914639973746042,0.014415004505243011,0.06794830708577468,0.03747474761185637,0.060765580291866066,0.08017603672471457,-0.033484417284634645,0.027383653542141194,0.02301001687329769,-0.025683904456362823,-0.06497437818088309,0.05391212379567128,0.014870812378653564,0.013229973275008293,-0.004786929202653986,0.00960997706434232,0.0543888571850499,-0.061988267267279074,0.008961677358573235,-0.0448824790787785,-0.02228027088258875,-0.034109944175473236,-0.042374526526989316,0.0011844505383137474,0.04166318155827725,-0.0030611246770479335,0.014000431780632244,-0.0890584694430618,-0.009637006891801315,-0.0396146769347463,0.03155302279713115,0.018621525967284336,-0.0054792262055527365,0.0579875298366916,-0.001911102438210055,-0.02298361344471306
sport,-0.13871580276772535,0.19640146858727744,-0.06397151198100624,-0.024072528233575616,0.029565175560844842,0.012956921812218953,0.0007960465619195887,0.01465911102437962,0.013522549897399127,-0.003640307191188394,-0.030967801258054876,0.01722590848968365,0.029550896200473804,-0.048366708848080205,0.014132286526148475,-0.03843560115506406,-0.03138939345401039,0.05736865831438976,0.0098691749321628,-0.008823368694588541,0.007858475261454622,0.03167230356751608,0.025865142778256474,-0.06822180319835541,-0.06411233769643566,-0.027694987407184502,-0.0896064752791966,0.07619060359957001,-0.18669847762125874,-0.06304286572774324,-0.03623731356733262,0.48136661101251615,0.0422582622774054,-0.1648977821928176,-0.143412755120586,-0.12911574692042962,0.1292512349245196,0.011029412394523899,-0.08842994620702654,-0.11146116087758096,-0.00031943190535993113,0.02532006350048043,-0.04115890754109339,-0.00783550508435969,0.05712262310606358,-0.03215711376671933,0.059652605793929794,0.032132253188691486,0.11922178987468708,0.0842744969649542,0.001510345600782183,0.028859605186416795,-0.010673309148439001,-0.02340107842124483,-0.143432939459311,-0.022273036309229898,0.02231760112521273,0.04082932264459272,0.02344604816826899,-0.05184560990604157,-0.07232506459973448,-0.05337782186150845,-0.05650779267418518,0.003185898297188241,0.053529473632328205,0.023166069724304888,-0.07139998033231916,0.050506951119628565,-0.010447512613432365,0.06741881745168939,-0.0031804221319895218,0.039556568734688415,-0.023351270617299236,-0.09536751889627045,0.016298452245658127,0.025069397431407476,-0.018679162823594483,-0.10574421781749617,-0.03812864112297968,-0.01942916844252259,-0.015979879299393065,-0.06824724987811895,0.0896988880433906,-0.05683073915391047,-0.09606494954430585,0.022307084421006318,-0.02593179115102507,0.025203850496756577,0.007251998634288866,-0.009283134130293533,0.02398116890915196,-0.05946396889178477,0.014200310165736684,0.027425286970285147,0.06035385012720405,0.06846775058338908,0.049575227384293374,0.1017835744291368,-0.007897020680984952,0.012140895186669436
sport,-0.12786552920288166,0.18642078089381614,-0.02962999705871117,-0.07417584458409723,0.03210122160972757,-0.0860131240707596,0.017252420790856003,0.03848813773919061,-0.00457164909982322,0.06891556902773117,-0.11363343006058332,0.16352118080782924,0.11777757469035459,-0.0919139627287436,0.2259868261237005,-0.18002541617394516,0.16153334650324638,-0.15693092185252097,-0.009794382079919646,-0.017142060498036727,-0.11624908323775077,-0.043665789577581875,0.10973423103469557,-0.037174492306974484,0.0360038448307366,0.07598628336250406,0.24746198170688943,-0.009126232122328267,0.3138143397404372,-0.2203497099843378,-0.10816836412650542,0.11349102092703121,0.06044285854948842,-0.049216440192645976,-0.09346793853787604,0.0012033848166013658,0.06968325898025703,0.04312489019444601,0.010376212605030655,-0.07300779404848258,0.00623741020674629,0.03368528057017093,-0.011073926648657646,-0.0008313077347902421,0.019632173557266996,-0.00798738311774305,0.043383521496293175,0.035449440105391486,-0.0270398498533558,-0.0004982787593890533,-0.012361783972914273,-0.04172622061476387,-0.014516391214612479,-0.04673878703275065,-0.043018135866948394,0.010246305738990106,0.022163770451622617,-0.009221867109528022,0.04601460155418707,-0.053664166738057024,-0.015346532885402187,0.02072411584445447,-0.006099038956370207,0.003097735600706398,-0.0053606719902622455,0.03613665878544801,0.016084873014982726,0.02713900944275211,0.020051422676953905,-0.05401545047590168,0.002301196112341616,-0.00552408200028356,0.01243243703626331,0.012310927278409671,0.005026476596324868,-0.07286465101619345,-0.02112605015445746,0.04207119437691322,0.010849002154983156,-0.04356015444331761,-0.00474112212150512,-0.020935976622193198,0.11953868714696167,-0.03340778721351233,-0.03806926834106774,-0.05877805033685037,0.010782274145886474,-0.03277119456819113,-0.012701049097964547,-0.0598457314120346,-0.039512654810281295,-0.050244160502265434,0.013351354483188397,-0.002233442187393477,-0.002677838414346104,0.07686049283797976,-0.03876248051304199,0.07270719535514066,0.04717339061004188,0.03529984604631672
sport,-0.01126857578435932,-0.14042100751863365,0.03511127517144423,-0.049472262354015514,-0.18144848590031887,-0.04927855906948845,-0.05180999768199425,-0.05723718223780791,-0.08566935342407692,-0.04064139394001955,-0.18297479661272048,-0.0876973500746533,-0.040683279017856656,-0.06634018462088763,-0.001372511113450897,0.01556094027306521,0.10907133517581141,-0.0077540698461961545,0.06750618227427645,-0.03077210314050127,-0.018466652915958157,0.01002114698480804,-0.07210316262968615,0.034012003565195376,0.1358739223533305,-0.06315626330461453,-0.018727092268171392,-0.055170253130358234,0.005009268082479589,-0.11760056579256306,-0.08070511784555827,0.0779952935960065,0.04170637397590162,0.007205204348474667,0.07226393659395892,-0.1502628708844938,-0.2695955659811472,-0.07385779876921358,0.14698915430070486,-0.1035411112763918,-0.014123616784489946,-0.08599382977188441,0.05635433126428189,0.24184461853992983,-0.0012829323585624767,0.13196002451643205,-0.05799320997827906,0.05197682294740733,0.03149211833921161,0.07553736486894026,0.02478734868898109,-0.05510323084143995,-0.11988026648723221,-0.024722814281600065,-0.01580603330812181,-0.05070632010353481,-0.11115485282275647,-0.1969017450814346,0.12871490389678034,0.08623505952819582,-0.056476021965271676,-0.0226701920560199,-0.07326991385986438,-0.013286417274275887,0.03755290614810927,-0.015913719207842594,-0.08165880418763684,0.06437717478951538,-0.03141154218501011,-0.062301598845219415,-0.01583240259984789,0.03336931450575471,0.010884798217912774,0.1043892490560403,0.049872436121578184,0.010499246899074362,-0.031013883122228008,0.01575898752126851,0.0004241639241603206,-0.0967834593187875,0.0979321292042541,-0.08010388658761887,0.01007100705183959,0.14888411758397235,-0.030575356786543464,-0.02288862305270907,0.003015761034723236,0.08848856589436804,0.024676703918551805,0.11622082412863623,-0.07695364714804956,0.03710877158066021,-0.043734156809212874,-0.00249744191603977,-0.06374581630503166,0.037781181849411725,-0.06695549719420706,0.04284479909938119,0.12099256114260423,0.0032052362945304363
sport,-0.10263466916966896,0.021936414549599343,-0.05113954415384076,0.07802805238673088,0.02944175719789518,0.08553438944259528,0.062252436806171894,0.1182084694976689,-0.013903410214103596,-0.07978803039554529,-0.060695776755853706,0.023847579491581256,0.06093605634380798,-0.04706227924742353,0.05750664294635872,-0.06019434322668777,0.0012346414976041335,0.05680346443777428,-0.07805572209547623,-0.06359771737026369,0.2949123286809665,0.3240294524716121,0.08505553478422774,0.19706477526248328,0.09167388944524912,0.023736615521734273,0.014622046290771703,-0.05438227934449742,-0.003161894911441967,-0.04766375239568262,0.011336563780463976,-0.02663381876581235,0.026771392697850907,-0.00838173700724216,-0.000462377507036437,-0.01992524157579925,0.006969714109214838,0.0554347149534608,-0.0243002604917195,-0.03732784465502662,0.05148122641483968,0.03388164966858893,-0.02315585535180844,-0.003268511182388239,0.022373398323465982,0.053505432712808235,-0.0669806837765796,-0.07133170242171437,-0.03840298365228236,-0.0285436040823342,-0.034185565572312664,-0.11285558441499391,-0.04133564518786066,0.019113121989147348,-0.019940219377271404,0.005096208672866352,-0.050113574360645084,-0.09840040096522934,-0.13842089170003818,-0.021958086257082277,-0.026736831876062662,-0.028526248469727306,-0.054282310944615865,-0.05639275649599165,0.08696625961140607,-0.113074974651162,0.005342935869132623,0.041109115311213924,-0.009671674619578435,-0.002030521885849992,-0.07340401046635689,0.04300129408656791,-0.041981380019929335,0.12395619847062993,-0.03782708574618297,0.05584101872876813,-0.056340276662537256,-0.034680700708496694,0.010402719832610988,-0.0827167915758297,0.11886785291308462,-0.04999040583853951,0.0739170717612654,-0.05325016667881436,-0.15486095694022037,-0.06842910704183172,0.098647024253688,-0.05538268328103959,0.007937901739382372,-0.05885466262184369,0.05266298370872066,0.02497897241387947,0.11466473161006165,0.027503629538022576,0.08818765541271012,-0.0032495884454458793,0.043700415850644575,-0.04650191371924848,0.051235768870370124,0.032925431153422086
sport,-0.11486558132332511,0.13792747324808666,-0.22239521891311304,-0.004179290842775303,0.022188931184089586,0.10388430574651959,0.02376565711789632,0.06999080880172476,-0.0075597299929857096,-0.11206556482680911,0.07585839926493715,-0.14845306950221804,-0.0444653571213797,-0.07177525119611745,0.035716549209838126,-0.07156529024963196,-0.1391079821586306,0.19978778861029725,-0.03492910905130391,0.021279294833352135,-0.004521482115579605,-0.04608335496936177,0.009628490840285676,-0.1018422439444005,-0.016732959891005407,-0.05003596669238985,-0.01156008691286978,-0.013053696271518072,-0.00825102497488798,-0.029615332925474493,-0.06461173752127691,-0.10165370064631518,0.04203968242104359,-0.04361701353542384,-0.054676152341272766,0.07141164331555415,0.06845990548139697,-0.0004777388009170041,0.12897763481630276,-0.16390040216823995,-0.09546480218446386,-0.05043431996340052,0.12093006495108488,-0.02571229827341204,-0.03971132624267238,-0.08431942911684585,0.014290682755110447,-0.0025690022363355166,-0.029091997816431174,-0.028398424576045696,0.06505819463372403,-0.00026818958959879183,0.06561616503131729,0.0809446922900904,-0.060246247668786855,-0.02462903734539356,-0.08524770847481214,0.018018217855087997,0.06889756194283206,0.02778408221219043,-0.03144505850585109,0.012562588537433018,0.058970486593446864,0.05906662050476806,0.07467134760383681,-0.035464818463504376,0.07302579023471763,0.05258392995358552,0.01958365288987224,0.0017456411205802314,-0.0768131876636197,-0.038619160538119396,0.09435656278354608,0.07565145650007785,-0.1099152131977012,-0.0881347793681489,0.004198131813355164,0.03934054017253049,0.09122202465826358,0.02761206645973316,-0.02302482620292745,0.0613584676747956,0.08458601936039065,0.017392447593858044,0.04109694660828668,-0.05993025900095623,-0.02964968545208266,0.024985185150395748,-0.08417035457576512,-0.020718976804101872,-0.043209064610570835,0.06459626486515152,-0.12082490435887479,-0.0006468855590002265,-0.04177477066674471,-0.041215301228389865,0.16115455192019917,0.13620186597591116,-0.07830923130247747,0.16261106589610497
sport,-0.057203913688329354,0.08430941767694275,-0.09972099655856569,-0.04698462590474363,0.007699281897910986,0.007837751678341305,-0.04139638400483008,-0.03359194979783902,-0.0046819260285960295,0.00914756269213253,0.07526100887036391,0.0284701611931497,-0.04644162627268179,0.018870736274592105,-0.049560731757849995,0.09394378482611514,-0.018477574561031565,-0.016265979110877325,-0.020481900860182086,0.06414480519951461,0.033101211689522424,-0.0520171696089955,-0.09037832433375219,-0.01631998626451591,-3.3913579951911e-05,-0.021455357137798406,0.0384797829161301,-0.14468755953894907,0.11510075474532222,-0.043186640920188604,0.07133276444679454,-0.07331940459914243,-0.09839369120318713,0.046461631064694996,-0.014356957609365107,-0.03663812328112009,0.022011177791154832,-0.12133432477237581,-0.08415365137146506,0.11152022608486227,0.02991518936066595,0.07738308986894028,-0.1450217743448129,0.11855452255754219,0.17138157944169022,0.16478203791798005,-0.011964444915842594,-0.0357945349500057,-0.03642725223375611,-0.031983879632814925,0.0947544185155987,-0.08171559612375426,0.11323646189203526,0.04510075748295285,-0.0686155650228573,0.004651489075129454,0.1892145227760989,-0.06581971483781868,0.026545699515667164,-0.030108945136663543,0.11943357762776713,-0.1294505784366182,-0.028567407869312632,0.062430071534739305,-0.07400660965841233,-0.021759760842384214,-0.028933865327758695,-0.0846169779790633,0.01767986859200297,0.03333633587034122,0.06682276159744686,-0.014973586408422232,0.1232927925896883,-0.09567038370587744,0.12071745124502158,0.018680085070732863,-0.006488076286750402,0.0817768134719385,0.0002023729815643722,-0.08686547832240014,-0.12297365123527507,-0.15761882814810238,0.032236557092016345,-0.03527731195428318,0.0198639864502897,-0.09532336694409489,-0.0808178930519024,0.18411728704928407,-0.025241773153525257,0.1968656572861853,0.04383064194244059,0.04366045451884934,0.05257785370515023,-0.12182673403896942,0.09704968294228508,-0.1417232005165932,0.130252773607949,0.04216414505645345,0.06984485226486328,0.09238736452216981
sport,-0.1794571043867003,0.302982173415694,-0.23303476990405683,-0.19367917070478002,0.10686948804877176,-0.13776387927170675,0.017861870147312185,-0.07641031747385975,0.05253058990374822,0.14682450741551864,-0.05170071309930103,0.0714773803302909,0.039927530501380114,-0.01652242700744581,0.10128525075506745,-0.002480025516852226,0.15415588823580575,-0.2070484578958329,-0.021416257822258842,-0.053289865164350386,-0.11339958995569817,-0.05531060022222379,0.1586338200038093,0.057914379325192736,0.11363916409384363,0.0826268931381336,0.20689870321028858,-0.08134086903547662,0.2741394648093618,-0.15105479008761136,-0.06951233666067871,-0.01352954493492531,0.052312598271237645,-0.019446856579320555,-0.03974361297032583,0.08756743900490416,-0.0060123569712299055,0.0355646840384899,-0.00363698645896556,-0.009399084191304854,0.028454900938624936,0.015572114530437074,-0.009471038446791931,-0.04273805652750636,-0.011933327286727718,-0.03693742663525476,-0.02045675114921357,-0.002760730640152438,-0.05427680122372517,-0.003385485143331093,-0.011330713181833664,-0.03640574816268276,-0.03944714510505488,-0.048513325942282616,-0.0007259239352914033,0.0012558514869256798,-0.029457325998868064,-0.002662677030070893,0.05133275920970855,-0.01960502913373084,-0.029061862877021824,-0.026156644338220018,-0.05067511957490459,0.0013397795123644975,-0.009276579576537984,-0.02581715050349771,0.050495314033384135,-0.040664498148689936,-0.003462263508013864,0.027814768006013277,0.0253862092162363,0.026461093921981,-0.03168363327230402,-0.04051164543220925,-0.033177127413852585,0.04150177642046214,0.05317703212020478,-0.021583942157722108,-0.011558015465631078,0.02515598196924972,-0.0037785591261967726,0.033399775898059,-0.027644580752867517,9.949725924018608e-05,-0.0632430200365305,-0.013003626123662407,-0.016227799207942397,-0.024621522999206433,0.011140056973369353,-0.02787818439419998,0.011876547582941396,0.019070044688226342,-0.048650428781697355,-0.01566451299386603,0.00904480347226245,-0.013204753876209816,-0.014606025585857784,-0.030446806351464236,0.04390422988393461,-0.01861105051609664
sport,-0.07505761065690995,0.013146746997706432,-0.1225332139847208,0.004671774409212253,-0.017133768280623306,0.0901904461644342,-0.03339046526508173,0.014132307868476612,-0.016889285118606767,-0.023309198454694185,0.06076355855329791,-0.04193520922205566,-0.059750630404813716,0.012191677241746985,-0.035451469618441894,0.03755015023880292,-0.0789501762440568,0.052097197296462595,-0.023265305392210077,0.10079811811183464,0.07922121426791756,-0.011658709051403768,-0.1689149996943008,-0.08454587397652591,-0.14831021919712772,-0.07115993869105959,0.08712516247760722,-0.08967541548480318,0.10237058291894795,-0.08022365567495258,0.017792728134015036,0.10293895330271499,-0.09266891025505496,0.16687664532995292,0.005489915076956769,0.02956606768008572,-0.0757227735512669,0.030904870019786805,-0.026670598626428177,-0.0466301593572863,0.10268515623643126,0.15627329377412322,-0.10487602389547139,-0.006495443614621282,-0.007222394287512055,0.19303780576415716,-0.12756636873028798,0.016979672754799852,-0.07109120261184583,-0.10891950124615417,-0.041874766718182764,0.04611492159685021,-0.05282423121942626,-0.11087018958867649,0.06436288032011785,-0.04079488405105552,0.0516542231627932,0.023772088150076594,0.07726363651784991,-0.014987516621237993,0.031211799877331626,-0.1456909478016508,-0.16155628168283367,-0.0771911307712039,0.02910413517385479,-0.037649497986182626,-0.1323934289148142,0.015766104480294422,0.019365620226002703,-0.028681108744629192,-0.03176008833134674,0.020030125172240534,0.06059713990433647,0.00776809689436355,-0.13956171074583368,-0.11356286628907923,-0.028283104488016627,-0.06011315000006302,-0.027382003334345234,0.002598593416710405,0.038358073592006076,0.10770917583071594,0.11516111360224637,0.0005083147337669668,0.09720426466678066,-0.04032689923283346,-0.13762476807259136,-0.02160002417879632,-0.042654765814868614,0.03381911307103277,-0.007976031659352201,-0.10588009614550016,-0.0794406304336079,0.1748403798748001,-0.03256295892005528,-0.05462893610557986,0.03232079441280749,-0.023851997840520448,-0.08221268627820753,-0.1733732206544587
sport,-0.13939717846756516,0.18637901869541984,-0.09047014882497656,-0.05523121855056471,0.037179062232841086,-0.04250982974167441,0.01714857763278221,0.08257544406074874,0.0003588327720009341,0.01405800608345218,-0.1249925362594888,0.19090012118516084,0.13024668482896673,-0.015557689356780046,0.27097008055267036,-0.20651370096930968,0.18709136505946147,-0.16115161900542072,0.003017510235204137,0.05975721960857309,0.07812517631004032,-0.045025836467015,-0.04688455857793181,-0.16689789189971704,-0.17022890499730073,-0.0354803083117281,-0.21048680298079975,-0.12544766322810214,-0.28363094105587294,0.19138899926791988,-0.015112775585250857,-0.003550025790410346,-0.01450779249202581,0.10611068495952614,0.08988304416296779,-0.00900371364103247,-0.0986801858875984,0.08168548726562577,0.06598133309461066,0.12081632697221363,-0.15635353178384712,0.0182064403039218,0.09492256420967135,-0.058906134519632544,0.09249207145783844,0.06700163996717017,0.017184235906574877,-0.021934286311313236,-0.08443397581097674,0.0037954734822389395,0.05917348482494293,-0.10633463167787657,-0.058769907149342285,-0.05034012718375628,-0.028510648980428908,-0.020913268846917007,0.002522850515588426,0.0023298218468808802,0.08385022299307411,-0.08823634162767062,0.018255050445905887,0.036368852861813426,0.005473660442583584,-0.010728756280673036,-0.014193894542971633,-0.031086425985148065,0.05291250995327705,0.0044813799233320096,-0.05905817669523811,0.01060876328846047,0.03517937522491791,-0.04370205917810257,-0.007760125635310135,-0.013188732015267914,-0.05678059007355271,-0.009862034959239763,-0.010493689732680406,-0.0028338771492034836,-0.07352748497049456,-0.02605331439857331,0.043922914226988394,-0.03299640161427601,0.003396536286382276,-0.00336761341687112,-0.039093791746876605,-0.011500455290387913,-0.06867204577046647,-0.0011797833995873233,0.04123326584028431,0.0015231902022997074,0.011326378543577991,-0.033957752676480324,0.0037389143392533367,-0.03104599922344198,-0.026851809022757602,-0.006442668954289331,-0.0313425558941889,-0.03210603311140448,0.013976209372887042,-0.046717825638753985
sport,-0.09115338481956502,0.09773738704504936,0.13091076933205464,0.0452244989747409,-0.028582165041246013,-0.01343826471527773,-0.0150102332763043,0.03444921621962491,-0.028140142723037893,-5.8988843813649865e-05,-0.1444761840668896,0.1808607656771016,0.17599318958418197,0.027280028183120687,-0.1702652888294077,0.01572274155557645,-0.11045120700266042,0.06900774489467046,0.016454669677638013,-0.07787868134692336,-0.020860304937888905,-0.03430490841154332,-0.02733653894278252,0.021762997706299435,-0.0019537092296282037,0.03267810834300249,0.023755684265408913,-0.018319458570970552,-0.014543060357368647,-0.009830984637463892,-0.01551771133428957,-0.01877537965917264,0.002412954265768768,0.022199040196299716,-0.03835477024214718,-0.0031515658936832054,-0.00011764435738774509,-0.045451049792044285,0.00828889119793204,-0.021736305117104015,-0.006827790484423075,-0.01065609493448144,-0.008154062822595143,0.005153740210862532,-0.005957039390288177,-0.055910070948112726,-0.04978316057943948,-0.01098214863572564,0.07334988119310833,-0.02833670518235741,-0.022943573129537875,0.010666952654646842,-0.018582466200308834,0.07949221011081997,0.044411631889864675,-0.05235065388164754,0.049103305926308245,-0.026009893981830456,-0.023794915929387945,-0.03646051364109773,-0.009619116809074334,0.021047093414172217,-0.07484601853402599,-0.011476039970426321,0.06423051673234315,0.12010649159524583,0.061734889909479486,-0.05042223449607982,-0.004696774163364611,-0.03353346596795068,-0.07321260486286132,-0.019259889897374025,0.17887462914032426,0.06533343913787898,0.048774437861006714,0.13851145135554732,-0.24106518392273713,-0.25032609261399047,-0.010941514584334,-0.0764811811731677,0.12952735425605927,0.10179158397313498,0.04042472847740422,-0.06755036044630926,0.1894684113922851,-0.01881004054569146,-0.08280634595586767,0.023364111103716508,0.18182972911936143,-0.10501851902653817,0.260747067290388,0.09469423311686621,0.051411961953288815,0.1258388086590688,-0.1441964133760453,-0.07578602776667431,-0.04005228069090024,-0.13242577807654612,0.08405061486914729,0.10604119345172086
sport,-0.09097066341062938,0.15117319697394796,0.29399619088457835,0.014701415447720134,-0.002567502979860379,0.00011229942146180251,-0.013641659781132602,-0.01878909012329378,-0.00045489557410595746,0.04939930939552797,0.05578505490128182,-0.0335190430812341,0.005626207033233823,-0.03657268007092632,0.047081154332151036,0.02248071263845495,0.019792228883079216,-0.02164369870268663,0.026555257384310787,0.0028396198960101687,0.006994298491089684,-0.05866205608293053,-0.10100242947681466,0.16024994256728767,-0.044982462543712964,0.04749749242723206,-0.01840520968293346,-0.03840757813731453,0.026291338911899678,0.013412837011010486,0.07148603998975445,0.028652260869930744,-0.1683311188302124,0.05296259147436393,-0.043311247507075594,-0.05801322751394686,0.11334218480081366,0.035660731211763295,-0.08095334519363233,0.06038480843388007,-0.10764275087164357,0.030363628706451925,0.05644506807568834,0.2869577040763954,-0.1574528922477518,-0.15809070457903207,-0.13057982912812707,-0.206715768987741,0.18397033147398895,-0.23442362435214947,0.031711382024154036,-0.06013384472370648,0.023063985726263992,0.07133140667691287,0.01660903681924483,0.13216562535968363,-0.008088176580496953,-0.02680745435644719,0.10959860561688645,-0.07085424465228134,0.05686397042776531,-0.05568941134075289,-0.010665034542434894,0.02043517869119242,-0.0541469557250508,-0.07406334584758544,-0.004481133460438243,0.13246577384794067,-0.03925301924217859,-0.001256674373197059,-0.013605477575902629,0.02662937996145132,0.08924404660903562,0.015179552701223597,0.008413562986324369,-0.01640907508728245,-0.03324340802165996,-0.018977362736616602,0.02556528876179345,0.04104870068209432,-0.004491051479491564,-0.06605002736255536,0.005612563848155605,-0.04268436459126209,-0.008911086068603297,0.03427853985176872,0.05112768317985862,0.01347938976412293,-0.0456059726744035,-0.05585110459104707,-0.011904878922254869,0.011864904187302322,-0.019643276407986243,-0.01313360675916603,-0.03878252580301414,-0.0013093938327726556,0.019865370461703065,-0.027851296143105143,-0.025561718782257714,-0.04765713006020843
sport,-0.1183642103845446,-0.07264507868206688,-0.1180908722652336,0.2561551152102544,0.05263790275708251,0.003404223079314897,-0.04855518072550031,0.098940231732424,-0.1264494188155369,-0.11367629900329868,0.08834946858192362,0.13690194120949978,-0.12852998956384096,-0.03450953708155151,-0.10086577914372878,0.17188218733294827,0.05599377353379701,-0.14412050337207677,0.03007772682247084,-0.04913945359803718,0.03255245904412492,-0.004327177714577762,0.009729564620758272,-0.05262541194338728,-0.0390183748653391,-0.001920900121996828,0.0032290661656899375,0.027670418880609643,-0.004649705704250823,-0.007471285597824928,-0.06717846612259676,0.10211116964565863,-0.04677023157582194,0.08430417331920669,-0.044827945869834664,0.037958362819872415,-0.07585196940303339,-0.08823080264477785,0.0015701301448796928,0.04725009283817865,0.009780106430532535,-0.08673305123684497,-0.019782189744929707,-0.09366550363833513,-0.028283063759201282,-0.09439134920430521,0.050037477518690976,0.08406177895230801,0.11672843248423805,-0.05112138694466305,-0.06827436873553516,-0.09532060470866763,-0.04267309662906956,0.03665598610203736,-0.049249135093092214,0.10324693288005059,0.045910381306141126,0.07239860171450381,0.0770138706390381,-0.06166522061098485,-0.10325894983927383,0.044492746831898744,0.1254511090731647,-0.0434419504417194,0.04203630401515197,-0.02173297598385019,0.04231885685057663,0.00034300867709966047,0.0011987260202436683,0.030927647987064974,-0.11868925948284903,-0.05970239203970742,-0.015105837698715287,0.06410858250579825,0.06348244357372713,-0.01726612735406776,-0.0477206958332486,-0.007231522958233632,0.01507972280634443,0.025051642604726112,0.05172712910869062,0.028163323501659624,-0.06320177817132194,-0.05557082528338768,-0.04056247174417307,-0.05191190454968903,0.04877615585091248,0.07383428310139284,0.14144168291018444,-0.04745571044856509,0.014516662592158853,0.026791492655653733,-0.03802875665029021,-0.09720714685538329,-0.012415751580832165,0.11357033625680238,0.06741722362172675,0.06584678095017742,0.06518494057239486,0.02369830179870997
sport,-0.041250514620677144,0.05836887805251761,0.23249854697984276,0.023576518234541776,0.002313910787603989,0.09467564610258497,0.035551393151218184,-0.04859475756901864,0.044491047582827785,-0.03597378656562799,0.05414374986668801,-0.117779068448497,-0.09737345554923049,-0.015877989247109682,0.000688584066761729,-0.011827686447967839,0.001867393654699422,-0.03836908944727427,0.01346475946373819,0.029992131741592754,0.004561810705963748,-0.042862659510861156,-0.06495280135234717,0.15933252600910203,-0.06130258617425729,0.13735968864624698,-0.011006426587322024,-0.09151646700867722,-0.06295964297038796,-0.004877322361954385,-0.12486350355171157,-0.005621504292556258,0.053161630329461154,0.01657002812386226,0.007680508715451427,-0.054325748028519145,-0.015402624421055422,0.015027552156497006,0.1181217829953593,-0.022350662710196558,0.05396842704175873,-0.023100012811024282,-0.017982145716036544,-0.07986087736378696,0.001079306824547125,0.028242464101035397,0.15147204592108396,0.12946788522769917,-0.06274848812601143,0.005199345221087099,0.006305585758794953,-0.02722839266580897,-0.018824396058822915,-0.025633331931635476,-0.11829194234322303,-0.024948773827933677,0.0003757534621816794,-0.0005349287370534123,0.006774309351584421,-0.0645919157546758,0.06923239682740652,-0.07999461526423174,-0.010020756504319847,-0.008564371632163474,-0.026226126176525817,0.1374601603453516,0.06573393946754363,-0.07735752006532479,0.1065172653357328,0.073635790621928,-0.030483084667242717,-0.0096344787581215,0.020388564329132254,0.10330074446907395,-0.014907865401217087,-0.013203512166171029,-0.07119548323520147,0.07761409663262517,-0.2749972232827402,0.021304928634722994,0.008846464109113035,0.014425610752174597,-0.03306913887317557,-0.12198978877974156,0.017449488141184206,0.098268168165765,0.14624085241368281,-0.17101845668386964,0.08951268178527735,0.17250646888764154,0.09454280149153693,-0.05631928064527999,-0.1314626580940666,-0.0034010231785110184,0.09534142676308548,-0.13225098279754818,-0.00870012036267354,0.030824170462687792,0.06816604764315834,0.08437199895972958
sport,-0.08761262591433693,0.09630998037347548,0.15524774337451766,0.03872837908775195,-0.055863029981113206,-0.04336788129966598,-0.017706235059606484,0.040828500396221434,-0.047229306947298766,-0.007004511124423135,-0.22302188730217237,0.30567651820195424,0.3223476740328206,0.02678230371722605,-0.3246305953969839,0.017978628666971287,-0.23218948860523161,0.17598997594549493,0.012016468404417682,-0.09756126465633254,-0.08073544370802038,-0.07784456637485342,-0.056558938868249836,0.010066157397511237,0.043101778557522084,0.05853798248627514,-0.020551161369831594,-0.05651756455506056,-0.010303682991709735,-0.02582249381146168,-0.040082869598374996,-0.03031855257998874,0.05800432492950331,0.021921869219420163,0.009597847792629365,0.03216722121335876,0.009096990444571745,0.023754209642535197,0.016538141813230312,-0.039213746762076326,0.05796086600054277,-0.03868616126370018,0.020019624373035554,-0.05136731583366171,0.016786663643556517,0.050628025874028405,-0.007532638980782118,0.021982559303052908,-0.07614864863281785,0.00028106726652284207,-0.0012997752613609673,-0.04499816416047978,-0.03569902523137877,0.010733202672548542,-0.013363893238766788,0.042736143833144905,0.007040402629341309,0.010137150476147272,0.046974633529410975,-0.03558495366359065,0.030550839554406666,0.012675742619561265,-0.030345878245115192,0.003943294030195948,0.004810640297063903,-0.04877827116076938,0.027597258169882306,0.007327247545174554,-0.007658224046517879,-0.0060543558639667636,-0.018846853381633624,-0.01020073610567927,-0.007357893918119188,0.04697826790379707,-0.013354042762515892,-0.02237522209777746,-0.010778854873555307,0.062049384001100875,0.08177054559479549,0.03835234835098127,-0.04244124211107486,-0.0017666883799517428,-0.00900016337081523,0.009294883611512242,-0.0023704238435997256,-0.04095130619895279,0.02306611223636751,0.000980932896243345,-0.0006437674780452963,-0.02150272303346559,-0.03335337105146751,-0.004823638771036004,0.01578335120843762,-0.020802302715668426,0.0296856856038457,-0.0024583218099763866,-0.003540170588349778,0.04860714464133086,-0.009389500679561683,-0.024494402810198945
sport,-0.09323520523462041,0.07023068651169638,-0.11082158682650277,0.0654743420347573,0.02360674400458614,0.06340798240216586,0.017444122750007986,0.07409855631712796,0.03300178976941542,-0.07092250061929277,-0.0959795238862092,0.014022762631573205,0.07059445977042031,-0.003655035040614383,0.05493309202163432,-0.11810441732158924,-0.019054250429753616,0.102932806965224,-0.10763699580254106,-0.05485206086422414,0.445024601900003,0.4504417444966065,0.13072639433663596,0.23679863855220257,0.09308167920132232,0.022858751965215238,0.019939886524201356,-0.13645576923220842,0.02588702349717947,-0.002729097515136423,-0.07388363865370226,-0.015066768534139473,-0.05169325340175474,-0.08804083866726978,0.01680851926898844,-0.031182359527256544,-0.029317060731653292,-0.09483931946533534,-0.018186734718847297,0.060447255091025054,-0.01313641926003145,0.04417295033897515,0.009755081835914935,-0.010295286364357451,-0.047527859479766954,0.019290950317670207,0.043514824613759946,0.05365515136900946,0.022902063926007483,-0.0010642932939336,0.003210551572292771,0.06656634025514485,-0.03840200627048743,-0.03145607089573264,0.004409986061156307,-0.007208110019367762,0.025129515389570894,0.11216245905256766,0.09038935103182635,-0.018378231237551567,0.003305352675425204,0.056249123042531254,0.04602414371946922,0.02945213846673669,-0.048320813594416034,0.054719653716419014,0.01544600251049163,-0.020036776096033524,-0.014168076008486864,-0.009400790837150686,0.02528943070866339,-0.040834063795824195,0.05798309027876164,-0.07096115778663677,-0.006759453930622915,-0.02349552984285946,0.012731575578317408,0.021213614148532838,0.01753909085756496,0.02710486799337871,-0.049180188770887576,0.051197367741571465,-0.049171808115166867,0.004455110403797426,0.05476785523898442,0.02908787430290935,-0.05325703868263823,0.03587646788482492,-0.009880181412810598,-0.006003677665759879,-0.03887215370977684,-0.036002259923473924,-0.05220759428847486,-0.013382624470945173,-0.03932071522807718,-0.02766086965514842,-0.002429956563736654,-0.008560478579442978,-0.011102852806966492,-0.02159121041316853
sport,-0.07628122095464385,0.07004029802440023,0.07957068359549002,0.017888519627111205,-0.045960868995784825,-0.01831459473999482,-0.019022301899049247,0.022894253399261495,-0.027199117148421464,-0.005009552589640603,-0.13029724680959093,0.17157295680241078,0.15924340738372586,0.03714429452793033,-0.16612866116718622,0.0005410134505804041,-0.12491304798860593,0.09168470404231696,-0.008869934502699179,-0.0013025991035541683,-0.06106924127247872,-0.018765471581302765,0.01607962227549089,-0.002465324815555142,-0.0002348841519461607,0.020371669402953305,-0.042753283733594744,0.014270400710071292,-0.003486811404786809,0.0372693291605901,-0.024044582144520085,0.019149469916935422,0.02416917719952571,0.017576343687804297,-0.00742520970440392,0.02698353506929878,0.005590506810768565,0.041697365393577226,-0.015515712031568778,0.002603147145259286,0.055067007106772176,0.04129127821605752,0.01783589786026495,-0.022155121931389722,0.014540145014160948,-0.016839386491120923,-0.03508019529438253,0.025289404341544627,0.017952592111354138,0.06750731089775007,-0.06938824974433552,0.027783563135732294,0.0682901360859729,0.091770643707996,-0.006587478127705845,-0.056716754107003504,0.03313060916752421,-0.08570407352216808,-0.1260942854087463,-0.05499316670362673,-0.1903370474033305,0.020721146529550535,-0.011298206582976889,-0.11223475081660106,0.00037299378977983437,0.16526347455442508,0.002007285495748137,-0.07237142132356184,-0.16551661694135533,-0.00045597773150810093,-0.08619976268631163,-0.2684178771348868,0.18617035797647213,-0.13378558510706107,0.0878772381263651,0.05052363776271427,0.004145778823211116,0.1482388541506181,0.07137806168177602,-0.03334846611699607,0.12255643878452814,-0.21755981715562855,-0.02390439717116286,-0.17788868968052204,0.0016194906097219814,0.05602721725297544,-0.14281427777020328,-0.2927331995506075,-0.20691209535963262,0.07058468727701266,-0.0024216881626311494,-0.026917933067703993,-0.07159857788644168,-0.10828196090510929,0.17361978788020827,-0.023488892933403897,-0.013486727862705118,-0.03962129401163014,-0.009105105318479974,0.007773870692486708
sport,-0.10120903517887937,0.12902323433042168,-0.1576346864588785,-0.057890932565619446,-0.004963577668083013,0.017997314021788276,-0.03141438141342933,-0.038317009613581275,0.01911546821750677,0.02281218534660628,-0.0038417995479990094,-0.04413649677134067,-0.03401224437113705,0.0430634627970102,-0.08802301572310063,0.059206200380890056,-0.03262355926093399,0.02326095557707705,-0.003355698566365343,0.042908638992960595,0.00872813310883643,0.013143767094533331,-0.06604317103796532,-0.038580763316505014,-0.03848928011765926,-0.025158107797281587,-0.000915115312661779,-0.024476294809858253,-0.000729619896676937,-0.011526306326398028,0.004919510533811769,0.0730109203330781,0.02603150418400796,-0.0072814129754428854,-0.028672425129825815,0.02975351899143597,-0.09606128018094938,0.0188631918973243,0.0509452961595859,-0.018101419830578863,-0.03462768071351759,-0.04963415917998798,0.04323567916251369,-0.010108819777742958,-0.11927266410675433,-0.19135061991055471,-0.06034296482752466,0.07494076129956244,0.10471969270463942,0.06915010853141665,-0.11497934744374282,-0.01625450307588492,0.11560918187450563,0.048167916912816126,-0.10909378331849771,0.013650341207818203,0.06494395058256051,-0.0545617701373021,-0.1490011178222269,-0.051082701506775026,-0.20639722437543212,0.10757209525100243,0.01225795379542254,-0.09160177156848154,-0.1017793256825353,-0.062152621158610824,-0.011980406972069287,0.12859874813251893,-0.037226059774817924,-0.10037347729240526,0.0866114184209335,-0.07823226538774114,-0.12560327783416717,-0.14538542487112063,0.06967434220098638,-0.09352489462649563,0.06751683908290673,0.14062404364601674,-0.10678034290891827,-0.10159311418038246,-0.1233637634469014,0.091315480931134,0.12130090566957956,0.10456057053249367,-0.02444498825519521,-0.0021531774027945235,0.01197657007129803,0.05532179604322317,0.058697415049037915,0.07936398605046083,0.032660550993492354,-0.08360813890757589,0.07119463457925627,0.026577380342055753,-0.0352153871691151,-0.18284157163969056,-0.09053172700408188,-0.13722941220566284,0.005892672663776664,0.10822148401010355
sport,-0.05757905575466852,0.0030133975186078014,-0.0941558429558534,0.07915194644269365,0.009982335698018515,0.10363384258931471,0.0660097225952919,0.07540249188398981,-0.02337332195500238,-0.09656951371707768,-0.027120772654222042,0.003323704872192201,0.04509051640847963,-0.014251635007545489,0.06768484287942421,-0.06470707103275236,-0.02096549287950538,0.04090743862550815,-0.09905916423761407,-0.02602091204787344,0.332534626882388,0.3002060493267351,0.039564832543672344,0.17986563217001506,0.08815271021256277,0.023989064214301394,0.014013063052791342,-0.08042206999730209,0.010394859651404204,-0.011473323098824147,0.015911283972188738,-0.0476502749058408,0.03488826000941328,0.02319909801885285,0.0021299391422620402,0.0025219328321596807,0.015933715027323655,0.037407723282482916,-0.04358272563384688,0.013619221509913116,0.03409737551108997,-0.044373709511892366,-0.03527890649218564,-0.03479981973677825,0.06997334995406798,0.012741113820608156,-0.07701826496371494,-0.11229299772797532,-0.13386957930271517,-0.02470289472150105,0.0006776330916231963,-0.09959723826152232,0.034516114961049706,0.002440332877135753,0.028020236260662777,0.0632308415353145,-0.07857011551832625,-0.07458351805726403,-0.13919856930461066,-0.01244681028708178,-0.027570020958540623,-0.061735614181212255,-0.05286151372750662,-0.03358443296463201,-0.024330930082160883,-0.10018766241889406,-0.046368436296503314,0.014452442892231965,0.06054947057802719,0.015558471997299546,-0.057269050734152685,0.05816110986117496,-0.08271470391806068,0.06506762258479308,0.00130395653755358,-0.02277685819255504,0.03535863747107824,0.04246926029375933,-0.04937018676040743,-0.0340939949061426,0.0545266733845033,-0.060128441260885394,0.07498537341866399,-0.0032597241134687456,-0.07586230466685696,-0.07863168002724626,0.1281515029315322,-0.11271231021697184,0.008139917853639352,-0.03430929996210518,0.11197308995381866,0.08705275076376813,0.06276544879918476,0.028949416593921414,0.09794564057456756,0.0729524170992964,-0.05336986910776342,0.008699818163653698,-0.12354011229779494,-0.024637643961488456
sport,-0.16656261417498008,0.23468422315983822,0.44986157176808145,0.08250727869001562,0.02318166187701604,0.08125431469134613,0.00594500360859386,-0.032606239515244925,0.039425294659363584,0.005631640045361642,0.07890528168853263,-0.08576296780696646,-0.07236682732438014,0.007775870378815806,0.05481991855638603,0.005669779579535959,0.03634264911158001,-0.04927000807912217,-0.0011125055717343141,0.00013754904395950928,-0.0010698253499139723,-0.014401644951560337,-0.023582528092728733,0.07307294928444179,-0.024360449029524087,0.04808262833991667,-0.0284357341453939,-0.051966111611093845,-0.05261416123994385,0.026792836704952236,-0.06505429906216213,0.019406829680887992,0.02604455109908174,-0.0460233714840747,-0.039606824017802994,0.05358125902051508,-0.03654171121881613,-0.04719687288535781,0.025271678511865465,-0.05123801814126324,-0.013120977909070436,0.05228226865384054,0.0006567502083909445,-0.12144459758534784,0.048652068818179045,0.06518986934572589,0.0061894749403855085,0.025304607729151284,-0.055540354733459724,0.0901996721819523,-0.012191403331604941,0.004595473621188753,-0.0009937402363598199,-0.07121609996011023,-0.017677068213740113,0.008639814872375398,-0.008935809543698004,-0.02237097139833668,-0.04991552209826206,0.03840114483133185,-0.051306810275018495,0.010888793316415018,-0.009141576614937148,-0.02306447122540364,-0.0026267401851975433,-0.057082563456267034,0.003259842900223643,-0.016020835564139305,0.013914642604684314,-0.03650301610660024,0.0038254321536878846,0.03799549224430229,-0.0374467019018805,0.0831471792797766,0.031286252649922346,0.04538530539154285,-0.003146522725137347,0.014730195280591227,0.1450310152927675,-0.018235099870175044,-0.1005350909496606,0.0546203349909339,0.09405331262249943,-0.05138828226476186,0.01796320690004558,-0.013153964144757333,0.08948220165496928,-0.052960624416637785,0.10793044912183436,0.009600252783931023,-0.07116481973412929,-0.048752350565897204,-0.04501375854501647,0.04217931167313735,0.030329965150700428,0.0484765244271925,0.06179184270740255,-0.03549374107902599,0.04123315493328424,0.014997703621528758
sport,-0.13440412492760728,0.17997422603510316,-0.057868632484548155,-0.07587633766688576,0.03555250169500606,-0.07712693939649984,-0.011547420694942526,0.03980723017780256,-0.005675421938991738,0.026470815636225952,-0.07834177404785851,0.15986445820985892,0.11227890743198103,-0.03227409578738392,0.17848647885762692,-0.1400873057521377,0.1439608530186206,-0.10488324862947614,0.0005773054950511814,0.04396984945488007,0.05776362387023472,-0.013041562322231835,-0.031387091822363974,-0.1072699971338791,-0.11021536972802845,-0.03275231020395713,-0.15180210068132702,-0.06168276992455887,-0.1479088705327248,0.07442780420770201,0.006522412402809941,-0.017172825232813015,-0.059985241246870435,0.058030739073807694,0.013439806008191436,0.003450469489350428,-0.07009166367013026,-0.02323699049932596,0.04466378157455033,-0.00845676670028766,-0.030197780837897082,-0.0029528311324326425,0.0032042556636395947,-0.04175954089991162,-0.050999900517092724,-0.03811343559765484,-0.01586372519660985,-0.03190571347796566,0.026202428289390137,-0.005285188405519062,-0.012677072068054374,0.10149576312074476,0.05889115280038199,-0.007307641335785396,0.0006941699591614816,-0.026531032745557192,0.0007850707936310473,-0.02432244392560927,-0.14752235999785251,0.07115187056406574,0.013804544408693185,-0.12212067330720028,0.044342045105351974,0.10940569288097135,0.015752856407293483,-0.06019191667971168,-0.01629213588723858,-0.03738001522332486,0.056108613172084,-0.027055486847074206,-0.12483498007369898,0.06038424805855257,0.056255928599173936,-0.013334884075582486,0.02570730358011725,0.05543904698811513,0.11864724723240518,-0.14137550581082584,0.11721376823085866,0.07080769407328338,-0.026351974670935172,0.08933529291332755,-0.1491428350661404,0.04158547264214786,-0.010643532173688389,0.08088781075306761,0.11834881907424806,0.02330312485472403,-0.12211640992023781,0.07356435076319415,0.0030088166605846465,0.1947243251894448,-0.09792504545927411,0.1963304497528446,0.08887733168610187,-0.09769357635027737,0.04735955932395854,0.12924964590948904,-0.004825311113957012,0.030721588457204307
sport,-0.09825350293094703,0.08310900678721861,-0.1599308518538445,0.024321011262203658,0.02589558961292235,0.12938327610017367,0.05640893332910388,0.07851318953274553,-0.06484456578877848,-0.1648078232940086,0.09927245901480844,-0.08462497377457348,-0.001548931600123562,-0.16130921879518018,0.1380213866675751,-0.10323789645024611,-0.12671760955025943,0.20080358060456,0.020537979923543385,-0.03611399801592147,-0.15321436905261132,-0.04095145699116268,0.06088632407529834,-0.01427033340669415,0.11537544512807263,0.09253230517214339,0.07286017255352181,0.0549068901346944,-0.0878086031140753,0.003823542867233917,0.054739324355842084,0.022252641014912256,0.052675083608688625,0.017369043322878412,-0.04938606074575846,-0.04886791165448189,0.03680078355425645,-0.00012655679088408552,-0.10242398817725375,0.017004190087845893,0.015136562022936523,0.1558047310989887,-0.024344504849308,-0.007642645165274971,0.0341044668072519,-0.003588122940617244,0.07379584319483778,0.07665236129864955,0.0686272850660747,0.015583121952289995,0.03163212542778379,0.1058497448451078,-0.05446159727313706,0.044290667057787676,-0.06745568411752557,-0.08379709140520401,0.04658975060719126,-0.05632698652570872,0.11192821415573012,-0.014595370117927305,-0.041168855887416464,-0.0099964067451985,0.012832448320886324,-0.06536621496520223,-0.02532142649718782,0.025876640948449443,0.00656436127234488,0.06115000791919534,0.033998226664660625,-0.05501451482315952,-0.02849158454341115,0.02794827924105404,-0.055974110801804956,-0.029693480222089532,0.02438291705142982,-0.049998346967777184,-0.05402472116235278,0.10170813077271296,-0.04497566135075576,0.03184803619616878,0.05480137030523003,-0.12804807690074607,0.021749355771892357,0.05732497226687062,-0.09493141252345448,0.02788961295419179,0.01755369048061162,0.046575258653397025,-0.004979265327419432,0.011547680445216426,0.054288043833285844,-0.05880322358481056,0.08086940461989837,0.12630259592077261,-0.050720996689866384,0.057381540609308467,0.024809343713675446,-0.00852930380894317,0.021109214182136665,-0.2081877417614177
sport,-0.09830226656465578,0.10182974331971245,-0.07986543535722061,-0.08889585192983855,0.0001872576381979073,-0.07053702130258178,-0.028574692990794723,-0.010384211280043326,-0.03819309025692855,0.024247585271701982,-0.017854294155756824,0.07414658509244773,0.025269319519022757,-0.025603340129874134,0.09724841541109772,-0.09107391959676615,0.07533071731735129,-0.04203164225530042,0.0009980824804713079,0.11670172092917726,0.03995066310566033,-0.04104186515561619,-0.17413969736299123,-0.05147064290179322,-0.1265919297976503,-0.09897767131889669,-0.07313447142275065,-0.031816169826387616,-0.06149825941904532,-0.03593890781375811,0.0408521007366896,-0.22204167514535805,0.12661847270563606,-0.20298308911208396,0.21806902247937665,-0.08304755697830464,0.08949375039860609,-0.09725978822296298,-0.07913198877495038,-0.17019749588604519,0.330633949088324,-0.10622781057030765,-0.21940879269331479,0.0039953855020056165,-0.14921033773476008,-0.11975943685730657,0.01265531333375614,-0.010666963087321209,0.046507831531187906,0.0021040601009752143,-0.07059114412702255,-0.004017169723753601,-0.09206712529378085,0.04887195362850954,-0.03922185657404323,0.047129378632794657,-0.029335860779129325,0.007510036440907567,0.04273575326724981,-0.007221324263292582,-0.010231972067013114,-0.051690987410744085,-0.02553572837698786,-0.012043510658554597,0.0027291444391495524,0.05607897563949225,-0.0028763586244994034,-0.028470012837246757,-0.0077115280490398655,-0.011470167181416873,0.06064634741938701,0.013433843053541243,0.004037488419616445,0.0033755932792455495,0.0016605197084508523,0.04322239510836307,0.045913960706650776,-0.036549842810193,-0.01674783221543842,-0.011541306760273599,-0.04742989428732654,0.026593969109853385,0.019850846382075314,0.04612673941236648,-0.06939964939336225,-0.027855118336475897,-0.020376928800691814,0.051587834274333666,0.03449718211887309,-0.014799188667610293,-0.04618722011548352,-0.04746742375168617,0.013974622532056172,-0.0160633619957274,-0.05324496171795926,0.00579130117499346,-0.012131154838332771,-0.1248369513420561,0.010453312104087405,-0.05745101558401199
sport,-0.15286336318582563,0.29462309922583335,-0.26998217696635,-0.18942748272302806,0.09705427750770404,-0.09374151755132552,-0.00838035566775401,-0.1312118040817968,0.07742300674918991,0.11867202892816404,0.04496124212364252,-0.09543529936395011,-0.08820002181744031,0.059105382113486475,-0.13926316692883062,0.1496006530560029,0.00032266367034477453,-0.007768773939799696,0.03767756086641248,-0.04976068549573096,-0.019960946723737955,0.008730469375287642,0.09445724548662375,0.049212140622630234,0.08021986274448535,-0.06228618893735321,-0.12948113317850413,-0.03794272145880843,-0.22029833477586705,-0.08987186542366649,0.02155761325990435,0.30363700787756437,0.058954767246641476,-0.1186421516710839,-0.06788499684120179,-0.04520572007843583,0.13000324404993593,0.0016621446261970737,-0.07309626108346874,-0.027876874857018133,0.03253392143695721,-0.06480909157268892,-0.037241846885002934,-0.0031936724568488715,0.07240513788955556,0.03016245107334901,0.000611492517047097,-0.039160591385773484,-0.044663616276733153,0.004452879700389483,0.11952760138918178,-0.008279721891234066,-0.02686887951238218,0.012983098781758724,0.051104516444011615,0.04468281200596671,-0.026264007456332384,0.007021872146434571,0.01038885424620803,0.009742227520773954,0.07227883114618507,-0.024895116843704063,0.011983479946148446,0.014017113422539489,-0.032053653411785794,-0.022306769639850448,0.018317348716784726,-0.02230791180619338,0.003334650244257644,-0.022624864450549263,0.014604971080703235,0.03349414704802137,-0.0025158236413863793,0.03960412865541253,-0.018051594846563553,0.009990098705978893,-0.0042021362936190175,0.05100112549908228,0.03518163873855214,0.05064657611829179,0.020352833805782802,0.026967891112299188,-0.05634303802518605,-0.013500264167173476,0.05055624089192925,-0.034360991927568044,-0.006727091063049676,-0.035553711647331815,-0.012496581038473387,0.003874831865874053,-0.016478197812711523,0.021227760810873096,-0.02384019572246237,-0.022909409523637098,-0.0414994723712342,-0.07569350809293647,-0.03614138929196709,-0.07581164263533777,0.015450562992571611,-0.009263671456539462
sport,-0.027559102213849447,0.03011490591067255,-0.10410214896477979,-0.05835418294222027,-0.02015869593333983,0.02632050744405224,-0.016535116473348627,-0.05456847656913136,0.0015904886797310836,-0.0093978937938409,0.07520223795346179,-0.06645639207604534,-0.004425598019425901,0.043232947949426746,-0.06763971939211116,-0.006697119086046876,-0.04500924103418345,0.018616647849475587,-0.040019939096885324,0.07358444579052255,0.09672648780106306,-0.047882993421464286,-0.10089394877213408,-0.10170706664224438,-0.11679355297542736,-0.019180039958404487,0.059410844088147625,-0.08991209120191196,0.06539180725220035,-0.08923463798188601,-0.01665152011874877,0.00010447543245010352,-0.07511017886227415,0.04692580693545459,0.046091687748058684,0.01883085794712873,-0.04194485465636343,0.0434884965313847,-0.04534635337640725,0.01814562082546444,0.002660043130417653,0.15808389393998687,-0.04305663572774662,0.01708631599924859,0.019227270554625326,0.08877764232023395,-0.13116172944229568,0.07716053178170693,-0.04658220096447166,-0.09403972514280258,0.10260485246925113,0.1311429735663333,0.05541940560624704,-0.11708655561100584,0.021766032815286333,-0.1636940619211242,0.035453822772436604,0.12345976877081102,-0.042240836969202084,-0.02274801001104357,0.1204121615510489,-0.13619940111302362,-0.039970860293992196,-0.09556389160396725,-0.11615405224559272,-0.09057908095797221,0.1098042208637815,0.11446620106901163,0.12676652177853232,0.15714160594891624,-0.17810156870908753,-0.025112779671792127,-0.16969449325839595,-0.045990993908162706,0.11542162314192587,0.10994963634228908,0.003103993475259696,0.11336813349020157,0.20266472346230693,-0.099323384613203,0.11344755580160933,-0.0962618111993834,-0.21948147048952418,0.07317977686146329,0.005931453828278338,-0.10999876153170002,-0.04278918023311284,-0.037318898320714,0.0936612636664759,-0.03681002675672838,-0.00444986617432314,-0.06945823039777972,-0.058548457445904936,0.07889689614876877,-0.06120911888050292,0.12972260960744794,-0.05500378676493241,0.009663367427653918,0.044846553908494444,0.0384543919965579
sport,-0.13648039410134552,0.18263434147544916,0.32723595832217883,0.055214283965281837,0.012142960747484392,0.0621711319943533,0.00923294156222631,-0.03563279886157451,0.018434853203685576,0.009467350468942141,0.08395480762256492,-0.09802873948539394,-0.06231343766513237,-0.026644446663850702,0.01981999284822082,0.01059579399846682,-0.01528401346983492,-0.00891906460540749,-0.0005677784453433036,0.004017100510812432,0.01646225376286942,-0.0012082652136337485,-0.039109028809449504,0.030532459341843995,-0.007838297452049812,0.015393611753127426,-0.03187474005615453,0.060301727440630885,0.039278614914208795,0.04136465193549335,0.007902748452508873,0.027721064740093393,-0.017458969387412523,-0.01767333832128287,0.02376279995060505,0.017714834217871664,0.011862701579509131,0.0329561848877365,0.006262415731033571,0.042287328396867815,-0.0005757082353755559,0.09800390522280589,0.02197126394387431,0.006525626173164818,0.009820919067643468,-0.012301827847182792,0.04087203547712341,-0.05635026780018615,-0.015659002605135888,-0.04969023537478925,0.03234692603771977,0.00871693327620666,-0.08302567669773116,0.1289534475290387,-0.022215877428707245,0.04425511891923235,-0.015774860509149932,-0.008671552467437895,-0.022044514904999715,0.08371546036751103,-0.15728198555358738,-0.05361172856191352,0.015338083031662023,0.014813274878848292,-0.004058565272752411,-0.046403159528730885,0.03299332198293902,0.13373402393547398,0.013392101933088747,0.012202073661448126,0.013771671861103122,-0.07343233591904842,-0.1657426965839507,-0.1166726627107489,0.027174477682704777,0.11561213682084175,-0.03127813125133743,0.06606200890969714,-0.15102085925769834,-0.0892520567294408,-0.08605141014835811,-0.010525807531770117,-0.12269836314462589,0.07368146081019988,0.036211975946371114,0.002014961531348772,-0.15947530690050882,-0.03780732098506756,-0.018347732749519004,-0.20092853115063647,-0.007162812246551331,-0.034955989769736844,-0.15312574439063317,0.2477133321924678,-0.07607945729702513,0.023293357489233498,0.11550844244208415,-0.004900350112425665,-0.050457880927939826,0.15681541774450633
sport,-0.0865348735570265,-0.06035264788343424,-0.07996372725873345,0.23224846298454535,0.10890299742056436,-0.04637610661136737,-0.013302798562487563,0.05995787424296532,-0.0008851606740441889,-0.06225115244876967,-0.002712130613858517,0.06601172474445038,0.0095052613822367,-0.03311873763008999,-0.11576402632355166,0.15473382546479375,0.06503598365104933,-0.15504128726056918,-0.0020298350855408017,-0.003063748413956519,0.04554150264099639,-0.034285429097101645,0.1233215997779097,-0.026883662979632496,-0.06157304844771664,0.06849623617451638,-0.052328371839282115,0.05066932369269801,-0.0819053682341992,0.0417918878529828,-0.07382389228539595,-0.23109905921967938,0.16267497422329413,-0.04037425114353208,-0.38293936906971787,0.04144615464702246,-0.05186179842138671,0.009295405081532785,-0.06990792924812128,-0.03758971808333751,0.07657616269871735,0.06007045213549472,0.16334073724835477,0.1401795677272169,-0.03468053876762076,0.007331870412794322,0.05154202659795007,0.03681945320973173,-0.010630628358969335,0.017707317579416668,0.08605849315001325,0.04710003149541204,0.032292787891001616,-0.013504264053063042,0.10713396858632972,-0.023819984338047592,-0.09653622395006602,0.10908714943809154,0.04477561937236003,0.042815798037755794,-0.018003534021845135,-0.13653673613184392,-0.17900953317222282,-0.11668019344935963,-0.026587180277083972,-0.0526739755653683,-0.034928966046694564,-0.03204699871531948,-0.0305475474496869,-0.05904494883359471,0.0875381233218165,-0.012348187374106473,0.040023564729807906,-0.012868172514963805,-0.02897657137133014,0.09429784024217124,0.009164887075683043,0.0075178689822856274,-0.11778249935246743,-0.019141237429266388,-0.0259430658984661,-0.0004673418462546586,-0.025104441472248124,0.04467644902469963,0.022456161673789134,-0.030141990350895254,0.034738609738469275,0.05307482213022868,0.018656903952503662,-0.07242311931073397,0.0489334198121732,-0.03777281431374488,0.018848164103214972,-0.053216976181171126,-0.00747709007664743,0.009812849087050015,-0.03300790818611865,0.015974355799797394,0.006858069848983999,0.0271382196978354
sport,-0.10796698181254231,0.13431683767792535,-0.028219558253233686,-0.057915588051514665,0.021816821939783404,-0.05419739568742398,0.0018328759758053945,0.028009330212754004,-0.019428558368044604,0.01219676117248891,-0.06850919477786442,0.13295661694853814,0.08178413300373365,-0.05111278431903232,0.16536558683046448,-0.12576065914537465,0.08518191627707343,-0.06487149920571944,-0.021318265097796926,0.019852897178173307,-0.008616475999179569,0.0002655358728102374,-0.017062404821784283,-0.035067694441796124,-0.07269621461290922,0.01627848843757335,-0.046511100439541146,-0.010915156721415048,-0.07088029317011178,0.010060548411766457,-0.004927283761275571,-0.03042105761450199,0.023577549766020008,-0.041038306670920795,-0.012528497923163361,-0.013550814441672415,-0.003940647303504315,0.03311912146805208,-0.028224580689842203,-0.03172900488882236,-0.042116978563166776,-0.004482357567620523,-0.04062154486539646,-0.010745687295074182,-0.01769022534080473,0.026562087226759446,0.00361506767484193,0.046222878975791665,0.10160510357060029,0.0009377800154658749,-0.050243801539277134,0.050111486642472725,0.12812921005659977,0.01928935843459868,0.02507587972672794,0.02034002402622639,0.07657715801258412,0.009852574718353614,-0.076034606260201,0.13388860605010833,-0.039294070490813446,0.052475794682848756,0.0312068866986361,-0.00679479351666334,0.067764945586034,0.03353652335685286,-0.2624087274987064,0.16021791482464864,0.011779756731065492,-0.09236507034677946,-0.1225693838172173,-0.022403421565344347,-0.06840567299850082,0.1265922461090441,0.16550941997559068,-0.008764770223605346,-0.22626530470096382,0.12146647165336374,0.2093243770012515,0.08865317065939929,-0.10011330054367418,0.04932892046653332,0.018656759846511557,-0.027856213125331028,0.2804138355107529,-0.1204113825064846,0.26116699495189666,0.026348722797978442,-0.16282489093695737,0.05093093124881958,-0.037451857086665624,-0.11066722383682853,0.023632866980621153,-0.05629833705961507,0.005494490895777093,0.10144224684896307,-0.08021070856633782,-0.015603970894178646,0.058557812175256685,0.07124289686884412
sport,-0.12830656090092324,0.22643145310829846,-0.2515553223633165,-0.16861751012623308,0.06361466867274826,-0.06666443730519771,-0.02791361702392283,-0.11477330113640205,0.05335979074685945,0.11154315064212877,0.07565846167242331,-0.05254900734225429,-0.1019961904905751,0.05271344847063184,-0.14956484329702052,0.13305626582889588,-0.021231121680257516,-0.029286980164125377,0.0014939726845603551,-0.00393027185960325,-0.017965014119660797,-0.030587434430640662,-0.006953147029876911,0.0319590898598986,0.11629158124416097,-0.010531933460395503,0.020082594055110318,-0.16001802740154228,0.10585069488293988,0.06590792752403127,0.03892237533836057,-0.17330289050913603,-0.008766217815617263,0.014882528774211442,0.03378818266415227,-0.09528450752429217,-0.006709212040084117,0.02588504732910797,0.011861616150048512,0.0016584126116107663,-0.08889197284067578,0.04632098938426617,-0.014021917166541081,-0.03807683379005728,0.06723995959481613,0.0360201015250957,-0.0002529339888346684,-0.10483712182425975,0.06443743866257079,0.07405094994827051,-0.06304854303671333,-0.12339214146626262,-0.0018176010227174088,-0.019587911777051135,-0.09447436712495431,0.052156738576049,0.031649951614775844,0.025441019560433948,0.04194464791583052,-0.09547421322254662,-0.04466305432750891,-0.07006218496271119,-0.028293952911820134,-0.018640721025653194,0.05216420037072115,0.0663525322349317,-0.08538472597273389,-0.048291195320425806,-0.014053733182979812,0.008366450980649674,0.08153225048515307,0.06736381157275813,-0.025959962474671344,-0.05921071222340922,0.006419993166007631,0.027695008610457546,0.009053054261428614,0.009114150656565671,-0.07553017302727952,0.07697426068613528,-0.0070064529270973015,-0.007134182254669515,-0.024938576464703807,0.02194045092662833,0.06292490660215395,0.07866082438920394,0.06821671915693324,0.019539581072732137,0.026359714442032393,-0.07817834669733406,0.07347343263825969,0.031156698572873214,0.0995652916654495,-0.02537430118329525,-0.0028519098985184898,0.005662830061854241,0.05316766290552119,0.007168089250131494,0.008474740343499708,-0.024765212770607677
sport,-0.1618468148425834,0.21072515995936614,-0.22282891233999896,-0.11695682294563663,0.0542502903692506,-0.01972378768401087,0.009974903031473234,-0.08251731221905227,0.05232471469271233,0.07635800180058094,0.03821495885104154,-0.1050510278178345,-0.08653256555977275,0.009043162346416713,-0.11690781648999105,0.12015417685919728,-0.012928393049496995,0.022986080778417305,0.04451063152751705,-0.021028726591633216,-0.02863594557955851,0.039033058053933124,0.03146049344865174,0.0053044045045613185,0.01623641279727849,-0.07768403609864932,-0.12820199843330557,-0.011557207493498877,-0.24224544557381006,-0.12215640108521043,-0.019653686032235374,0.4791831811420593,0.08332712160328519,-0.1525685292257887,-0.10492156536832192,-0.11181703051460665,0.17875754316606285,-3.52948693048073e-05,-0.10199820650190046,-0.0555609814645393,0.026372219116417208,-0.08154772425762365,-0.060291264756605394,-0.036729417797249544,0.13952165634587152,0.07721637912041159,0.03092793452540282,-0.06651725965955887,-1.0250626879615102e-05,0.039279095984588966,0.1063032607510318,-0.04513597630130054,-0.04226966241702172,0.007615284350022438,0.019142783535407475,0.07402522410312162,-0.019085297214147142,0.0192221096654915,-0.009587971831179022,-0.02187160997837358,0.06981025521726318,-0.05767370822201234,-0.0138601183501351,0.008705129206510925,0.019174266803490478,-0.016690797856127537,-0.023695130289665828,-0.008428734683019952,0.007930581516609915,0.03324647551938198,-0.017536782817918643,0.043780154878892565,0.007977375606450846,0.03197267013607043,0.0022190871767831973,0.03979956377409884,-0.00971421205521846,0.016584202437651057,0.046667494221870644,0.01760128487808599,-0.0033701703050597943,0.03254331603392156,-0.04401887340097113,-0.01277604321233532,0.014509464483085223,-0.023035990094277266,-0.03860331133791499,-0.030175963179670383,8.616425130783733e-05,-0.005903122588515735,-0.016819457502822797,0.047876188662254786,-0.02398306026985976,-0.03874086090418469,-0.05751323543086728,-0.039520427529426076,-0.0337789623618616,-0.061918104177627074,-0.007685101051936536,0.010086450505143006
sport,-0.0663934800257319,-0.011935701307102121,-0.07563878629759706,0.09727016279351643,-0.04922933962022975,0.2684553625425897,0.03708888767959551,0.15293019144584366,0.15084401142798526,-0.16358739469775385,-0.18329184112932545,-0.08666335746106313,0.05725499354569266,0.6539410611861894,0.1625581144818672,0.08024812877536097,0.10759762507281113,0.04869651064158363,-0.01273739672455083,0.01868732809896213,-0.10515370715704565,-0.06861776988901848,-0.01271335958553085,0.04584374327953718,0.02748604274534879,-0.01002829759905861,0.0030941630735371074,0.005741639284955951,0.03445225839119149,-0.008402484246477701,0.023231523548193616,-0.0008691529404226908,0.011850416522686487,-0.057717294928807575,0.028093937687609174,-0.0071365816611348885,0.03253318881445504,-0.03187867073644117,-0.013444508538626578,-0.02641163844885741,0.004180360119047497,0.022306550413497144,-0.015057804356963508,0.007669685491033694,0.0008940021734123115,0.006155288137672974,0.007591058239827791,-0.011037485395471688,-0.019419029380879457,-0.017623973172847748,0.011442556275221187,-0.02139036535679646,0.002388738746666797,-0.014306375908805647,-0.006510692162219435,0.014303877261727646,-0.004142534955171048,0.016392858147607263,0.02751964543667965,0.015384624050923308,0.06469798999216507,0.011913592690561562,0.01870706873380182,0.02151577789734785,-0.03129138772538431,-0.03643674226519526,-0.032522813420561666,0.042660903481994486,-0.03851486139587085,-0.015267035454833074,0.015948937303222492,-0.01837792520920203,0.03365830543361707,-0.04590669927965029,-0.017008451435198156,0.0011994698078733595,0.0048660065220278645,-0.019471757425965016,-0.012184230971459504,-0.0011958485808894646,0.02614536537487354,0.002064504118723533,-0.058396877973700315,0.028707417331109913,0.00351432664374721,0.03648067724621409,0.01142075515438439,0.005466492409295491,-0.04531044936853918,-0.019819818538213865,0.003578453491812972,0.004150366727302381,0.0016594186756346157,0.0069001687140598025,0.0015580229173068347,0.008990897319341537,-0.008725613659252942,0.011100350877258984,0.024122740534414617,-0.0130530249984118
sport,-0.14822532275155031,0.2278701484074628,-0.18656123606754108,-0.1326252204296558,0.05086653161982045,-0.04976624099551212,0.007383533039836375,-0.06942059154053268,0.02452261123560356,0.058117101881986315,0.018887825105538096,-0.08219858033271268,-0.0280382891706304,-0.025528025016870966,-0.01845555788445093,-0.01936735234658186,-0.028738347555982195,0.02875281488560783,-0.0011902309793747536,-0.048536763713592765,-0.07091548053443056,0.04316938013778448,0.04301453896874891,0.09059077252275549,0.03887271366367243,0.09530891739052706,0.023981867727598694,0.3136766957862261,0.05281394938105146,0.08945300568755118,-0.06135371628442765,-0.14621930312395667,0.014912159484841415,0.02463323396702923,0.12159194927535813,-0.04782704936517106,-0.019707332801443874,0.0023849991691448696,-0.02013040960781292,0.11570574559090978,0.008794840276175978,0.055132170390391186,-0.018759360944720166,0.02176049839617401,0.05860058512857456,0.05683422929351615,0.13693846091277884,0.0035377031941062134,0.038430478633742264,0.03333282153567411,0.047430781397171495,-0.014303850058037556,-0.052195049038949254,0.01216876442798687,-0.08027482143167461,-0.027603337890409873,-0.027230966766385752,0.0725905615481258,0.04830878066659902,-0.02523463396151038,-0.06927039717273396,-0.0012553908514229748,-0.012043142618800776,-0.007550443016674095,0.21941628981554692,0.06675793671937572,-0.05507871132369848,0.11219002159116301,-0.05935021854453989,0.06183065375842742,-0.04016776994492238,-0.028212290280449873,0.013426211695649892,0.01991066933454572,0.012807479566474203,-0.07030129586260331,-0.05603759113719251,-0.04344864200120648,-0.05890610869305845,-0.06288083827188042,0.045389427467419835,-0.040776273430655104,0.03703488993918097,-0.06463027811202252,-0.0014956289820970965,-0.02687512883190626,0.013702214399836245,0.03321458840850714,-0.08208750319604222,0.01931088701785867,-0.021432441339916928,0.05856389775171794,0.020718524364783306,0.019768868061522143,-0.028689893541373242,0.0814900092347979,0.045396831821905945,-0.0238537244996277,-0.04049023414086321,0.011771933262680565
sport,-0.0925373913922834,0.12221846093517211,0.09874836456676038,-0.001847616695316601,-0.061226443131475225,-0.03256219016340401,-0.033939686886242285,0.023913668852654592,-0.05495539194409038,0.01352339335821145,-0.23128232511386307,0.35757243499866326,0.35278968898142293,0.020879800793914195,-0.3280893311707529,0.009015695081836868,-0.26230002892726323,0.21763755338982332,0.021899523717855213,-0.1057464401607044,-0.0895695111658007,-0.08070958506208784,-0.12591749410430209,0.06394447672043074,0.014143347220540928,0.09447738727946503,-0.04216532093423226,-0.07311605290518879,0.018455132928214657,0.015636506811881244,-0.033320963043084,0.02526626411900567,0.036709559446690125,0.03160976619042318,0.053422505159804096,0.017743538799437117,-0.009786599903846551,0.023623052981037816,0.034415264614287185,-0.00852998797368053,0.0214276406834697,-0.007392231282786016,-0.00010491409635292815,-0.04449083293684057,-0.0030596196832773388,0.03167723543522617,0.04210424235599641,0.010054115497652475,-0.03356696230471258,-0.02896426771863402,0.055224047891647886,-0.029680840280947817,-0.03968274012059557,-0.016215941924613984,-0.007059310837040981,0.06468464193588594,-0.030255400216841147,0.03156679384251916,0.0345104279484759,0.02593919347126527,0.04028047977616496,-0.009332553555793315,0.016447499619473678,0.0488510918648236,-0.049278255355869674,-0.08832081665192006,-0.009125483283986022,0.03923583611459397,0.04053381722069976,0.013247290502956125,0.041669305670210224,0.06717481994733063,-0.09425957685348453,-0.00029716054101313163,-0.029129200326937808,-0.032020881012052485,0.07583559253305758,0.038936380436516725,-0.032385583623490574,0.023085095930197558,-0.04093384320109783,0.038013198321607475,-0.018445597727218203,0.06687410188351915,-0.05237297012114769,0.005054546991378115,0.04778382855341563,0.07002907239332394,0.0008701256345036543,0.01634805445515047,-0.052828710034803356,0.016637873424573214,-0.010864393318151951,0.008123467763593644,-0.022442166817589704,0.03539396024684717,0.014404551023483212,0.017852884605867318,-0.03310784928117918,-0.013660972822642914
sport,-0.15051507959821095,0.22612285913790386,0.3898530544228262,0.06675518533090621,0.0185241294532091,0.027854234837964485,0.0021022727625136734,-0.023077805558185664,0.031713499107091224,0.015645257154597206,0.025530210070226926,-0.0036086396161626173,0.008563746091958181,-0.008272009627093938,-0.04044305554126724,0.013876298797050731,-0.01300684967471121,0.005758465368066446,-0.019773554039701983,0.01663370101447398,0.007099709287977287,0.0008340378285821072,0.08558932303262172,-0.13807332959550636,0.10424878494687222,-0.10479072505808365,0.0015159827121733393,0.02175486816861724,0.030834246927847253,-0.001293546768773303,0.022817239655873983,0.017886916948796905,-0.038053400788385,-0.04317684884787642,-0.00348744826595007,-0.0659389361838876,0.012140298293115585,-0.07964661067257282,0.00851689722900657,0.004874146820713228,-0.035853195228973934,0.004076761498076324,-0.023209668084481945,0.0888707207578331,-0.03768439470174116,-0.041919830177636404,0.006307266955196596,-0.05353165638036455,0.0077046830728145456,-0.06800563375196511,-0.07119056725888805,-0.027303037059739896,-0.03819665074862831,-0.02139442839461849,0.011671917913263278,-0.04788574841848079,0.06570394051179312,-0.01776135701445486,-0.017173799696197048,-0.07504203023306816,0.08496577568937175,-0.0915560063715724,0.03076245217252404,0.028053424404939447,0.014430234218335192,0.037872703848511324,0.06960098275059043,-0.01925465188845231,0.0592601590719584,-0.027202115771428528,-0.07015049974970673,-0.08619494782147323,-0.01925249921168837,0.013848680692413623,0.005735830493229495,-0.02723340188057594,0.01608600362610751,-0.08453713609599255,-0.14910534135229975,0.016035561721388866,0.01729877449603822,-0.09487043528206549,-0.02592194033615774,0.06404166150765957,-0.031197211036022136,-0.014969764927173015,0.037089168996467387,0.05431869940871836,-0.018941642526094867,-0.018649785795858246,-0.005384549708077409,-0.06751272871414853,0.11494443886666916,-0.011755923486076774,-0.05265286435497356,-0.06164452435174378,-0.08660054780094681,0.04669183797211237,-0.02502523433303697,-0.012047279235554455
sport,-0.05707627186610944,0.046016447419220625,-0.1307109676517054,-0.052197798519057086,-0.05083156159063474,0.0026026217554779066,-0.043703517551769044,-0.022241304973081952,-0.0379331703134449,-0.02202146515254213,0.041767566293796674,-0.06083958908754324,-0.08138668380761503,-0.003141145864577372,-0.07186271269568334,0.045262446903849306,-0.07970790187909733,0.037044520475535525,-0.057832376408920194,0.17112033505494761,0.009401740024233794,0.011400000499383573,-0.15867799698216847,-0.11506813231920505,-0.1070615744763119,-0.059548619130016085,0.0178401847737466,-0.192037117738043,0.04817040973680192,-0.07030837289325374,-0.027609951793397793,-0.028720109697439596,0.01702562231424203,-0.03405290582168841,0.06340102544335909,-0.11519347109348717,-0.0033811077168079927,-0.011258052578444887,-0.05027676526876494,-0.005404902550703552,0.01570152799482048,0.07040404470131766,-0.0002727507994156273,0.06596244416985471,0.030897691460182754,0.017209704935096073,0.021569618671631027,-0.05486708542117298,0.04468325013323082,0.04696003954624817,-0.08421492491075061,-0.14698715981309363,0.11259196695490956,-0.019381759599220807,-0.13326353671482408,0.12007456035003844,-0.064915378144687,0.005870163129262384,-0.0792246977191621,-0.02644777779104233,-0.12856884153671952,0.0077630097136665,0.05855999688723141,-0.009413506465569413,0.006550958514461886,0.11538197022511454,-0.04460688161027216,-0.221381379491421,-0.07959485222947914,-0.26600190431664383,0.07732763931115799,0.07111472071393979,-0.08622025036928195,-0.016990870074589482,0.06094408164784614,-0.13486361823387347,-0.005762453686847725,0.06170899333674536,-8.622312128313626e-05,0.1032463899734775,-0.0706321377994146,-0.16127565091818055,-0.14435653568589385,0.06513850417563691,0.10028994631671634,0.0641274626838794,0.06902983368263864,0.035353628766325085,0.12977639001054142,-0.0873063777469114,0.05525090818948045,0.06190238204658934,0.000615086026391529,0.05371912781376102,-0.004768065640977124,0.14025026159408635,0.05344408279055963,0.05141380677604421,-0.012990036347037198,0.0643775703308809
sport,-0.0821606844933865,0.06953741558752935,-0.09019624659829108,-0.03550293432252503,0.007039060934953961,0.019401811574658638,-0.016088895787656037,0.0027248750552491094,-0.010105489858376874,0.013651111734036365,0.01440239247723132,-0.020942037562058334,-0.03007343325936402,0.006562101990234587,-0.07092045198093191,0.035999721198910935,-0.05046379658356218,0.05350604343745342,0.008819127355974642,0.08968738391018173,0.10720005093166025,0.05026532974043948,-0.12183119678944336,-0.08363366648526324,-0.1977864046420759,-0.08164464333836895,0.03438486750022428,0.0755220112603445,0.028108869969394087,-0.012867509822224024,0.07151025395127379,0.16957281124332899,-0.05772755043241251,0.13174368333821282,-0.04717978716874262,0.038437341706079646,0.047552426115620064,0.05774281767132069,0.04882554789396163,-0.23304491949651504,0.1000869878933838,0.28410760195003,0.014042765081051525,0.030342575984155188,-0.1456785242366305,0.0568356195299136,-0.04750174653990396,-0.11234845354672077,-0.012967434423379677,0.007052242547207925,-0.12494333546679923,0.0029978006768823775,-0.05053851760643458,-0.14595847992534483,0.015723424256984635,-0.0655076500862314,-0.07162855963111142,0.18433411243809494,0.1299736376508378,-0.037416089779806504,-0.14379565066084735,0.09292716985446156,0.015233797926969352,0.0005361286188714997,0.061178776220299914,0.02110258368301177,0.03190594804705293,0.016353583909203648,-0.018235827900603,0.030749911148744903,0.10717600296719013,-0.17022297447464196,-0.03022833335352008,0.025536127918250887,0.05063999904695223,-0.037774429771437495,-0.021510986141608405,-0.03335409341838472,-0.07221525319999857,-0.07147824259694625,-0.01029593972287665,0.016849903982141867,-0.05335073257891901,0.032376557811609794,0.05152925695872841,0.07038183265226124,0.18971068015627413,-0.029559410372220842,0.0796926788419815,-0.04016683634988037,0.011974792070476399,0.12312705505075298,-0.032239046917443774,-0.14454302538511854,0.1167627958806532,-0.054324830565767736,-0.1100185363432771,0.031907920407067844,-0.06905503744437846,-0.030881815239659625
sport,-0.09796279813537866,0.178064094028844,-0.1054850616758266,-0.1327217440135053,0.060973042547110626,-0.10389704293197267,-0.02553106375310254,-0.05433939675930953,0.062331009081159815,0.09866139545976506,-0.010655801611567223,0.008992415519413285,0.0018313882658748744,0.081642341094432,-0.05666396940487603,0.06713415447937948,0.03892722134030951,-0.04817060176669569,0.004513930567746659,-0.03958515821277287,-0.05351078582198496,-0.032620190154473115,0.08527027908201008,0.056648017679067006,0.14870270300996272,0.03624726299642035,0.015756243618440875,-0.04853882040687495,-0.015222439132767098,0.07644367073262107,0.08163939113757616,-0.09460413317773135,-0.10205658925632755,0.10913993298326925,0.007987253108520543,-0.009505915204956495,-0.038598696472616274,-0.06737328047185254,0.031824223710174175,-0.03890405821572671,-0.05514876877266211,0.06650797805116522,0.024983873208931754,0.05858184233042272,0.03721229442836742,0.07668687006611145,-0.08705880432855326,-0.038454686474151,0.07443593040386239,0.08212747162921374,-0.15578553915841617,0.04748024514781355,0.0450544888979781,-0.12421527682462008,0.06654827596891559,-0.0628866069564436,0.08736211111034463,0.04780808210617076,-0.10282059168658499,0.005898754947974239,-0.11016752247147248,-0.06872572221271978,0.02505945923925661,-0.024608266173599614,0.06377538569226451,-0.007482515134499069,-0.029662701420526218,-0.10203905492902836,0.06206332886107462,0.07465996490590686,-0.17879863031544707,0.10404155189894489,-0.0171165275068537,0.01644135132335766,0.1362116592215061,0.027122402276418243,-0.05039604681294112,-0.11833229495417012,0.09558206120756754,0.03460627402986521,-0.04798919818660935,-0.014481782636608428,0.1709505289891389,-0.0006050866218954251,-0.11015290954249737,0.09306430210287302,-0.02728196424013173,-0.1150932619206943,0.29264406486928474,0.029624288903463733,-0.15264707234882094,-0.1793735813576899,0.13059845275037668,-0.008257946707381622,-0.06848537722991849,-0.049509370113392105,0.0412504401398439,0.10939453382474969,-0.13615378854684293,0.05512497255992206
sport,-0.12128504840768889,0.16085363470362965,-0.032012983349099446,-0.0763305358080153,0.01623561358808018,-0.1072248618933518,-0.009343418600494273,0.08918520403601896,-0.01737036852302949,0.03346833854061821,-0.09582938826625695,0.2058992641513465,0.09270236623857114,-0.06864924399086766,0.21156046215010282,-0.15050002469778276,0.17472507428318532,-0.18420116608479312,-0.029933777550748414,0.04419235766820524,-0.07520520545425523,-0.040087514405130295,0.019655968109715368,-0.0281770236322013,-0.03895894328105091,0.030163989111804797,0.070945412388781,-0.03440934832303221,0.17855309588678192,-0.06674640493324296,-0.03725346511140407,0.054658688842722805,-0.037795697605942,-0.008199627337269384,-0.03620784876910714,-0.0035916138181721897,0.03763420894570359,0.002971574849620191,0.044790170691650304,-0.021977539958981156,-0.040277558135218765,-0.019152721367245565,-0.02712705011437007,0.030017700376895873,-0.032414165289420455,-0.02037471680112799,-0.04563900521803601,-0.04412442823581364,0.0505719172571089,-0.05483682284462318,0.009948310666242098,0.05925100616661415,0.011470845504355119,0.07559669383041709,0.04665898696260619,0.04433440520665392,-0.0386228652693293,0.00852707289903306,-0.10525528082701474,0.0582015107592628,0.05634503025391458,0.04737512486456309,0.024833634722660723,0.01518119265033973,-0.018798363495689523,-0.02731079495178474,-0.05978583103599187,-0.037396481017068876,-0.07644755358766231,0.042685664176619176,0.03602571020627956,-0.031173639626695896,-0.027429090949786683,-0.030718043903428405,0.029909800242331957,0.026855892270276148,-0.007751425025982297,-0.016390190312714974,-0.09961705631353975,-0.03740000787589785,0.009393509628250103,0.08490400583127652,-0.11626939687876427,0.052068565269328716,0.07503909273411964,0.09480440194108718,0.016002639122975924,0.05007683324465985,-0.023589595916142205,0.14941262702860283,0.09878218392601286,0.08290654027557746,0.01903850851324713,0.03545409208498077,-0.0968988049810534,-0.04424042322228479,0.06913211990324865,-0.12446469863821553,-0.13526770712176714,-0.03972830440216207
sport,-0.15767277717764078,0.19216635346511554,0.41970219152091415,0.11657804275010987,0.016515754058347796,0.10906542972640922,0.04193812193196223,0.012216979061022282,0.01464607732523538,-0.016505056651382,0.033996584058484915,-0.07194090994933011,-0.017869901359729254,-0.008490653642488563,-0.04181300293142613,0.04566239901582294,0.0012436568697015032,0.024936788492523974,-0.06625465292911371,0.022527183920585978,0.028996297498282544,0.0506480961900935,0.17928619959164638,-0.20500976485104552,0.1065381542650904,-0.08881779751512243,-0.027920153088419903,0.00678384739554426,-0.006502171724116406,-0.08413032757723138,0.0004979339308913057,-0.052057439438476454,0.04975172958351992,0.08986517061236328,0.03730130214367965,-0.03400434648761977,0.038906546687249036,0.30410098060162755,0.059506839179012845,-0.012962006187606743,0.01701439148927683,-0.1322729167802629,-0.07680726651731688,0.08028499096958211,0.005043109638842644,-0.016506166822526515,0.08305153147860618,0.0832727237798239,0.0016760169346665844,0.06703051403207723,-0.023063526416358577,-0.02516076030800863,0.014448042889650188,-0.021169335750380665,-0.04269409985872213,-0.0761379932338274,0.0594641347210691,0.06313509387598334,0.033215821440288076,-0.016416512665775273,0.008135383938245803,-0.020291549877178263,0.020177964233877407,-0.007866139805786359,-0.02463302466343361,0.016119624794340766,0.017638106256668493,-0.049942421080075614,-0.003761052022821448,-0.02219334028164725,-0.01661975448420254,0.008714517040348452,-0.006751242732463255,-0.05206302084071465,0.0014693948080429628,-0.02814873303987323,0.024501853436107317,-0.03908415432874981,0.02638667516578445,0.008034556286030961,0.02791445716770701,0.01934198135823811,-0.014767506744797097,0.06811116405300428,-0.005954487835930722,0.020627993502169616,0.005749168431154616,-0.005182836693415139,-0.03820967598577281,-0.0016883484395520672,-0.026278783783462687,-0.0037217069804614485,0.049490066488703,0.0004735460737552247,0.008205383018173546,0.04997940921380582,-0.009983301554874924,0.04256060368303664,0.02950947646704343,-0.05780529296015779
sport,-0.09309789819715725,0.06407597421672288,0.0054299069964232165,0.052235074490962964,0.005672114600524928,0.08774446443649811,0.010067835995919705,0.04485266871309965,0.044786483489680194,-0.05118712401715848,-0.050170633270726774,-0.001660519386885033,0.01760449415675307,0.17058355554885915,0.06025677885307573,-0.007871113063305698,0.02943850040000773,-0.0032117421407878615,-0.009139187131418461,-0.005484969233039033,0.01703658611937625,0.0035748952110099545,-0.027412703534728904,0.003043575361994618,-0.05366134201853457,0.016910093057421183,-0.03177833253840604,0.045988088630905935,0.002736903990046909,0.057265971971983964,-0.04554583805969554,0.016738877023896703,-0.05024922430696212,0.021457169405164667,-0.08811944061755898,0.0794161893310666,-0.07181103730446736,-0.08162197759856284,-0.021080424413838724,0.11568236468785599,-0.024217967466912346,-0.0714386619667603,-0.005526655408825087,-0.047040345452779526,0.0535318234852967,-0.15626344981791632,-0.038562240583949275,-0.02089438212916276,0.09618793191420684,-0.08040122522686467,0.09310777052731017,0.002670499375038199,-0.003640508678464834,0.08467441122326089,0.1264127567590043,-0.08065565544156605,-0.07055980312283262,-0.06337505643110601,0.11995044762521065,0.021576899123465058,-0.2272735638026752,-0.12360916861135617,-0.02775683403314035,-0.11725464256768356,0.09844811382647026,0.2120144579200721,0.11210933463537928,-0.257397503333097,0.18305174447392344,0.028744436498468185,-0.01702161890835949,0.0991593940710087,-0.19844240646924405,0.1841658874324438,0.07816320955289421,0.07477898769681991,-0.007955587748561479,0.0898742863494535,0.049546531630214344,0.085190221762063,-0.19266969658388236,-0.05907641488185016,0.015118987609827217,-0.021243016237578634,-0.02351203389429324,-0.08871004386671194,-0.1545718047719608,-0.003992901473561378,-0.050646303415713495,0.06381223732736145,-0.07399129116794478,0.058134870408000486,0.037396022396232104,0.07136531924395,0.02610708958194548,-0.04102916216433871,-0.056808386594770124,-0.08187342279414052,-0.03201412969020405,-0.006758145691640069
sport,-0.13610631600385106,0.1662895105659444,0.38169314325917025,0.08972583205417169,0.003168079257985987,0.06278272530928156,0.0036319295706175223,-0.012661273283507796,0.021703849966657855,0.0024974584029758256,0.00860451403100282,-0.040835333811424915,-0.014829753380322377,-0.004583196749543791,-0.07640467528022045,0.008801206004766443,-0.016611049353606824,0.0520505216485696,-0.031202962441252622,0.01903592582787687,0.054624798707848476,0.07607651457915725,0.2979136344686421,-0.46210325892726456,0.16258106551539303,-0.23469384242004815,0.02241362738021458,0.10160096294278283,0.01802295376078698,-0.04068334583982423,6.491839550136707e-05,-0.052085538792095,0.006799213170538347,-0.05516384082894705,0.05966436931465597,0.006738480812472366,-0.061768221035553635,-0.04875221279133549,-0.010539726533328303,0.005610874923909795,0.017599532158366567,-0.02271854652836668,-0.018873843274821157,-0.01732179968767073,0.02167703224700659,0.026412020346928917,-0.01632672815828514,-0.029510525583933356,-0.06328612151709842,-0.010914148003782306,-0.04701467525774491,-0.010965868496009681,-0.015163611587471128,-0.022653324269296945,0.009364047605259336,0.024427778821105816,0.030549179651320445,0.015234954818757505,-0.002170003385798438,0.007172777002038712,0.048534073986914165,0.0205147003413405,0.03492461057045679,-0.025718911288810663,0.009659348048844538,-0.07100991087414782,-0.020765216423372358,0.014034890351990646,0.041280604174831204,-0.04665238832787528,0.018148209028348964,-0.04690790791062327,-0.07017416866598392,0.018972073882655587,0.02166324972488547,0.0009797766943971805,-0.051525993528415366,-0.03270242706248663,-0.03635095302148836,0.005210377167256597,0.005819611079212299,-0.03755571951756613,-0.006494268676626212,-0.0144041244678424,-0.0016594742152134779,0.024152447790965616,-0.041996250379760694,0.011869249564546821,-0.055171588624627135,-0.0077241906367092545,0.07581112171446795,0.028709726988599953,-0.03564374830021787,-0.03792763640313741,-0.0002586626812307698,-0.03169829147072091,0.04186923922090797,-0.045652231168664764,-0.009621059926551193,0.012028163020735031
sport,-0.09712505632131165,0.0954123988004619,-0.1299964127754302,-0.03146122773318128,0.016296753517201022,0.002442027705934045,-0.005291906579799889,-0.014180603517241538,0.02449042947378921,0.01933572475895007,-0.017429179357997933,-0.04734030098531366,-0.04292328769024639,0.07831349155446968,-0.05896466629065283,0.03182851104810467,0.013755279738074336,-0.007699588753921082,0.02020918551498832,0.0174207485023476,0.0002511047094074573,0.02300194797166236,-0.05372528518883977,-0.06707722194250593,-0.0836471370913939,-0.03414615055642075,-0.015694567965598708,-0.05388251489051694,0.06617816810193032,0.004913641890749447,0.062235484708550615,-0.033107375305891404,-0.10696595477187247,0.020105283863918542,-0.025071800249051323,0.10215924596195931,-0.018604451881095403,-0.014405821605804076,-0.0628080844909817,0.028422228953681475,-0.16324185775384764,-0.11644979446870801,0.05864848640587114,-0.04697127777455375,-0.12975911933476056,0.12252262901041491,0.3071707016429443,0.020629769296066944,-0.010281713943097704,0.12597024288848968,-0.2675314130187536,0.20057489922159916,0.03530251546014249,0.18170118480347414,0.004857066790349487,0.1073223479571601,-0.18991499371894008,-0.009588610163306123,0.11591373840388901,-0.06967278775783503,0.17479738788889923,0.011625350120476356,-0.10268806023270674,0.004000863826898985,-0.13156609419745915,-0.050581923729284044,0.025846425279662515,0.05600462159387233,-0.002564176775720053,0.04843973928499198,-0.04649832235087481,-0.021783500466465003,-0.0833273196821857,-0.03264635684316579,0.1520028678599471,-0.0024265440065562444,0.011630685347148822,-0.0028251346878673134,-0.04429827884857738,0.04765718181473528,0.205672025117402,-0.013959661699008809,0.04273622936132677,-0.007976651243009007,-0.06265043814044115,-0.10716314368816177,0.07544514010692634,-0.04897490019486855,-0.03707478389878552,0.04341649132738383,0.02525787289866708,0.0344008206435096,0.11197784098541097,0.10971127145039769,0.03840062918031411,-0.02543331460046465,0.025704016451810797,-0.10223705110176726,0.2320581027078857,-0.0022695545070970506
sport,-0.09115476873744359,0.08156111892808837,0.1276125834496216,0.029072047034773982,-0.010154665288893241,0.0033936478624155956,-0.0015768993023590637,0.03299618299358623,-0.008357657556372576,-0.00407200364263413,-0.04300212605555198,0.06181835296487097,0.04856237277794183,0.027663414475126845,-0.0339067462392127,-0.0016870014260703219,0.0008088604739380609,0.0154773229531745,0.012104502808566108,-0.020697713900637578,0.020739165592950835,0.023713734101724105,0.07130711953170452,-0.10635967087661762,-0.014208586267428764,-0.06029120086876624,0.031008353494527678,0.04079380880727612,-0.016693463421052854,-0.008014729052515364,0.01695771880106543,0.020199184295440733,-0.032835460264578,-0.032440952978218446,-0.044915103666919594,-0.010146391004140862,-0.02287873305704358,-0.04063588676404099,-0.002324016133275365,0.05019331814539557,-0.03241155841289037,-0.021789454676373384,0.012841932847656235,0.04666758015228864,-0.041561405621915556,-0.08894309803361324,-0.03677925180788611,0.01345231345483607,0.12154753845249884,0.014174720226950918,-0.13100845568227393,0.07892947057078563,0.08989818557415508,-0.046069532930604305,0.025480265542644653,-0.18243146881460032,0.039356601423963106,-0.019900148008569617,-0.05340723781889367,0.036260639896656975,0.2976013797344261,0.08820474457990864,-0.10027094524005402,0.17014540342759388,0.2891835689160811,0.3285693016909921,-0.17198625511712146,0.08392054157439724,-0.14795683022614925,0.20734570314834389,0.048974502179952674,0.08293743539264507,0.04694484925458624,0.0793955568091176,-0.17023835886567548,-0.058486832460441646,0.1901269891039887,0.3140953284633625,0.010051979884190074,-0.05504178785823206,0.01466466849721296,0.03752039574748245,-0.09274965561843874,-0.03675427774085067,-0.07647034691447595,-0.01850277462594002,0.01734513732688367,0.06633979523995016,0.20261001000529083,0.0059532455144349905,0.011375675393917513,-0.01584636470884009,-0.0032594181866267683,0.07674439917250697,0.03139849121975591,0.001396663059564259,-0.025631019856787007,0.010797306063449632,-0.04623954950835276,0.03277103170131066
sport,-0.1205125264065109,0.15901545965535377,0.38186596669992856,0.03693058452047059,0.00346792200541336,0.05918866188004137,0.003406940217380854,-0.05232512337592101,0.013306238103794495,-0.01802509964465018,0.1053394649982891,-0.11019978399994422,-0.142565591959432,-0.018138485340002036,0.05958509117478578,0.019986512540499504,0.03143594316737549,-0.05833935326865542,0.026149025064738964,-0.018553864462298935,-0.06580224498908978,-0.03577354909752285,-0.157466050209716,0.28227937518361934,-0.10394256672309436,0.14708034754759183,0.011040141870866023,-0.10091000605299826,-0.00961714079880881,0.04634868780681381,-0.04695982262501942,0.014258928468153166,0.09701680145383294,-0.025919554027087233,-0.028351064745250638,0.07053456014262367,-0.008258083228226317,-0.02348535521587497,0.08400341073206907,-0.03129442720383522,0.054622781716866506,-0.05500548248580903,-0.010688075536966596,-0.15987126126197707,0.008343019326102008,0.09806829986351706,0.06644377901775159,0.1352852903738553,-0.10587413691707513,0.09316010278766426,-0.08241854422171363,0.03461757331514887,0.10721538687363098,-0.12610579796462928,0.012046970361167999,-0.0650810322190499,0.049800885180667824,0.04249673987081215,-0.0065040212734746305,-0.008138496872734277,0.05295739838194981,0.10242813557112221,0.019302020497535762,0.07374293420931899,0.039577071294704724,-0.05893918652934944,-0.00825469861909952,0.011902756790916758,0.014794541185700673,-0.014986205716113057,-0.011597636888920546,-0.029062162986124067,0.03185769026742111,0.011570726555131207,-0.040316186690026005,0.03148950148490219,0.013264127297867698,-0.01071831728217943,-0.05925793334513304,0.023963651367171022,-0.02415784649229273,-0.12725729831606963,-0.027646546377330453,0.0008116493929608469,-0.01676308510568929,-0.0046778077412655055,-0.10509264526511888,0.08100644865254131,-0.03449954152642207,-0.05264889035264868,0.051725903219699325,0.04004905322783092,0.011358750672217328,-0.029701716459341814,0.027667586279814426,0.026803430445506576,0.029228683257135946,-0.011033043451047674,-0.001370266069883058,-0.03127080726223965
sport,-0.0736459769958016,0.14451704913838595,-0.06268945170109069,-0.046583249840567276,0.03183070490182224,-0.024346440956822854,3.1245355923588965e-05,0.012765169027076447,0.04168803021894842,-0.03165281817547204,-0.047115299450469605,0.011800168763769691,0.0455740068620567,0.021667456136366114,0.029505717194129047,-0.04528471323159222,-0.018671304131503086,0.023528822607880466,-0.02064841015259424,0.0012349543628921483,0.000714567767892673,0.022038852899434434,-0.002278114724760921,-0.04253271362831826,-0.03996102627612794,0.040130467562487775,-0.03170503525793986,0.07979276796111744,-0.047698314344191355,0.059163952591953756,-0.04205051401417114,-0.016553651936618088,-0.030004920381938135,0.05361854516077838,-0.07178093128905619,0.013833987331024313,-0.0682141781844767,0.007344249786720693,-0.03419524587187898,0.0531535907524589,0.022630024005276177,-0.05323952397084406,0.07348621521010497,0.06716801924845996,0.014321918837416979,-0.02609620943823848,-0.11742036856372604,0.21577636037269665,-0.008720626973723684,-0.12920170384633475,0.021713314802499887,0.3117510305140185,-0.019626817436117012,0.16994412303720288,-0.03483003135083615,-0.1335340064918596,-0.0829218193774255,0.0551343838080572,-0.10608798702636905,0.06519546063692103,-0.05110868164267173,-0.11162973306650045,-0.022775811822481024,-0.0008584491963210332,0.07942096783437105,-0.024464941063198038,0.07321251543680717,0.11215690009600321,0.2163070239141903,-0.1596925956851641,-0.05572705384306654,0.09038212772587205,0.004131318337129479,-0.07585882301238109,-0.07278961677584112,-0.19663086773582522,0.04562165550565086,-0.019590364787634876,-0.03342832044409562,-0.11145504287529358,-0.116818838709521,-0.22924410274213874,0.024168270460826632,-0.13167974587954287,-0.03781164923741909,0.09897744142968568,0.06076283386409721,0.07513580698040469,0.0709613918380246,-0.05116193863660292,-0.056394923699437625,0.10149795636297035,-0.014920996017130622,-0.09086202405763318,0.048891404582290986,-0.07204315317816605,0.022869925847354783,-0.046112558897596925,0.11989073045488924,-0.06753809922559256
sport,-0.15393006834974632,0.04916185339990982,-0.19102554042586467,0.1081518392726495,0.038163623392168104,0.1904697225800377,0.049642940528410305,0.19733374101715878,-0.11887331430131151,-0.2545814978012368,0.09493919854791112,-0.04217024301237117,-0.035199926482231615,-0.24694005011792408,0.1892368015326121,-0.0655393793613399,-0.1538518647476274,0.17234738058029245,0.039501484683336405,-0.06132265577276895,-0.20270340680164742,-0.10537851065178212,0.050010736569570335,0.03491570636515317,0.1304600387456855,-0.018226299198137567,-0.012443885953295503,-0.08453819138741325,-0.04194436031097723,0.010303145834882786,0.06589807935695759,0.06217921062956147,-0.004479603979824215,0.004964714594364342,0.022573994566736304,0.09620698068079703,-0.041712043010789776,-0.0969698105256242,0.012802151685604333,0.02029981838918862,-0.02486833059141605,-0.12994873617985245,0.025045687356609718,-0.03699438340164246,-0.05024515119968845,-0.07864011228284262,-0.05053509297105494,-0.032879995033741144,-0.032905668018778506,0.02473150770939366,-0.017352754580150325,-0.03874072030021694,0.049575552386559286,-0.06843731847188196,0.04231152498093145,-0.038345962251736865,-0.0454622946961511,0.11165962342384302,-0.02739152871569072,-0.03731394169977744,0.004971040875867058,-0.05004599711042053,0.03162668953911353,-0.02136764059235837,-0.03840179228053725,-0.0041284606559847505,0.01411451813302663,0.02658501417265481,-0.02780463468374685,0.007421304090978244,0.003911119704234969,-0.03633339975875575,0.05773182810779696,-0.011271860177730275,-0.002162831651988959,0.09931155677236088,0.0456679104638441,-0.03047837373503507,0.015599137218816218,0.025427295282079633,-0.0005462084254791251,-0.005207540045606498,-0.04773024203085738,0.012354769719029796,0.05544542458088378,0.029738900362752833,0.02174431583174785,0.03801417345414418,-0.008731527608026266,0.018466093021735217,0.0067070965578509565,-0.04881752553253497,0.016323615036020353,0.027070443492886846,-0.017923040524320952,-0.06303605265051224,-0.06029699617858568,-0.006805996363656572,0.027254708397183743,-0.05550301064926009
sport,-0.09929936119364137,-0.008917488490498275,-0.12712721507528593,0.09609627515297299,-0.0023691668144360817,0.12546059012269034,0.0567481030384433,0.10515795957215932,-0.058563147241374444,-0.16102541349622262,0.0736734704812211,-0.0643471030372464,0.02418447231571803,-0.15023997636960743,0.1311564231864355,-0.043899122835300536,-0.14008587069613235,0.07959578601445748,0.0574642894485694,-0.024761472816604246,-0.12199753518774391,-0.06479344823620559,0.10337650357277005,0.05068973083146302,0.0137337950899711,-0.04634763887906566,-0.10783428383040468,-0.07199232884261675,0.05293723648472035,0.03697011723930613,0.035127936569346575,0.04562928930801353,-0.0002901371366734844,-0.13230950538146108,0.027236050916550767,0.05928781328434476,-0.09617441133747495,0.035166786264461174,0.1085108332819947,0.005754423625305953,-0.0016529845593071413,0.009495921409259676,-0.04962892536932708,0.0006153226467653942,0.12457683429335077,-0.040194003596723364,-0.003089906234176614,-0.06842007496383183,0.07409008534962586,-0.03780455392918165,-0.0804951142346028,-0.05037772510271251,0.13173165444750967,-0.08202347473200498,0.00397674231791248,0.01326648478321597,-0.05864094597240252,0.11875419306811277,-0.15717979442473523,0.022685934852241817,0.010014499717993808,-0.02066166031642526,-0.10323874646182134,0.025235787185570676,0.04028242226307891,-0.044838869037483284,0.15704669906344865,0.016400913446431204,0.0159094695745762,-0.08656500729733628,0.10201397030369491,0.001995736828530483,0.1667258974536424,-0.05633717066939513,0.03430069440347415,0.11671434446036011,0.11893599328896427,-0.09026187385804176,0.011123618544119291,0.0032585518726997347,0.10057204619568043,0.027475236187994332,0.027086509899989012,-0.0014630571154688624,0.1145540355251797,0.02768530654742744,-0.021160632480365284,0.1051930663059933,-0.02507369873992326,0.07811397098689556,0.005272348805845043,-0.21975297757489723,0.07232858184610393,0.1046411665906925,0.20016073552245087,0.0571999880239088,-0.07041013069782125,-0.010811435175016261,-0.046281054329798725,0.08931599499408932
sport,-0.13220748445094693,0.18808113291154455,-0.04931679251854347,-0.0925913528974877,0.042291238803484746,-0.09673466204908289,0.007314413543253874,0.027514538664939307,-0.008752411872122686,0.055293939469929915,-0.10463902612813411,0.16754562829835332,0.11016455806716162,-0.07724347075512886,0.2214127509895091,-0.1635117487689154,0.1797966335407683,-0.19036572538799254,-0.004412011440370418,-0.02785932813158533,-0.12233614125635088,-0.03149616464201849,0.11390073205274436,-0.025158127343345934,-0.005401570269136299,0.09814558933119572,0.2628900188503057,0.025297981071473075,0.34729988420426283,-0.2201771082063298,-0.09475478914588313,0.13253212077124044,0.04820534324738001,-0.029287469273108664,-0.07819554306610842,0.0347562039820526,0.044191525308680826,0.03855338328959073,0.019987895097544027,-0.06880372348131938,0.04027364460526353,-0.0187720992648821,0.038902324908459004,-0.031417007077722506,0.02411975244994254,-0.021741930009989294,-0.0025978087448859594,0.03257181700569083,-0.041000422610700596,-0.038347142147520316,0.02918526990942969,-0.01355345175009251,-0.030503609801162433,0.041504901940415805,0.015010190296203924,0.020881050704103316,-0.0016833662616882298,-0.0013356147461392822,-0.01749400723702548,0.005226615419695389,-0.014455190279331568,0.013164161116804013,0.03241213437845733,0.01387911682000171,-0.08644287808448764,-0.008995751875827716,0.05121598240874623,-0.016941600855306216,0.027107679310170087,-0.011910311138835847,0.013661733653960994,-0.004696290522358182,0.02886574114255156,0.01703047232436726,-0.03578689899467451,0.002781989121331383,0.0324418373506428,0.03963805156464455,-0.0024316662716817963,-0.0070793581075230825,0.03013823469177942,-0.03397818832212994,-0.030534166014738597,0.007200855849734575,0.014301562423114476,0.03361280643849755,-0.059261403035089984,-0.02220787116607218,0.04021511030895993,-0.04809113780133495,-0.028522713388970337,0.004447872053152422,0.01227657744371883,-0.00284294648505722,0.05879203599624434,-0.037281919259003156,0.004838881055788038,0.025675255407817562,-0.004574582535296331,-0.0015925441454916044
sport,-0.13390016639733934,0.1771041497253097,0.43749114457565175,0.08941105495330523,0.0028930347529442174,0.06919643918832934,0.002010451680502157,-0.03291891845869416,0.023900467386730732,0.007395104289401886,0.056404463034938394,-0.06725896742029175,-0.043690050605440275,-0.002135054658812277,-0.05940190163457444,0.019662384598654326,-0.01535611317251217,0.033537172337999376,-0.018205056265286672,0.02376145879114771,0.03226838277855824,0.04394197345435628,0.21056395237936532,-0.3476291097520235,0.11962877016904522,-0.15863676074214356,0.01609806595437648,0.057968893738356626,0.016290521617904296,-0.015951681225925624,0.002623224163157646,-0.06459114238578753,0.02032333040185611,-0.027826189412909014,0.07384429733092505,0.06313632944139339,-0.07479423690494756,-0.0721876522888569,-0.010028702487371163,0.0019849793900619016,0.030761435460685927,0.015161978681147475,0.0057726988796029145,-0.09361719495364959,0.03526369539232875,0.08336175740157452,-0.010401759791580588,-0.004924888298148426,-0.08467730647942658,0.0031535994473843383,0.05757714228253258,0.005835822144307649,-0.0823029868186324,0.028376875037393064,0.01654333843705928,0.11560032113583506,-0.06851443309725372,0.01252334595424138,-0.05186525236506667,0.08491989650751908,-0.0536252449520879,0.018826365873530954,0.04178008366815048,-0.07809312738093394,-0.00767276586301781,-0.07294268687706705,-0.065224029561666,0.01409856386037665,-0.04065876793341562,0.04328399059470743,0.06215202131912125,-0.004082585032072177,-0.0329266739721338,-0.082039336072585,-0.005767875084309751,-0.008060156055814081,0.01830987310394979,-0.006967650465003307,0.10258610474085518,0.007166622667564929,0.04129462252397557,0.09230684900216521,-0.008676943044323858,-0.02293691238864488,0.006785015744264893,0.0067542571745434115,-0.057063325701619975,0.019217112183395137,-0.0038638306023673517,0.05049055948856351,0.00936659470678038,0.06484974907019568,0.04726822819920743,-0.08435737617875254,-0.01838418002552572,-0.020419171758009228,-0.004378822720443694,-0.0048534582402986045,0.009684457118700748,-0.010892159540420143
sport,-0.11623067952737703,0.15903503014155385,0.2809719634424592,0.017200082475088457,-0.015050325524400254,-0.01075345031134769,-0.01206849551579739,-0.02081638611097576,0.009796720560438489,0.0009253282014130564,0.06027358219276776,-0.06736828477645043,-0.03513932542673222,-0.03162860928383067,0.023387453045663868,-0.00815335758557105,0.019274720006677487,-0.044165348079522194,0.05451933870805486,-0.039888414616487566,-0.07758299424014743,-0.036392781679579544,-0.166653767296719,0.22196865535607901,-0.09910890267964714,0.08354590890124583,0.0022418900222476224,-0.024426130037270843,-0.013489829493799975,0.07040483983181313,-0.05308740339265484,0.004297379095383285,0.02058358177278439,-0.1440810267943344,-0.08105915652596671,0.011109602107884772,0.0038262169171716077,-0.12297004902746021,0.029983822674974726,0.00982464290980182,0.009031910056958845,-0.0006521674792702197,0.010399143365227827,-0.043634402710597785,-0.019248657088306746,0.05064893052017877,-0.10698300198824195,-0.020496770805588233,0.013136303682605079,0.01576252346285058,-0.1975870124896139,0.02889363164523956,0.15565828559806483,-0.1993836219678476,0.04579392926528576,-0.036187850168280584,0.04477590748647581,-0.03676791664889562,0.005760103101905421,-0.021483915313974852,0.08967206212350715,0.15632991456577816,0.059448717448522675,0.10701769844696422,0.02692007267104665,-0.16482133711118585,-0.0974349157289633,0.07998684096801957,0.018945740711096486,-0.06996896981415555,-0.047485205981314525,-0.05085311098187514,-0.0685094264699808,0.08085679450514355,0.028760483104319987,0.058138672421356986,-0.012481468386310566,-0.0418902389377543,0.0350852711760536,0.07654689862774035,-0.07074418659226508,-0.13985568858397346,0.04925006655398632,0.06106864092399451,-0.08167684517825985,0.021601236599361147,-0.1799015985814883,0.1061146802677496,-0.09601117174864056,-0.12110085761782,0.13340342426420143,0.08675762503450328,0.04258242116966497,-0.11498373800158941,0.021882867766212146,0.016704972016762416,0.09627719204925066,-0.01366081331433339,0.02621974188447271,-0.05353560455147637
sport,-0.13063565294031232,0.15220398609817637,-0.054861102858509446,-0.05498576906561588,0.026223193097766082,-0.05719333562499947,0.015032201936566517,0.0788947330483938,-0.014042974343155115,0.013043493773519328,-0.1276232243873204,0.1899356526247295,0.13528019494882215,-0.037306051281517545,0.27545768134772086,-0.21319930067210807,0.1760035932006634,-0.15531660568217423,0.00950725763802178,0.05563016987977484,0.04806829580237377,-0.05693424598569183,-0.05600085415885936,-0.16306623574363283,-0.16071267435396738,-0.030383622536394532,-0.19587364913785102,-0.107442688676547,-0.2853245732068461,0.18490947287614418,0.0077093913470378805,0.014039074059406235,-0.021627506602259507,0.10597871485816793,0.09076717672895358,-0.03732447239927438,-0.10665741627615093,0.08555324839739593,0.0342356556717546,0.13640521837986547,-0.16698138682737748,0.0403841496175127,0.10215422723969989,-0.025585149919209484,0.12753212921302415,0.08969080558735149,0.009076722278444273,-0.010653526375507538,-0.10694106900101084,-0.005297590268282749,0.04237521137507413,-0.12579850716690447,-0.036417651315450245,-0.06440096649900247,-0.021997294464550683,-0.008756399432816192,0.007271001783412721,0.018929250175554885,0.08965554651557077,-0.10075667368873041,0.003021354617990617,0.07864778395023368,0.0244204526142253,-0.03076828034902912,-0.025087160362698462,0.002670131825418381,0.03433502255485043,0.020716759971853602,-0.0716166621688305,-0.017127501604059743,0.039703775101842705,-0.03112353520135798,0.005984930522171016,-0.022043042974676564,-0.029693883884428503,-0.04715876281979732,-0.043450684913375566,0.045511724467763026,-0.05241890247973233,-0.045164303616885206,0.019076404318361845,-0.05352641516617875,0.07115277477295136,0.008942985904168492,-0.033148583786222686,-0.03260257816360042,-0.08651108405818372,-0.012718512895323605,0.06480429498319944,-0.044166264901781056,0.0007841075689866427,-0.04597568063719066,0.051316537712928344,-0.05099638045972817,-0.0419825730245011,0.01748846033516379,-0.03952935072541037,-0.03969946337728407,-0.028055075766632638,0.012381567143210898
sport,-0.11801764055756118,0.18194615109090406,0.3361227727701071,0.028835273084669447,0.01619642633652171,0.040707633772668124,-0.008195024969820873,-0.049365566803429344,0.011757129941293394,0.008854619763371676,0.0705395524910919,-0.046254573199363935,-0.06114871951145274,-0.013429547540330692,0.04984493773696068,-0.013679443991265416,0.02818161888209912,-0.020936043389991284,0.012430991348073728,0.011199021786810603,0.004122260120490805,-0.033665794458859255,-0.06378771890357761,0.06093841053169131,-0.04338033487991678,0.045402718402251505,-0.036425933742176266,-0.01210386944953946,0.0009954242990774164,0.053916681523939004,0.010793370084662114,0.029893561311191297,-0.05162740231923552,-0.025564734001674555,-0.010001359746029712,0.03786303926814087,-0.05465646664414565,-0.0775546832607964,-0.034777653142013774,0.041028529503687156,-0.035555207260913706,0.12596743304273547,0.04721572908313238,-0.023747809514617805,-0.026836675061062607,-0.030385288162061194,-0.0572154536898533,-0.06194833658123864,0.047248510959163444,-0.05928135259038221,0.15863101005704422,0.03409056687272149,-0.13290294622743934,0.1588650096720332,-0.009165146571044289,0.1371964984662494,-0.1540499098714486,-0.027769045887162877,-0.12975841622354647,0.04205937739999282,-0.12813605661076186,-0.013347551107432546,-0.07639009161335354,-0.031709031348133576,-0.007819711476221715,0.09533532645868985,-0.07220884411635999,-0.024324970830357888,-0.10204366274127888,0.13495940141389698,0.014216628217581061,0.034187941578436076,0.05958911380285328,-0.10959621613281989,-0.03661643025659894,0.05858693296963386,0.009831464698853251,0.13351160792677766,0.21468207244308865,-0.048160164466069674,0.06694018524213095,0.17951620485485312,0.023530893342314792,0.07530842980265384,0.04922888902990631,0.017291713620944796,-0.032374538036187644,0.001041519467747896,0.058366053707751726,0.04277198661626383,0.04670290598065514,0.06773134794318597,0.19086507888788015,-0.10509820485725,0.02176386962278697,0.048343926238180346,0.12278440868928873,0.030256505923663756,0.07671056720005465,-0.1556279145023478
sport,-0.10403686237277418,0.06662982364712318,0.2459491420947498,0.05717279627143035,0.019900164907716466,0.07237983836258659,0.05313827202497962,0.014032931639331428,-0.004424804765072485,0.01317044786668982,0.056848251233382795,-0.07890262651989695,-0.0725024036899781,-0.018945396582134157,-0.000935566593873996,0.02733853149158501,0.04321800825192681,-0.040111587832019846,-0.056063663714902796,0.0513348182615683,-0.0033712134419939094,0.017262301824035944,-0.03900743156806184,0.16227571496967336,-0.031461420916803554,0.11358196529744467,-0.02815090689730659,-0.10642847967238081,-0.03190089529475311,-0.04568049624796082,0.014547530026944262,-0.039448709114331654,0.07549321197159072,0.16495353914021837,-0.002944210427495912,-0.02024540714429638,0.08222263542298451,0.3834179550524988,0.07653986143410625,-0.05437530228518709,0.04758350782530628,-0.12923862863897032,-0.10644042849637318,0.049160497011751875,0.0324503067863416,0.015889054760326954,0.1586759736833609,0.1601993975452748,-0.015346083997114174,0.13901541642680126,-0.004631830414232135,0.007923381329885409,0.03019004662895257,0.0011134685844991453,-0.027794726418456272,-0.0890348396152164,0.13312117386618888,0.09596689801097744,-0.016052314048715797,0.018736942452656988,-0.013960159330317965,-0.013423014907605424,0.0190929542429516,-0.02707997851965515,0.0004922982577519267,0.11402394732294695,-0.002341150788028643,-0.08343776252056266,0.015973783553612064,-0.018907831756852074,0.007129209062020969,0.04651247178446956,0.020770755276261873,-0.00560279550610012,0.019175132994878618,-0.03569754208443775,-0.05366841426519484,-0.014352735057387867,0.059327458962426895,-0.06768236166150954,0.02263315048174784,0.040107794474634105,-0.07295452366904895,0.039340029683093344,0.1268122383920876,-0.04363806215575796,0.05495211809735887,-0.04992363798190261,-0.04672983162122143,0.038223170347644005,-0.03673548989059047,0.056356540908771846,0.03022795089326741,0.0693373669136765,-0.14252058818375396,0.0522773621456483,0.017433879552522517,-0.01834102798594452,-0.0027807841871165446,-0.19438607162764499
sport,-0.08131490884376134,0.005718698967207139,-0.07058248234405122,0.01064549652944922,0.005681678228062669,0.04958006124909888,0.007688467915815621,0.06770724513251695,-0.015905468775239455,-0.07430370185176141,-0.0038110987276201336,-0.018844041218417647,-0.00606195201835648,-0.04232309763578045,0.027183152417236643,-0.019686400447759513,-0.0065172438995258295,0.013882660327556518,0.008923302079572672,0.006664676622728969,0.09000564723981974,0.0901897421623024,-0.019232436027259346,0.02623615098673328,-0.0415587667917374,0.025184583090537064,0.04656691267032655,0.04966377777535255,-0.04031592898136075,-0.0338639253377135,0.14144397968546002,0.002875889519946044,0.05709056797594819,0.12603313614467695,-0.13339572870254246,0.16129650016587127,-0.01618094539094832,-0.05509352501031491,0.2180898278306637,-0.16651887601052398,0.0831083957750527,-0.1264936496048774,0.06926860184501003,-0.07612125658163324,-0.09957577821350248,-0.16308836692424575,0.03431583067133257,-0.19773860846827165,-0.12843618248234434,0.03785537150140293,0.018105173060635468,-0.17139669866492385,0.21016016897380246,0.058933571192873,-0.08255417690299927,0.003176476264347311,-0.007041722239087881,-0.1923386513785256,-0.12475781819869312,-0.09683194886403823,0.051909257998894315,-0.16693568062891517,0.01874770390035265,-0.06999491887921057,0.09648035578358369,-0.08381692094376444,-0.01545658334667077,0.06903885835023668,-0.04753623468245529,0.08861449940227203,0.011966525391140043,0.13463253993044655,-0.1272901884540236,-0.04521231229973331,0.1049863072437522,-0.058595954739451374,-0.03022997636107528,0.019795631663427283,0.002819096850141265,-0.000977755265946937,0.041169704082241916,-0.060972918761272636,-0.04866598317210505,-0.047305819735616775,-0.04782025311758302,0.049793382531199804,-0.10198249816198497,0.06953014907584552,-0.054194469698599486,0.224389730255574,0.08035344142034821,0.06592451582627366,-0.11861418781994652,-0.011376152128910445,-0.18794616770710734,0.035616159223114924,-0.0822647864071853,0.00722572183179275,-0.013217072703244901,-0.07088594441276819
sport,-0.14358193194660332,0.21958092892377679,-0.18177981217751316,-0.1362440383001883,0.042079755840904384,-0.06640665208679492,-0.013173912605655671,-0.0922060135770028,0.03229138645061108,0.08101213212487084,0.009330392221769086,-0.08883964137289455,-0.07251999580746486,0.02427193399208422,-0.12211762819325729,0.06682888236060475,-0.03123295756832376,0.030911617174852413,0.030975065396228144,-0.06263852844445063,-0.0427862080110393,0.03583489895989114,0.00522160118391971,0.09248015435119787,0.021740858628282508,0.05768709025248844,-0.02577373620597459,0.27263515820175815,0.07393744770445451,0.08782418809560821,-0.010213607584923868,-0.1022718302030883,-0.07189574464930878,0.07468124094993175,0.061869684107028394,-0.00836004843764763,-0.07497720299363986,-0.012329373875216657,-0.02209983898573962,0.1172879902960741,-0.024156590036693557,0.013856842829291435,0.013400016416283462,0.033908280985611654,0.04291325351474722,0.0009322921649659353,0.13451375582840872,0.01157155929934479,0.04028065400192525,-0.038631739656697604,0.06315897740001325,-0.03888305739812828,-0.039715325212033616,0.019317052052908446,-0.11233116893468491,-0.04011354242350503,-0.08603787173942723,-0.010211508270881249,-0.02017860365079825,0.002524472354277405,-0.02419179061726274,0.019833113907692327,0.04418648529786273,0.0681098806525905,0.09371325424410056,0.055424929642376844,-0.09708041866388346,0.07591135334154903,-0.05138195603605359,-0.010355624289330827,0.0030583984669066053,-0.022519665216395375,-0.0717594926511452,-0.08318888469181485,-0.026459226429877362,0.0595021162421124,0.03065224858050049,-0.11233800150104024,-0.10122799958783184,-0.007069293080081196,0.010043738659076316,-0.06999578391378643,-0.03495717769483987,0.010658936801541447,-0.022143035265975608,-0.03550216768918647,0.0029484730157613437,0.10331419638366929,-0.008507393273962976,0.06172023082093929,-0.02977206577950491,-0.047720224264840544,-0.07889763947390316,0.009312707682238587,0.009341756082317352,0.12468986940293611,-0.14570139075000002,-0.12466059531484658,-0.03967462529814236,-0.04870994528277243
sport,-0.09816376936472931,0.18542065962726453,0.4142549008583253,0.053060006196559734,0.04357813338741293,0.05201405728099276,-0.0030912979082569404,-0.04094066693092805,0.02813066887072865,0.019154512431765438,0.0906943246069656,-0.08899361562462581,-0.0607806312531158,-0.033849009501792655,0.027625838011103052,0.01753832810869355,0.008380860772972298,-0.058308461654132275,0.021894010808857552,0.014128913941107272,0.003023707099932049,-0.049360463206938196,-0.08820576879884713,0.20468044775213284,-0.04590184690933086,0.04627578669060388,-0.007554595633268663,-0.05369946060707917,-0.004544414536850365,0.0026626079798820596,0.010604230744264915,0.010231098666491504,-0.09734798936487184,0.08830884424766125,-0.007367436396482965,-0.0013052398089297094,0.09501704067815717,0.08354656994572159,-0.07279941099964048,0.014943441429468664,-0.10258884026339635,0.03277064768130669,0.038866833597582646,0.170915540304189,-0.12563353901826863,-0.11821753965535292,-0.04682498432056738,-0.09655270352025962,0.1383325302244215,-0.14795788368052237,0.04015755255355324,-0.09215183764047366,0.005640626681153911,0.055360965523653216,-0.0032519540666582627,0.09408501690423733,-0.030030561045101944,-0.006262050015660798,0.1357298945503006,-0.051388332692815446,0.043176523759632934,-0.048359108613182385,-0.03842720361519745,-0.002066004812276324,-0.0543215770788883,-0.029975722366679402,0.06635401259283899,0.07937337101046205,-0.06686414067814865,-0.020637224784180154,-0.004577851869209485,0.015980529774577142,0.1112941685070035,0.008122253793027417,-0.030659340758212097,-0.0058476536655154236,-0.013535330080506487,0.02593314006802172,-0.009693784062237478,0.04465988922649514,0.014328483591803883,-0.033357394858466394,-0.059674063456526844,-0.10060617074484075,-0.018810528272711246,-0.030102440793699115,0.12374593169728615,-0.10186606641034526,0.0013537960978407826,0.014222073863430447,-0.10294568455223664,-0.05239856272498983,-0.09504895297206911,0.02052931323152787,0.018743593904122818,-0.007561044519801612,-0.06996412864795143,-0.006235999673144413,-0.006157677277036255,0.015076380379759436
sport,-0.1470734855714533,0.253877731457517,-0.27315673519503586,-0.13943071956586436,0.07521637019488221,-0.06838836638881424,0.008418936267905476,-0.1080406208043049,0.06354021174123482,0.08972491561647263,-0.0022799955550447896,-0.0467537224250882,-0.03402865331898553,0.0251786143212862,-0.01908237759314579,0.03241130796161846,0.01475452751748723,-0.03897422562362329,0.018636138097890692,-0.02953246759419175,-0.030734768659315886,-0.018516918701395046,0.06434888447051881,0.0014283780908513049,0.026585599846360195,0.03426168607965205,-0.05242709745417636,-0.058631031465333626,-0.03136214077901648,0.03343629557591165,-0.05790053363606491,-0.19984749573607546,0.02188065011130808,0.01552877100657729,0.12155114334993491,0.06917632376998757,-0.04801648273822632,0.07301270049891982,0.021163134731663973,0.032687677707640916,-0.047498842864281694,0.09749858510697954,-0.07375406934555238,-0.04035539017411549,-0.04143966190857757,-0.013778060782677593,0.048449077435474865,-0.04297276963921171,-0.0545273543055291,-0.032372157296661,0.02583267781915892,-0.004679788581455344,-0.03673138260549829,-0.04381637867347521,-0.08315308798860029,-0.008784359597995901,-0.11533886597046361,-0.0016793871307673172,0.14426657575270754,-0.03411801112593893,-0.05552224930529637,-0.054381230017063666,-0.016453668510974163,0.068585155544117,0.12556139737474376,0.018707757532836752,0.04287376327541944,-0.020596511250207547,-0.0007982397019527304,0.07580585549455006,0.011846870956453474,0.014226764951867215,0.07481175090139114,0.023113310002591824,-0.007464169263580884,0.0756853230960389,0.06482582686987831,-0.045717205703333104,0.048094177825525455,0.09131533343215578,0.007840544635798178,0.05526006588687529,-0.02364600596400055,-0.03320590579986166,-0.01675674045765226,-0.0355709285871461,-0.009990083800913329,-0.027618185712833337,-0.10772282485428453,-0.11891928830776058,0.04209349288595436,0.07376976964755151,-0.14041320227231255,-0.012226295799649676,0.08633951438130258,-0.006550644743695152,0.08925856248571024,0.043792279044166375,-0.008119048814149122,0.10856325640034648
sport,-0.08342912169198398,-0.009982251216029317,-0.07543612331565014,0.017980583930734696,-0.021701763321192107,0.053811003993584204,-0.02477934143758462,0.030530549321026484,-0.0400447494669672,-0.05008662223262541,0.03451843589716156,0.0037965913439617464,-0.046136966003813326,0.008421137806013326,-0.016707063378710817,0.02197623849459574,-0.007533853573000429,-0.022552724762059283,0.056767582533956584,0.021162744101501978,0.00972695207876247,0.015648909175490524,-0.08477859414306513,-0.0639780707572714,-0.0787453508224309,-0.032883270603828764,0.08509551842498553,-0.012434224405657382,0.04968955876451554,-0.0016253128550885252,0.023105978387611234,0.17312972534553867,-0.16454877581528857,0.2146375509515352,-0.03274960905454373,0.03722646361186349,-0.19980106955604604,-0.07989270362300621,-0.03304448717963331,0.19144251215771094,0.1406509243772443,-0.12539162910964197,-0.14244176073960857,-0.13514881761325234,-0.004360545971179235,0.11671157424831845,0.055468771416287525,0.18371878675796852,0.10468493482150151,-0.1377854591388394,-0.22432969243581452,0.0012139494988377753,-0.02352569586519421,0.0527480967285947,0.07822247446961017,0.13607337649498588,0.09347963262623865,0.002202819294829693,0.07077191746446258,0.07960613661362856,-0.005892305448122088,-0.11743581267436463,-0.21362613848820872,-0.06894172916856908,0.016669335330101946,-0.13968847575606208,-0.10347252536873175,0.0189007564671436,-0.1050835677527644,-0.0005833721740922114,0.10225168669010454,0.1115921696171007,-0.011781785779907503,-0.036117353315015095,-0.09703631224049995,-0.127775842422622,-0.10263552204773362,0.033797112067344995,-0.031549726236026504,-0.010279747299666716,-0.004520238752979397,0.06308634739801353,0.0689031546863454,-0.1549912711685287,0.049390119942218653,0.047837881855626395,-0.01737887530426594,-0.018218563171193858,-0.10497917091667441,-0.06674117005618034,0.03720628880383157,0.03563589827044179,-0.016848822281930194,-0.016325418976029068,0.0033750679563824184,-0.026291645340730654,-0.0360938609635268,0.07723293726367887,-0.13181735751902496,0.12783671656889
finance,0.7694410172316737,0.3284715410051215,-0.05692228844058695,0.2034226190790624,-0.016157247022154552,0.05063142604420749,0.021692312270158394,-0.005661826194131854,-0.10320532210268758,0.04942707860442226,-0.05029988998541548,-0.030936707069066902,-0.0026976796187769096,-0.015230434532116584,0.004479879348558998,-0.002454333100751993,0.026427481352482792,0.00031946051691141394,-0.008580644196838695,0.015869209940317822,-0.012953425977716657,0.0027041598423916675,0.00297401511049774,0.012980847946250564,0.008270038902114321,0.001163816174454078,-0.0047971800115428,0.007115455649466976,-0.010601273262139827,-0.006108766625886424,-0.012066998079877824,-0.001117970324561042,-0.0008835579181147922,0.014264921850915564,0.004058071625833411,0.007623863239032059,0.009217215931680886,-0.015558620243187852,0.0009730688134144881,-0.018545134659189593,0.0024011893673242233,-0.020843384618834112,-0.006355986267032645,-0.003948425803875575,0.010863302916686786,0.004317052549686805,-0.0012431319053607757,-0.006440860164250876,-0.0014968828288198124,-0.0011390643610219601,-0.0026424610100730544,0.0007030355591663772,0.009111322777477287,-0.0014258161183459451,0.00866480822242167,0.02066443319811495,0.0005425229615180302,0.0008909947054852381,0.005757346257601461,-0.005632818219875904,-0.004300995634220056,0.015917143599803982,0.000778586638513372,0.002820508890082803,0.005510605496516495,0.0013601875695288743,0.0016317485719837884,-0.0038448167388755844,-0.0009204779308327792,0.004982041963328261,0.0016185339804850743,-0.00926264469219906,-0.0017994107431853349,-0.0033253723316986864,-0.010050103813535398,0.0038415474952482884,0.007585840296854341,0.005715897907482202,0.0005121084364817181,-0.013316051965476744,0.0027198196987798877,-0.012854785786420951,-0.0014877231978174044,0.0014798620028791687,-0.0067432060956479,-0.005895015879347623,0.003572273425797978,-0.0028403825004899596,-3.685621636961746e-05,-0.011760405754425173,0.008430913844142816,0.011389975703428779,-0.0030282820135431013,0.01743920817929426,-0.006347042798630124,0.008668759653885102,-0.015364073525498729,0.0039011187296038273,-0.010174825975991288,0.005960218769416753
finance,0.7735725804438982,0.3362762481807236,-0.05238375177545225,0.20531015367861002,0.01460459293740308,0.051840470643964354,0.05173220335573642,-0.021327013570925594,-0.10202250913710985,0.04746832538930883,-0.05609381235186008,-0.00012043570266036045,-0.008854408217730083,-0.020279842686927216,0.016070099998516614,0.023649381462072017,0.04041621057908264,0.019286803936334102,0.010308863096855997,0.023921510443948996,-0.03145205275315479,0.02226636393139049,0.002575581630584253,0.02198082879663005,-0.008565581322432495,-0.024320287666624054,-0.006184305191664952,0.0002270176557811702,0.008139692801295456,0.00045750681846049555,0.0032885413947585517,0.0016889382281281686,0.016287352844791065,0.01976591264083475,0.0049136815514794,0.0017090490719853068,0.0017753658117639693,-0.015239507407476054,-0.0034090208914672074,-0.018732013328267884,0.0017792163899176734,-0.0047670919234149975,0.00728107569479898,0.015536800254434558,0.0273497471328088,0.005937586007524155,-0.0029563518465555625,0.0013743549784863513,0.005697082911558234,0.01069362799201239,-0.012716604527049888,-0.005363410913572406,0.004140297126983332,0.0005965562436716165,0.011586098973209754,0.01345772742352904,-0.0026366125294671346,0.01019144993075345,-3.525404950566174e-05,0.00979625538558287,0.002027910575078228,0.011525104134795943,-0.00841139728174919,-0.0020299372050136336,0.0038240450884099554,-0.006767415659030704,-0.002236131258406269,-0.016353457485893248,-0.003564747837470936,-0.001439437142428648,-0.016067573521111156,-0.008552820212150829,-0.007321402005827137,0.005476945299672104,0.0013763687306106206,-0.0033502306222044343,0.013925065478799868,-0.00010108354764357207,0.0041265664459733875,-0.011341342725518969,0.004092176749596187,-0.0017082161441081586,-0.010191222177690513,-0.008176865185313402,-0.009573792339282888,-0.0037784214233865846,-0.00019659981263390417,0.0078000693560931565,-0.004942439479192002,0.0019383303460660708,0.0005289830298680933,0.007154537798205181,-0.005904746327426108,0.01947510176558915,-0.010311234820829492,0.009078487732202264,-0.008396510022659487,-0.0037162536361179934,-0.011591486199972415,-0.0033099331706184752
finance,0.7458785775881154,0.33099314114548783,-0.05280042265211586,0.2054123252111241,-0.04671606161596202,0.01757784442857033,0.0028714642099548493,0.07552819408237285,-0.05763486329425019,0.08002598091749635,-0.044099983481259215,-0.03547592803520529,-0.006126107349832333,-0.026635928881345076,-0.003645062608131317,0.016368234662323674,0.05115038228540544,0.020418329016706975,0.023695591017900374,0.0023287900494519042,-0.04969014354342124,0.03034469576446844,0.008938542545655051,0.005084145086312739,-0.023113192292178255,-0.016933222438690335,-0.0034945655576800287,0.012089512316676675,-0.016679443026468267,-0.02093677565407154,-0.005204009320307737,-0.0022501775905827215,0.018869723324552758,0.0076566853450253025,0.013715476587779064,0.03482213334991605,-0.004131474745516739,-0.014854714468093088,-0.007327517821785089,-0.009918870206591403,0.010067264718984543,-0.02749751060838373,0.00038393819952792376,0.00931897039939604,-0.007054940397800192,0.02379806252298596,-0.004993549528163611,0.007712668113055356,0.0076699235482075535,-0.0035662688292906475,0.006262949110101522,0.003714325997970659,-0.012706472748931913,-0.03959038315062115,0.005864723100664329,-0.0006032109188491098,0.00494423650971942,-0.009076714547020562,-0.00909832217388301,0.008810845572385735,0.0038457331549158883,0.006397899640166172,0.00690474520931165,-0.013991498120445908,0.008110547291050067,0.006430875517241669,0.014111578804432328,-0.005433554782056632,-0.009052131096681317,0.02772052477495922,0.011442804092415647,0.01586303807447538,-0.00744226490339581,-0.00965299796473976,-0.0037007074442455836,-0.00837532229212678,-0.0010494617982324647,0.002878732984960826,0.0007249611255124466,0.016820349909088306,0.012468568283256563,0.0013085384615060434,-0.00995737161468213,-0.008478504123004283,0.008255640711810877,-0.0060503933677858,-0.010719178596541108,0.01616422693636854,-0.007415518915796283,-0.015968274012472576,0.003152009071072493,0.004452283281065464,0.00020233458464936243,0.009432227623961262,0.001846609230978673,0.023453482020486065,-0.01881612552288294,-0.010635087589914312,0.019958436146116705,0.012093544078095961
finance,0.7310009140227998,0.34265493584504797,-0.052356818097176946,0.18248975773358636,0.041436996993803314,0.04714034946115474,0.043564507056786814,-0.020353596917434973,-0.12856707985822768,0.04331054375791482,-0.0644200451716768,0.014824362076442481,-0.01850112473771148,-0.013478852097038339,0.011994294701588663,0.06792902073716166,0.07338607513266293,0.051913144128580536,0.015808778602524203,0.025055072898381464,-0.0462268660072244,0.047936796099910486,-0.016047888706054104,0.013506397816691438,-0.02021308666221282,-0.06916439895667768,-0.0012105948909190368,-0.016220079312725996,0.03420980321841918,0.01758534810713002,0.0110116172664831,-0.004891420813583589,0.015505544624748237,0.018215680946649826,-0.0009167995221886075,-0.021574705266383665,-0.019284462765153842,0.013474010072792187,0.006691577769039703,0.012271479134093767,0.013780194470529129,0.004421692251579122,0.015149875619601473,-0.006133629750992482,0.0023644421305040507,0.006565050373460472,0.019746379520547638,-0.018777912331278568,0.015104128521183029,-0.01285769291430921,0.00798929458961096,0.006743245201174538,0.004923796937321914,0.012594094078886583,-0.0023042158042196107,-0.015398632048633436,0.0011712650483739829,-0.0018370290263446704,0.006865971389093335,-0.03171059667708698,-0.005880229095259336,-0.01966306730887497,-0.0011147599785911305,0.015135783507682101,0.00475253992569977,-0.0003944445660863753,-0.01543341429734931,0.015129607082287937,0.030117288338563752,-0.017550777898671308,0.011036566946648415,-0.0016338305159704202,0.008316132138112992,-0.004550275870568464,0.004556727958255058,0.013113805517116177,-0.012732177593342735,0.014512624165993155,0.0028166799272218847,0.01335123395460211,-0.01514285902820875,0.015317002579292985,0.02034340995196599,0.0088650427394691,0.005710231693497202,0.017878627160939346,0.0010249197045904819,-0.017972291156178384,0.015030842335079925,0.021755670674208468,-0.018923543082408144,-0.01592968193095246,-0.004260973135789485,-0.02152823573492709,0.007278176991235637,-0.012842938943847387,0.0038515352697852793,0.016556388105722096,0.0202884065846652,0.0015810020233625027
finance,0.7911260698635874,0.3287725075329648,-0.05647895923792928,0.1909679973214325,0.030378439969819145,0.058171705516214804,0.03520944589093169,-0.02400471399277845,-0.10197481360852484,0.032096652315978864,-0.04888406541953228,-0.01366256860756574,0.0030416339830981053,-0.01761605982311702,0.00946054931667806,0.02422506909730887,0.043097194895010627,0.012179098284388094,-0.0018215441744744447,0.015547152954881923,-0.03483395090433284,0.0248311047008543,0.0039570683445947444,0.012545516574059666,-0.013298875211640585,-0.008055315388000797,-0.012412778609613746,-0.0007806488420382236,0.005165338274194447,0.0012352584056810763,0.0010588069787607454,-0.0004863332121145625,0.009892459701151227,0.007271385673746778,0.0007367836148831887,-0.005607432889260733,-0.0010770483228728044,-0.00997832685652933,0.01505786404471326,-0.002946126051408723,-0.00045657116757357314,-0.00606288816349479,-0.009543017566774354,0.0029501988988706843,0.0006704648057816437,0.010804236460958003,-0.00045320590711330746,0.006346407034082003,-0.002231261509471121,-0.0007762788638319799,-0.0061176218101993305,-0.01624811068089331,0.0026017054987767614,0.002751848811285948,0.011052048424234769,0.009413246081989537,-0.00890012976518385,-0.004468371774811513,0.003780712635753813,0.025857073799003705,-0.0019441185403089305,0.007210052702482015,-0.007647904037564336,-0.002780646185330129,-0.006875588020348524,0.004488303246246046,-0.000856520409170876,-0.0075398005406146825,0.005327572744997872,0.006741002008440641,-0.015066799412470062,-0.013730813001228161,-0.009128434869577975,0.004955344767564311,-0.004187856551572109,0.003473526851661596,0.008524945337663457,0.0058664641920105585,0.010382866370102651,-0.004166915195165618,-0.00497492357734203,-0.002027849662965208,-0.001889055401245088,0.0011515597694434652,-0.0028891300909476138,0.002486401057954471,0.0007175444258196909,0.006833566467544098,-0.0028295402862816214,0.0006139938899767103,0.01158578583444361,0.0004930445538433403,-0.0081279332016345,0.00822307844395802,-0.009659003516919706,0.006837291228531952,0.0031279043919504113,-0.01672580919790679,-0.011457035014652254,0.00525221224264311
finance,0.746906548945964,0.36364265848301597,-0.058282904687357584,0.21019697066374438,0.006080338498854094,0.0584313684170867,0.03504187622693522,0.006183128401397947,-0.13504678275315,0.07876337498259532,-0.0663013914993411,0.006574336971901691,-0.022720121733370163,-0.01589732933428851,0.012600430318077336,0.058007804364264955,0.07881857864279895,0.05491621260326918,0.029051489053721413,0.02458867222884484,-0.04015820693958624,0.04407513301727223,-0.010937491495530128,0.016750634546254885,-0.023475130003156167,-0.05871560131727008,-0.0025503766711659614,-0.005020021203472345,0.021270044914723965,-0.003882797715414408,0.022209652707254744,-0.009364790757615968,0.019388152325276457,0.02525067307034987,0.0039124905858190905,-0.012641176442744782,-0.0014573565902748717,6.615255010289538e-05,0.006393364334558957,0.013933646175441723,0.02196309284008091,-0.00827800903475352,0.020570743717638014,-0.012778388936428372,0.0035804711507894833,0.018831651625063436,0.02240409779156006,-0.018317115389492322,0.012219114571724374,-0.019619638355999693,0.010528079308128161,0.008955958845438549,0.009129699544606504,-0.0026787135433227944,0.005000587274449778,-0.025716063758924736,-0.0006674936748063551,-0.0013610299167742894,0.011237705429473884,-0.019570330755282302,-0.0006833209632142771,-0.006333524086974178,0.0012011813777640663,0.005139560767159424,0.005575577782331577,0.0028390836303036995,-0.008762031500645083,0.014892413618277492,0.01154107794223251,-0.002375872008064998,0.012863852157685858,0.003400610083003726,0.007530173923213541,-0.008061756535172365,0.0018349132841072452,0.02045080618154411,-0.009753612151939655,0.007683891666331868,-0.000834458329464368,0.004531410481349107,-0.007968310339868116,0.01416063521047286,0.026734416343929118,0.0146949754267831,-0.0024918353047221143,0.018298589866565424,-0.002231416621478466,-0.02219450285579327,-0.0038978543525612828,0.012270664364749275,-0.023231708405668516,-0.016485938713074143,-0.0005909683750082559,-0.00511590764805092,-0.0028278169126068585,-0.008989177554322391,0.005538813865956171,0.0071319329550119225,0.022835012111959787,0.012588416590590174
finance,0.0927768665766481,-0.17864931291503144,-0.031196703695090224,-0.009711314021826163,-0.0697681495299886,0.10462591014736783,-0.02699809161685945,-0.06214949244358445,0.035772355599254575,-0.00966391640256114,0.06847723361352027,-0.0969279446686285,0.07335729569538173,0.03084636417107458,0.012519908124018922,-0.0814379537326747,-0.12562520892782686,-0.13611159760438957,0.03589727243314297,-0.030186751569380648,0.03404229745111476,-0.1349099964372301,0.12181423975027672,0.05201492414403449,0.00047922885580577585,0.000813563666228953,-0.08861294278309086,0.017466230195429103,0.044097129899188535,-0.04084050654012481,-0.15827918506491,0.031098209242560244,0.010422643410173385,0.048436760538388884,-0.0028160058017616574,-0.2829101018631847,-0.040938471220454214,0.004551995831017491,0.108578597060853,-0.007774125412353856,-0.01287860137837782,-0.059890848383038355,0.03903868541131379,-0.09412445548432448,-0.09060785806962705,-0.005452423734649495,-0.02479462472516391,-0.13062378829657406,-0.16774092923559092,-0.09694417776086696,-0.049896134454502424,0.13248806091985632,-0.05392715696103653,-0.0813217449428018,-0.00423675549645437,0.11801431677963174,0.13173981771558513,-0.016731405647031076,0.058350997009824365,0.0708969142737102,-0.0018094236233945516,-0.028127869312112454,-0.07700144236602105,-0.033230756345619616,-0.03812009945534932,0.08098639290353969,-0.03970766911461256,-0.06225476651920534,-0.04768284205225571,-0.017521778917023296,-0.10582886938291995,-0.05023537944053116,-0.0192189388429155,0.026620262194592192,0.015469891562215902,0.042825050721968225,0.1316721165652494,0.06912831371857382,-0.0020705171762255034,0.006886200482023439,0.0652955163812304,0.013829253161611915,-0.031397666963063085,-0.04448313593914175,-0.004802101639973489,-0.0069454704519813035,-0.08450502932215544,-0.0333394390008514,-0.026087155228069796,0.07199287249731628,-0.037547038380995795,-0.011740193646622743,0.007639970993838754,-0.06482696942072522,0.00698316757586692,0.19166697353779974,-0.08827284809456253,-0.06160960718628675,-0.05061373552526336,0.013734219889159223
finance,0.0036820373155502296,-0.059213010032726936,-0.007842555182680802,-0.049495254558802305,-0.025519227867849034,-0.04512730138401954,0.06721454284038876,-0.019936283860417767,-0.03736075054960659,0.03631207670480585,-0.05015642210827518,-0.04642002959808604,-0.009137935535857332,0.011576361951483038,0.056961496559395815,-0.04537900473992742,-0.03277073502348514,-0.04886906955144245,0.01856798515481785,0.034874896607767804,0.10386884106493906,-0.1030934979642564,-0.004374110591261155,-0.0024387883402565724,0.017740298812188957,-0.027683219355447968,0.1654088908034165,0.0029578436752314818,-0.09058494484836269,0.11836602733501839,-0.05590681622599576,0.015194313693485431,0.15266020397139032,0.027667394414199933,0.06965482482517908,0.15730834700869842,0.321591873160415,-0.08069610927058342,0.09181683542009993,0.21878816231278167,0.1419025577700951,-0.06277886130881719,0.15454176781643644,0.11240344079169477,0.06613486502631055,0.10135697895470618,0.03708931122427411,-0.04836051536532518,0.01729176200674877,-0.012668259708222168,-0.06932046021456371,-0.05144567045906037,-0.14033030214095768,0.03088863263461396,0.07159483297353667,-0.07468004830408755,0.10008381962598373,0.003006460894992603,-0.008674489638052573,-0.028285184737982343,-0.0019133790993478997,-0.05059172623321776,-0.02993032294505883,-0.01736897272023621,0.013639864603814453,-0.09086574226639185,0.12851158400646623,-0.011005525354773737,0.05837259903726022,0.08276812672818239,0.0006235733279631396,-0.046075708554136695,-0.03273948786220311,-0.05056235767903173,0.03063030163195586,-0.12359182980306216,0.12138240112686775,0.13371037756308501,0.08346865855532067,0.10314248987791401,0.020341806693277967,-0.001532590081806005,0.02090849859976434,0.017279638860811502,0.17388095149054977,-0.033173607244881116,0.10420810280600047,0.043287493152482065,0.12647253519382337,-0.01985770424673896,0.09943862776181567,-0.06895788695354733,-0.07614504489575818,-0.06207843824328584,-0.04305567065048293,-0.04426664791592767,0.1494747001027116,0.003224078653473223,0.053322002437302445,-0.00777912623738267
finance,0.017033698393076238,-0.06551458920950273,0.048037988145130286,-0.04985513796242187,0.007864091475558178,-0.029629992777142282,0.03135684279939519,0.001424010051905618,-0.015643843571451068,0.023120614308938855,0.04341311867134326,0.007321328814361086,0.03806838464121678,0.015581487428783222,-0.0029484348867735728,-0.06443852932226624,0.027232957835426997,0.00016350713254244812,-0.044844950377529655,-0.01194999805593867,-0.0067225242701352056,-0.015245552635108744,-0.02136388808285013,-0.01458446466816421,0.02482359280344318,0.043531489011729554,0.060940877754990075,-0.027002226464104016,-0.03868486765155992,-0.01859860753594066,0.09005074976083226,0.018417301870167914,0.02577891251419951,0.09752267646133243,0.036842338620593,-0.09820284733168277,0.05229840049615591,-0.12163904327688675,-0.1046485308657062,-0.04653523515982639,0.06831932504311884,0.05461191651586733,0.1533749355065364,0.18936548873851639,0.13778753643210465,-0.05304724095571968,0.032800593666071166,0.2735464285263333,-0.10138072121098159,-0.03298591871485113,-0.061342613789893176,-0.012723881476137113,0.1762509857635931,-0.08165580345588914,0.09783267386595827,0.14405158292733222,-0.13676454578200653,-0.14263755138384265,0.04399640177967454,-0.15043453350211017,0.11752355802789818,0.08203422097530087,0.07635465256060747,-0.2429090191144948,0.23952820234747993,0.07076544400236975,0.032507666099933816,0.06566580528975208,0.203281673088032,-0.11916412906477121,-0.14306269869409063,0.10481395455237263,0.05951508588588877,-0.1388767714017954,-0.050005212097045525,0.07336875886897483,-0.0742177192351273,0.02429635281970508,-0.05194111644067373,0.11835286937559317,0.03691240253441474,0.19988327678255013,-0.11313287142524749,0.06214816928545591,0.005787998744193304,0.121997771659729,-0.0887542441376876,-0.029185562210280135,-0.07819645801980465,-0.016951425303444005,0.00015512071138620701,-0.06827829531110988,-0.01279811658364428,-0.11613087636803342,-0.03416856956658187,0.030824369906239525,0.04978112780892409,-0.1515488353675391,-0.12692548455190902,0.03280100996990537
finance,-0.028175758967787998,-0.19189942311469596,0.017085595462628275,0.01931890184566509,0.11962154822913215,0.06122073028712742,0.42651320060432657,0.16675202171773026,-0.007661409537593087,0.2970922589407243,-0.010254329792533191,-0.05175621031342426,-0.010645086828375309,-0.03283364096484379,-0.04179383341182148,-0.011754272748385282,0.018115903474435906,-0.027462004356628045,-0.18090705738386678,-0.1233795042386444,-0.09924058345928785,0.04918373335446859,-0.04544376599586403,0.016378663839985742,-0.02777446352150101,-0.02208152682337531,-0.14454737549783278,0.026821597170563212,-0.019662691558336193,-0.175496014292367,0.011037248693803382,-0.061872634206647376,-0.047324366150476214,0.010135941456315968,0.002119885699426163,-0.05085134679169561,0.03209817304626953,0.04474217898507951,0.07462910057785252,0.043706759625680255,-0.03171644606372643,0.017387915802224544,0.01845593242762266,-0.03832280669196635,0.019975443467744373,-0.010649826038718793,-0.03595215030470292,0.006687811763831122,-0.0097943671096623,-0.012333759818917286,-0.08793343999282421,-0.04382465343269409,-0.032364009906443766,0.029291758938476593,-0.05441923143686788,-0.04916927631003294,-0.0012242092844287965,-0.020613951776458885,-0.08000669496784087,-0.005058528281869834,0.025391797382368304,-0.03500102753742694,-0.019803435749816415,-0.058676866576710444,-0.04001783587909007,0.03465209062165086,-0.0746679060911197,0.06475123459125594,0.042580611939326,-0.07448860933307193,-0.012193916896669429,-0.005222274451249488,-0.03328732876042444,0.06053031387346348,-0.004338830837196195,0.05061702019163813,0.02695484516270281,-0.015926410925335956,-0.03499132889976208,-0.035311852209217495,0.0004091723213411516,0.09286880652441395,0.04155429140830746,-0.040989652339685136,0.026082484723879758,0.009791616214558827,-0.04405526479299028,0.030471522380768144,0.055643033857084724,0.0029022155907664307,-0.04285382696751895,-0.0035484358250334764,-0.11995754198957692,-0.07998362716681161,-0.032259351824724856,0.00020922109282844238,0.059180780825116526,-0.001747322334306252,-0.03086017739032438,-0.026073233583475523
finance,0.21127715037365843,-0.14955718795372744,0.07928502528355423,-0.1683825322664408,0.30903830630894746,-0.07331432631590934,0.20563476547638015,-0.24503643543819095,0.26149029062877643,-0.39026579357428154,0.019219754167792785,0.1474975084201034,0.02432659262629543,-0.07307952671077064,0.055489285197729825,0.1460216002041964,0.0017573205697635035,0.008822196212058238,-0.13578625535643618,-0.030921556810980695,-0.11531362555013182,0.11153880933559926,-0.028551207061597746,-0.0009515607077396665,-0.06765352961083688,-0.07553617341381519,-0.0242354334928112,0.014054143620987121,0.000271672872127651,-0.01745385877185033,-0.09328890505239615,0.01388078201944447,0.01554999642958074,0.01908626953415322,0.03038068277026244,0.022623606961266703,-0.02309309794918627,-0.0029881786151770414,0.017183947915531274,-0.001283223379029184,-0.01645841414599082,-0.012984275416597513,-0.015747338797616108,0.053449708130794145,-0.032040455899431886,0.03374501978758538,0.02441390791330803,-0.030494692600283056,-0.01586506079414651,-0.043585188477488594,-0.010177568517754277,-0.0056125029238981,0.007792811175248388,-0.01277391498898152,-0.014552119988434947,0.016761082777501258,0.03630700832345826,0.013428523383545726,-0.05425856533332129,-0.018381058544489976,-0.016005778330065713,-0.031211069595724197,-0.0033619354854905158,0.02318071279675438,-0.01649512726962702,-0.004403805428185653,-0.010074797245683763,-0.010841441228709756,0.034120718531140425,0.007112109905261143,0.013596748089064798,-0.022093100503266603,0.035651629528036556,-0.03507991660183642,0.02572083400941467,-0.009086357691981276,-0.03182303030766221,0.02237511285378301,0.0006054592026697106,0.020024002681148408,0.009081550271979552,0.05113092216528258,-0.024668277102048806,-0.03480427029758169,-0.05739403097212507,-0.0075974732591479206,-0.010285920738575207,0.03476526582770922,0.028955002375407164,-0.020046445435651043,-0.004541213850610009,-0.003782706253892289,0.0006741482855348947,-0.0006176349914282436,0.013143589261198442,0.017664845845457453,0.0011918346104765587,-0.02785265364761337,-0.008350380219391678,-0.0015335726871431843
finance,-0.014420288308172283,-0.20764797993732248,0.025257795084965656,0.014457801938498771,0.13037223633411468,0.07475770888244918,0.4480831990793138,0.19107814557328576,-0.021158134530159273,0.34466941361599984,-0.04134595061242225,-0.05452293857825445,-0.010332872228863301,-0.03954911785039148,-0.0518902957550265,-0.02332079591907199,0.02076697568455211,-0.04231793260074373,-0.171243960147779,-0.14555878680519538,-0.10207011681092974,0.05327662154677819,-0.09775337530814146,0.0042316904678261075,-0.006767862140685045,-0.0585906394828417,-0.12103801141686021,0.001874073732476225,-0.027619918679309803,-0.151496194089257,-0.0013805842213215152,-0.044427639671719185,-0.0787706175211175,-0.01717845823928081,-0.012596418070013875,0.0007084523471956325,0.004920239486349711,-0.0012480593331508753,0.027913020883326412,0.05313571598309119,-0.006428834315908034,0.03647452497309074,-0.0059564611128641145,-0.026819325715608203,-0.002706847723602191,-0.007623933947727294,-0.024428944940461775,0.0026451342345882567,-0.017148191440484017,-0.01328231317777187,-0.04458981049276562,-0.0349857454041241,-0.014998816999827252,0.03116415875417629,-0.0657612815550558,-0.007523188768501956,-0.027540707091706817,-0.03165634363864899,-0.05517922554645565,0.002310995931988451,0.0032949495524466754,0.0026970910773962743,-0.030883040361293777,-0.017571355928651174,-0.06029378125312665,0.05372868399314021,-0.06936229788087632,0.05758633282439829,0.020784975513648996,-0.05763083071243662,-0.022426875429480214,-0.05219889078453301,-0.020985814513038895,0.029492772466087894,0.01130802708535114,0.010354409987852533,0.016034059553759666,-0.02909895898764178,-0.038221233521404385,-0.03978346780713121,-0.0034115457103430728,0.059451322740443284,0.06372419359039705,-0.030098806040889752,0.02203574592615768,-0.009315019937321945,-0.030730593648507044,0.01796564062638224,0.059850046603392576,-0.03609111400781731,-0.0680138599224096,0.0004176075973273855,-0.09456467042940989,-0.041396017788440036,-0.002340723826748583,0.007260758800125836,0.058693341941931175,0.007709229642467276,0.003271985328741533,-0.03597487533984836
finance,0.11983943974068775,-0.09778298209268804,-0.007257832201298289,-0.056147383556029586,-0.05987283260343916,0.020936703009084855,-0.03706605325999981,-0.05374361970138074,-0.073298077555629,-0.012091876017010955,0.06529313177974128,-0.055320766133172335,0.006902524441803409,0.04714339646909795,-0.005476410342269706,-0.0916887080805848,-0.10564350380664513,-0.07328108586904986,-0.03366569022516737,0.005467533208141428,0.09922728409012149,-0.11916492227842536,0.00815350013465659,-0.05317590249836563,0.04908981362098146,0.13751003235596093,0.09275084212298473,-0.026171457587258137,-0.09106833649216356,-0.05467510773422098,0.01627087687754878,0.02357136492772034,0.027403369182333576,0.003137687354806488,0.028164769302822867,-0.07190465982906523,0.0738761888123095,0.004824433002724427,-0.09331819832962279,0.2040848917533535,0.08265298374088671,0.0408748235937753,0.11136120670988191,0.0028850894891394203,-0.022203381054837885,-0.05927743570856711,0.008075826782945656,-0.018823431364246208,0.025965646842261755,-0.06079052915242449,-0.11127290067207568,-0.024824272175139935,-0.0990253833867231,-0.08623557030842237,-0.1911920815330657,-0.06858038101682293,-0.05210200392610425,0.0010486707580129597,-0.036108406987712185,0.2100313533924798,0.023332271392472737,-0.04701887686407158,0.05594140585366746,0.10956425949538343,-0.10615143425108688,-0.08759562531060588,0.08317839581242355,0.08545250280859017,0.03186434241981172,-0.03378377782566775,-0.06761508929029542,-0.030826518510215787,-0.0632152849396976,-0.056268957962636326,-0.017069124812868937,0.14679532102301135,0.052092782217191304,0.11835373247943314,-0.016876958115780386,-0.006199892630737475,-0.04697317560367038,0.0755416656590236,0.10810527369061497,-0.0068869720709093555,-0.004682958935604409,0.0045244499533222725,0.02224442974254895,-0.04249966893483785,-0.0028908887683784484,0.06631746950028104,0.02415697156102345,-0.08313733925080768,-0.029295854979025333,-0.0974102045464577,-0.005639921070137006,0.051221169430090606,-0.08555796476185498,-0.1794465206677357,-0.029322095261450853,0.12176401623180648
finance,0.0009363680250796081,-0.18818885918376543,-0.007663653159590939,0.03804290606016426,0.014168484395718424,0.046735539038879406,0.40340041820516304,0.1049545495080059,-0.052780269271541086,0.3097725265434525,0.021557003778495915,-0.07787599179467473,0.026451415590840945,-2.397212940456346e-05,-0.08189808199667131,-0.08007247867386978,-0.01426572426925944,-0.0605363116002379,-0.2472445158187336,-0.14822909596931438,-0.07790771018230887,0.000752054231987078,-0.09132898872781173,-0.011282972151492744,-0.0002432909964335478,-0.08115423502868586,-0.017017857795440492,0.005656126651780251,-0.024969788157182152,-0.04968956662201256,-0.02998809792292399,-0.009747048989731048,-0.04841532384867675,-0.023860859192685494,-0.03690929025205922,0.02330657203288039,-0.009031064710750176,-0.042044465714726996,0.016721081278625507,0.030158238137083154,-0.008461835977474403,0.0676398960622463,0.013085869275094187,-0.04998472085948692,0.009770274322455369,-0.028967856328699342,-0.024828533706287355,-0.04091834419180387,0.0294625977136219,0.09629502835270487,-0.012848455657883158,0.01952676017686172,-0.0382185774621658,0.0031612338384552447,0.02122050325546597,0.03182521756639124,0.009539427525178733,0.014186692257703281,0.07099793267572377,-0.00016120281632370996,-0.018098945664146274,0.02132265591876633,0.003115881248892557,0.026924104976773413,-0.0033742956456895967,-0.03339522173622873,0.04731800278969212,-0.005493680381398006,-0.005486526581216004,0.004072882501120649,0.07647128430785097,0.019417950100870503,0.04398446651261045,-0.016933297681575088,-0.012434087912420237,-0.006655198907187327,0.00020852828947716607,0.014369531339619174,0.03576406568356488,0.015914244869395848,-0.029751400275863187,-0.07157098363649998,-0.0629569437346679,0.025515610827102606,-0.018454222525294512,0.0011491122742822773,0.02683178224842763,-0.00705038504695026,-0.016237056790756113,0.01584885137169889,0.05841656420320699,0.029150894354094296,0.04688083833064049,0.07630229711294365,-0.01817497098835212,-0.02154553617541693,-0.045836717343733964,0.043793621114376256,0.024205166567045102,-0.049083726744851515
finance,0.0193375018576716,-0.1464738037660106,0.05894707318450973,-0.09681550712866831,-0.13722230283455464,-0.06086313482893968,-0.1469035634545981,-0.04669482284970651,-0.1601672591002705,0.19270988934393163,0.05757553927374702,-0.14624660272012685,0.4075681011938609,-0.09041934901865623,0.38332923865234036,0.5726748916557485,-0.019200395503802682,0.11119344476256217,-0.06857880463019933,-0.06551546738502258,0.06670481939579465,-0.004235607108433902,0.05108459482457832,-0.03626111727109253,-0.06916540932911155,0.021551060193178862,-0.008500820116239129,0.003779193492790922,-0.005910554944430321,0.034032637203509956,-0.0643088010805362,-0.018744028709805762,-0.10672185588463841,-0.011578091364770579,-0.016689929071106297,0.04144553977437189,0.05623620201523139,-0.0020314406931672534,-0.024116311625099793,-0.04478157653705922,-0.007457981282374844,-0.017397328636037896,-0.0052904536829545224,-0.05361562390701755,0.014361799038416466,-0.008760085308447099,-0.0003458736750114273,0.054406042780811646,-0.00469347539980459,0.018222076487634947,-0.010783707400824948,-0.019883843917670105,-0.011387061533674248,0.02380687109197676,-0.01169593219202661,-0.016157015306325278,-0.00514382318298064,-0.009972127848582651,0.0036091397478566875,-0.015309205090145933,-0.0010509081403297373,-0.007086470509007781,0.0040891796405267385,0.002661542899121966,0.008411378923012748,-0.0006934405142716079,-0.002720856391972944,-0.0014610295702753985,-0.013774267606165192,-0.00878455595127499,0.013568282807110718,-0.00038263942507776237,0.00019547738016443574,-0.009205630098367784,0.03223526757267105,-0.007897919751750011,-0.017487436837602417,0.0139840101932127,-0.009050358696413822,0.0036134824985350577,0.01825772590131877,-0.00023521727083339165,0.014544870628564079,-0.004604202245551797,-0.01776595756004957,0.012979580957470904,0.019841149012807407,0.0015855614157018584,-0.011721088877918125,0.005419139691664569,0.007596205439500937,-0.003239926169691973,0.017845228623997317,-0.028413841638603988,-0.02552004218620229,0.03219060835545323,0.044655820846745645,0.004085528046207675,-0.010067607807408641,0.028129105926394712
finance,0.20296824912165648,-0.1518262257864968,0.08396339597997032,-0.17731567350080876,0.29756548294818047,-0.08063094378056622,0.1817073445576165,-0.2507747663849963,0.23813155230439947,-0.3800710649859786,0.029336141375545615,0.14668558963232767,0.023709045222492543,-0.05859119823300745,0.04581139449590326,0.13387285408211855,0.0344555288325375,0.030992410146638477,-0.12709912377538948,-0.06439417185280372,-0.11585451057334106,0.09477794543187029,-0.01814666151812107,0.012038047913234689,-0.061348745269551454,-0.09870780612228795,0.00024253384119023394,-0.004617723631677704,-0.01856448817360476,-0.018928966528807826,-0.08144036754712164,0.006393442625914782,0.05211499677086129,0.030658139096691805,0.030631427851420798,0.039103857308259,-0.03558709869355369,0.0022127527741038584,0.014499294992120892,-0.022007452348335222,0.007200548124040091,-0.004555874680183401,0.013099006313618248,0.030010907457707688,0.009238842099205622,0.04167623589904236,0.038885147357169525,-0.04466083408785244,0.0744261415157884,-0.0343714158875099,-0.02221129426034282,0.0069380768462783795,-0.0012662983276926832,-0.02154343280971973,0.0009610164538544743,0.01420386285125256,0.01597585273909147,-0.022554127125851402,0.0032639240027963353,-0.015558536011471292,0.0009703480565978128,-0.012224797103529975,0.025259186465279877,0.026311194533535334,0.04138233209010078,-0.007925812505270906,-6.146865619023828e-06,-0.036148278118258964,0.00596250733660356,0.02730018430479461,-0.009196916209195972,-0.008833865596274894,-0.020447726109069118,-0.015508817949257089,0.009634575869370226,0.043307023956570066,-0.013122365484778211,0.020826351027274034,0.018741147888213006,-0.01796594921138104,0.03806200134353051,0.020633285893040625,0.019597077364714898,0.0005428908880273885,0.005506544959163128,0.060844216821506175,-0.004312997988666676,0.03028638724085828,-0.04326719699483074,-0.006455801071129639,-0.04482774613696731,-0.03337390442493471,-0.013832306722668919,0.019005104878092167,-0.048698135169548934,-0.001756116062110945,-0.007295074788099189,-0.017640692294884294,0.0086485986088597,0.03365444883045973
finance,0.16902710986963995,-0.141117061392444,0.06107533146983451,-0.17486660814117364,0.26555159131240963,-0.0707904500472656,0.20532088595633388,-0.26792723563460463,0.22371872474455218,-0.3557077816974192,0.037128710894125685,0.140858062733757,0.017215804592863846,-0.04627338418119743,0.05456200963301176,0.12321855468327,-0.0015432150717880823,0.01439173913277809,-0.11594730827209837,-0.013812104880659752,-0.11105170589588895,0.11106732216603836,-0.03005207244862474,-0.028412429226291887,-0.03895836365790365,-0.04029353640512405,0.011012767688071535,-0.014900570902086704,-0.023705410913152224,0.0035500920780553295,-0.053253173056482674,-0.0032428790191257103,0.03381305922495786,0.0419778178000031,0.050577332165951346,0.03945107654052462,-0.028018802061703672,-0.009730178326422633,0.024332882242937698,-0.009425480082893154,0.027765372831420006,-0.009623436025757088,-0.013126352934343678,0.033360691643133905,0.0501349299314672,-0.047546431899378516,0.048979251523542565,-0.03782331217600162,0.014045596337934469,-0.04058045635435396,-0.001753282113122223,0.08024341203088582,-0.03083808998202061,-0.021892161503276483,-0.003313292507979692,0.032485910322230485,0.010125699219281616,0.006388195809807757,0.011654660407687303,-0.03323525495271551,-0.01701802527177973,-0.013663893154692415,0.019954593905854908,0.08489860801776623,0.019430768745952624,-0.030592428444326518,0.022058822736104874,-0.023783366369639236,-0.004155078921726509,0.012471884786725127,0.027812980061938972,-0.022147601516283796,-0.011792160130061746,0.02778527872666598,0.02676982624471184,0.034606937376263955,0.0018137597443045096,0.042760253967517335,0.03531827581133809,-0.00945595997122943,-0.004384157597092656,0.002661098779452215,0.06553876559815622,0.020041626996414194,0.017186287056010413,0.07171102909206047,0.022808101274091046,-0.01217373054319554,-0.026572386684116982,-0.02951063564338949,-0.023018140981142552,0.008831678658755985,-0.0294643001980606,-0.003890035850227844,-0.0672206931751704,0.012196554470473539,-0.040522774671271404,-0.015204740960240805,0.06252582682797495,0.012419062903149806
finance,0.019719972155147814,-0.14572035214692994,0.05918632482560987,-0.09649492920066864,-0.136594622316002,-0.06344676526505091,-0.14606359511354758,-0.04543883126247634,-0.1609272998185682,0.19339261565086446,0.05832945742783352,-0.14426290776978384,0.40570243744750556,-0.09014684451781048,0.38228013320412046,0.570776752016191,-0.02082955297538811,0.11080411227720709,-0.070723544669202,-0.06419689802379054,0.06715590527716249,-0.004219496814235685,0.05090710973303479,-0.03637975450620857,-0.06993847024220501,0.02258502585543155,-0.007919510077342288,0.0036803977427097797,-0.005593937937328208,0.034432349304189085,-0.06045808166088454,-0.019764128146034166,-0.10383558603342684,-0.0128630088557817,-0.016195614068616006,0.04298702141569333,0.05766362845154226,-0.0029415855775159813,-0.02531488039159826,-0.042251096042310976,-0.008082847684443171,-0.017008748574739403,-0.007268414079641763,-0.0527884524675617,0.014441900333509578,-0.007403999089093506,-0.00032803215080020616,0.05380447379653176,-0.005715991590803167,0.01873967381534521,-0.009614490864181369,-0.01907809039063189,-0.00986054594270708,0.023431160916860296,-0.011856987813301332,-0.018546328673157367,-0.004023101272063828,-0.010027935974966512,0.0027495354388106926,-0.015330781583019414,-0.0006511091097949725,-0.006403736354993402,0.003914143569778225,0.0013629363239650353,0.007332714639654694,-0.0006953425573564002,-0.001281940706844468,-0.0021976033082589256,-0.013908413440776616,-0.010931168743490071,0.013864689621408171,0.0009843937678880037,-2.587573704667478e-06,-0.010841333860605276,0.03101477235004984,-0.006941632575218051,-0.017673668810829525,0.013144744896636262,-0.007773350412720298,0.0026080576179731796,0.018312369021574827,-0.0004649533918731868,0.014587670845520484,-0.005385783469849797,-0.018060165247389414,0.010487922950830229,0.021393712585879195,0.002911294180933912,-0.013292452934431294,0.005468828342935906,0.008719849299893894,-0.004586472350099086,0.01848119097501121,-0.030838090853107576,-0.026450747829917624,0.03203371361952265,0.04603670645955536,0.005435389601708554,-0.010576529210654745,0.02988610685029638
finance,0.1715866288947546,-0.14537041317775726,0.06808746816235585,-0.16059579774250146,0.24467178339147247,-0.08498341430189808,0.17352317568561107,-0.23021059469300537,0.22889210519097167,-0.3793263708722341,0.004990596359466652,0.1293254218165198,0.029239548197526947,-0.06538317428113008,0.059796173160993435,0.14114512105038216,-0.009727915878680398,-0.007892768417534352,-0.11368893383003756,-0.03587404928585124,-0.11547747296931757,0.11537383468853406,-0.040786143628522065,0.0006222876436620032,-0.05694553762765469,-0.07731300105851799,-0.016138379238873547,0.027780675016615974,-0.01417259741200565,-0.057240445487265486,-0.040161667267988026,0.0010424013124128702,-0.03059295815289281,0.020850527779155095,0.020824473624780574,0.07787452518443369,-0.0043914557335073085,-0.00876359597006973,-0.005837411948952972,-0.008198455855966213,-0.013977387304708004,-0.06804417348686723,0.0008141633822829226,0.049462179925642016,-0.045250357362883936,0.0482077161708032,0.010886710851110436,-0.01773687969479531,-0.0288022139116894,-0.019419487862817657,0.04790895142850255,0.02191888910084854,-0.0046024477707479515,-0.05741174787298327,-0.07951411848326224,-0.011091704686980506,0.04901443624249934,-0.023705426940592623,-0.029940710991598243,-0.006235874263546964,-0.031576007651731686,-0.004334159933248477,-0.01850552747172947,-0.001273247432603189,-0.0047352636805691704,-0.00494475730984014,0.015360782945201927,0.030607521169340998,0.021836483035817596,-0.03734051056017421,0.017361315156101363,0.002919308445678955,0.0197651195201068,-0.02959038196964288,-0.018862106557912314,-0.06497226410358094,-0.02648204090860624,0.027155525616726676,-0.022193200581613823,0.0601192809522896,-0.005644268900841277,0.035220724837445205,-0.05600515919002284,-0.05531152564113474,-0.023574014386350234,-0.03329814231155619,-0.04381886699691385,-0.016082903117218914,0.07309406817090836,-0.01811606327592153,0.031001163945995336,0.037613438992258476,0.04575662681441494,-0.0029990583191483733,0.06973341729049007,0.023767659085567844,-0.00822573492582086,0.014565374466879099,0.00656605972404596,-0.011713464953454463
finance,0.028301812579753043,-0.14371377762236923,0.009735230632562887,0.012962091192164033,-0.10023676169015308,-0.025509124556061396,0.04212699645092731,-0.052769696988977564,-0.03373429775916269,-0.02390822767034656,-0.04229643711121605,-0.09199233462898633,0.09109726808876531,0.03721238143684152,-0.04949502232174221,-0.13548070274786317,-0.228496705797614,-0.21792848445976834,0.19678650975553136,0.022258182313811766,-0.04590879997192867,-0.043938213013615016,0.34535648518449763,0.22433861787092446,-0.20932759079964117,-0.3085450823399002,-0.06931142482989873,-0.033673583307966375,0.026080195142252228,-0.0531866596948993,-0.16114858076528688,-0.020781596057170434,0.05834586333404448,0.29501297874009125,0.08269917051164596,-0.06247765434857842,0.06918704714999961,-0.14084348721690418,-0.16981571137813176,-0.08167834748359626,-0.06429132907331554,0.058058120293979006,-0.019843133558100457,-0.07369760101506288,-0.038651840855165445,-0.06885304844515072,-0.0034864129542866444,0.03201018763687699,0.014370361583503138,0.107274045042036,0.0326024819105646,-0.041659413811114696,0.008517526812032496,0.05911244853885647,0.01224374231857919,-0.07538043337339151,-0.0048763428469394765,-0.00971371275488696,-0.0016983653633206159,0.0350192324765611,0.022762333909927584,0.026208357364546242,-0.016686597382643498,0.015009577740376739,0.0055116126048373945,-0.036316065705680224,-0.009577509358916002,0.024487362668876328,-0.0014642887411239008,0.015941921521355255,0.02727274028108044,0.028437881592793438,-0.027900974028847864,-0.0438579031943762,0.02425402126702386,-0.006512351957835651,-0.03986233226936461,-0.017365160355256287,-0.0017866704449477418,-0.002453955314663869,-0.020959123117584917,-0.026016537865177315,0.015259968262941558,0.010849714313062371,0.0029588540271581277,0.011694059146740045,0.009684928014989382,-0.00541880097146329,-0.00033103766510888746,-0.001913232483082459,-0.004328643427018968,0.006746734588522096,0.009784185268889162,-0.0013070939978042538,-0.00293296376129773,-0.00749354566067468,0.05527274438782937,0.010566979817281094,0.0031794461340701645,-0.007532480516966143
finance,0.041065043992408956,-0.09609878387052416,0.06735680160519357,-0.09386598246607014,0.0549202383537675,-0.10175577093760255,0.10902856017147765,0.029406536834058226,0.04154675198169971,-0.004864651136333163,-0.07008002709428572,0.13679571433958004,-0.02373709777236429,-0.07413301170588502,0.07113147115423492,0.10407691621892955,0.12218753356322147,0.08052082513096294,0.2475398295191801,0.17595365900742907,0.1635643174278626,-0.12713218309590738,-0.28628676334471276,0.15007187586078774,0.3372687510511942,-0.3368124353968395,-0.06442455643422342,0.1493507361988074,0.03447161161635855,-0.11473681591070825,-0.011204310834781697,-0.06609954757994736,0.02478452489017334,-0.0024933485676387735,-0.12482529937142592,-0.04500519069990038,-0.033732737008067455,0.07340356105353074,-0.025336277651338838,-0.03814343778872471,-0.12429463790230282,0.07001510321825191,0.05523535650829365,-0.16639504710076938,0.005670596125843703,-0.03387461768873493,-0.0011840232086071318,0.09897240611936117,0.04454168679156562,-0.005353203150563459,0.02891156559562827,-0.03636052341208998,0.01072684578032216,-0.04165762154169441,0.001084370879141383,-0.0015618371588544161,-0.0024088121537932518,-0.0038524781000619087,0.01723326861412751,0.05945083689400094,0.03629120252555759,-0.03420966752866555,0.021114299648210464,0.005723270214221494,-0.0032272007994079625,-0.003474640600282282,0.030100793910906865,-0.029185083686838535,-0.014486316722269235,0.00504145114721394,-0.042215049089174506,-0.05633835071732874,-0.03574856031832184,-0.04067500853166514,-0.017465147142583983,0.017652765552815898,-0.032970541777242054,0.03974925016880052,-0.020314901580997118,0.022471134012887445,0.00012874513510434323,0.022630635370769505,0.04011166349668631,-0.020982488276665726,-0.008883627568393814,-0.013049776190971593,0.017700588132395518,0.007765712104502106,0.003986801869265089,-0.005398739600865687,0.046889897673396845,-0.01926660610545769,-0.00044413558430783103,0.01826653506559004,0.029276147393738756,-0.02311794156744002,0.03831831997091634,-0.021228349265762943,-0.02613599324276844,-0.044881905967785705
finance,0.022358548989870747,-0.11060206281046774,0.026404132446621834,-0.10400730065110891,-0.22859668994985374,-0.17441524089355306,-0.14270171907002546,0.16859828882352568,-0.060107620000321584,0.055547865539015605,0.016431083093333503,0.11538430117792607,-0.16673334085743935,0.0135088689996184,-0.03965793633284527,0.0046786924602779415,-0.04143905027177044,0.05405235951494367,-0.39200903146900007,0.6058657700668539,-0.2568427300517025,0.12330307017955755,0.13409244321631805,0.12466986481916398,0.10827003949910316,0.028686936691521846,-0.09354845654741485,0.005539096213787465,-0.030989021166781955,0.05263366217629006,-0.13292844858388572,0.029464287123291473,-0.07117202698837159,-0.014101168527331006,-0.002179346818820738,0.07017495776208232,-0.015274683987191862,0.027451727224337634,-0.027792411540414997,-0.014993426920630071,0.048765950782279514,-0.004580786299617238,0.04892905748595413,-0.07151450328482716,0.014371760983368143,0.017838201378990656,-0.003161954204195872,-0.05050068102753067,0.005690609702820278,-0.03681750734560815,-0.028835440195561737,-0.013912467057370764,-0.01010470026003721,0.018079845483427868,0.004739006115026791,-0.036691325434049994,-0.011421420619922455,-0.03720693394760076,0.05318409639359608,0.01770454966370248,0.046838210105434305,-0.001910974030557968,-0.0014744158950910516,-0.012665844619331028,-0.003533938359034707,-0.013006103072562576,0.005712026593120632,0.019417980951221235,0.0035544590863070095,-0.0061169482164613745,-0.023555768460031445,0.016457278060393654,-0.007336132959216379,0.004243748483927499,-0.0176374263731064,0.03551453648743864,0.006983501780584403,0.010746541425962276,0.0036413639949656163,-0.012321322001147645,-0.0018600044870775987,0.018573954097794512,0.002889950897054183,-0.0010612300164396333,0.005470803746519955,0.025095286976932547,0.0069365344832830285,0.014255530808162513,0.008632460414665893,-0.020878892367692897,-0.0051266757745350245,0.013200454723544468,0.012641694534936056,-0.0035702523201626367,0.008987178429468423,-0.004483043809779135,-0.0038531715174583278,-0.013380182287356407,0.005933355262345205,0.013553855130247977
finance,0.023142902711181218,-0.11044019863560142,0.02758940722096001,-0.10574159154917133,-0.22729183424119387,-0.17998031781706625,-0.143723920196537,0.17513866019505298,-0.059073230393566954,0.056805422405448294,0.020368475999655734,0.11479536758259423,-0.16363369072448397,0.01245556260964706,-0.03990324929634043,0.005239396840322401,-0.04064537362889256,0.05392472368061735,-0.3909552357316407,0.6041725324723348,-0.25811936046751016,0.1259456005176474,0.13457214822007527,0.1247636446495504,0.1074251278460548,0.029202546490064374,-0.09608063516139044,0.00579305250730259,-0.027992628071650198,0.04986457885517498,-0.13131362380460807,0.02865975886352783,-0.07157077761924295,-0.012203181674385421,-0.0026491400919803876,0.06736850021753843,-0.015783735487679043,0.025397006872947974,-0.024675774641741297,-0.01689629326242076,0.04630095626847434,-0.0053429577618122484,0.046380456203199125,-0.07303574501782627,0.014893293855164602,0.019983445709900446,-0.003066487679081393,-0.0526049733696801,0.00558764270844782,-0.0371583345874411,-0.026147926965928048,-0.012263899164946565,-0.009186026513891487,0.016610370544149156,0.004995807302127203,-0.03838481969380337,-0.009030778671461914,-0.03579387572340653,0.055003917187157025,0.01730661681349256,0.04809054115583107,-0.0008938545825785055,-0.0025116765712216637,-0.015112102763544823,-0.0023159264928020343,-0.015114912846239796,0.008126081100760511,0.01865447441162225,0.004697951328353574,-0.005846180298449715,-0.02353985054949494,0.013851482215192027,-0.004935002566491246,0.002252373322085509,-0.01761322347878631,0.03683266316218122,0.005996455981179971,0.008668564616607696,0.004339151762226448,-0.013526681814417083,-0.004684614333886681,0.019489261900972474,0.0028330597576867716,-0.0019968771424434,0.003589481834749566,0.02180187148648681,0.003273496353689354,0.014671773939885035,0.007680352716241556,-0.019127454171663557,-0.003487947236745956,0.013609544880140692,0.013009475169094743,-0.0027062198536879443,0.008463996716853196,-0.004929816395509632,-0.005184159578226335,-0.015117943860385124,0.00483370118204342,0.01182304112531663
finance,0.05030574043353973,-0.1445643048135724,0.03251047517213344,-0.024956909062487816,-0.06276100662283848,-0.04275472812634697,0.03786720785959245,-0.0493975240841863,-0.0050337593124705525,-0.012497733785337608,-0.019819520401825864,-0.08034220805452365,0.1024744909001363,0.043216379588490415,-0.0225821849185748,-0.11248535640091813,-0.22875035979240532,-0.17824347422357273,0.16342816498177495,0.022394431688219384,-0.05699818142326607,-0.054642909035971764,0.3605872292415644,0.23717713657717088,-0.2590511728269593,-0.2832416756545871,-0.08551216275876955,-0.03469301166342697,0.03281882965378568,-0.07332717992198763,-0.12046518803999617,-0.03579767750671328,0.06523996776926513,0.2749538436350318,0.06815185136971316,-0.10867674365009301,0.05332491179589159,-0.13804881104129696,-0.16352285189671156,-0.07482115925882248,-0.0803400684859791,0.05266107790333616,-0.0038460672656633918,-0.07853243533184869,-0.06670420683045383,-0.028123068568311094,0.0049811006611481775,0.01180204004161454,0.03905729877450261,0.06295245380180589,0.059401585002565364,-0.07812627399907993,0.037503136194220285,0.0230262964196712,0.018905921565718613,-0.05838971762910945,-0.012667021877347157,0.005622800873500168,-0.016941776994686034,0.04023211304050501,0.024567861410515694,0.0026781395320075404,-0.029883361023321918,-0.0004334036327548461,0.021833037342954182,-0.027133933606982463,0.017589736697362135,0.02488455294507203,0.032181007381153454,-0.019728655733003118,0.036185461766811776,0.0023383180695027194,-0.03503257126852026,-0.03635638962715439,-0.0009738538355241699,-0.02357097866052327,0.001502182511552557,-0.002104074682709383,0.01815418083613423,0.01494370554212345,-0.04615064396222504,-0.014389900752646775,0.02879358752244763,0.03353369357296756,-0.002189967529160528,0.013331940297149972,-0.008826488721640236,0.02625004466744398,-0.025652991736183867,-0.005208494747612067,0.0551844344025052,-0.02847274924535372,-0.008937146367595579,-0.00775737214414593,-0.01453735437115737,-0.029417849744612673,0.006768787183678381,0.038947492704839715,0.054319917762486736,-0.013287252757792637
finance,0.17496833230508604,-0.07189949973278331,-0.024826214646192522,-0.06933250276111048,0.045324734629533875,0.006974450703383748,0.09927708438635946,-0.11268703531128277,0.03122444056432299,-0.01775198826318057,0.06613856340684943,-0.00943153115658156,0.013626910278944571,0.04172024489919242,-0.0362871916360654,-0.03934398906689654,-0.0683875566050369,-0.08240920045384549,-0.07598055051044256,-0.01031668999176198,0.06369639631027567,-0.09796780161667021,0.034841999844824105,-0.03585518049384202,0.09270232986382854,0.015659218775139365,0.17131570379892197,-0.14557437830898004,0.09967734683417541,0.41347747998666495,0.06414379332930423,0.0524410259906019,-0.020757094579408986,-0.0625844069936583,-0.07908557904800853,-0.24702623377345825,-0.050511434436026605,0.09729219380406764,0.0056885004546824635,-0.1440476105923096,-0.06085697469095796,-0.06739724489236965,0.031715498656788556,-0.09257434419039909,0.008117597604525222,-0.015093832773851972,-0.03802896292176667,-0.02500633307384114,-0.0005572592675480474,0.08954128334217179,-0.11289718285280795,-0.09306180391230856,-0.13583190794375077,0.05606095554996688,-0.009199437843933343,-0.014511551484401166,0.005157122386275585,-0.038424153101997476,-0.05875931872322125,0.02000494437781102,0.013848732359408986,-0.09172421079539264,-0.0306220502061221,-0.04598315645598062,-0.03920376882341071,0.05419678589032825,-0.03482562614750292,0.1221083601007518,0.10646473156346285,-0.01052794603582457,0.022973580054395863,-0.034630876564969104,0.05244692586336991,-0.043109873122190584,-0.03048782628658564,0.038911966582712176,-0.0024161832583536325,-0.010284643517597433,0.025345317302998573,0.0020600976530427127,-0.017963870674164245,0.049511776294173755,-0.000623992533005832,-0.03960530857434779,0.03252978309010401,-0.06265738230854666,-0.040420836538944384,0.08469639352030345,0.01846255972717256,-0.003829352608437655,-0.08731712690747001,0.075395225871745,-0.0416539493907283,-0.022222246945683553,0.06165601968509881,-0.019756842445959016,0.029291509305906755,0.013181480027026836,-0.0348135067240116,-0.0636267913307916
finance,0.10466400989914518,-0.04761685035854224,0.022872855856512383,-0.030256481438936878,0.0489169401986976,-0.02403121249195507,0.0483263272942979,-0.12141497721585029,0.0649852531307745,-0.14024369623466476,0.00684302647102088,0.05900967825087507,0.045071207869220344,-0.005876261492766261,0.031102485536471876,-0.0007243838478943004,-0.041024356681954866,-0.04016292034685818,-0.10695281141058945,-0.0465168455624296,0.03743208947259028,0.005680275068799877,-0.0012494460688088744,-0.03282845220454157,0.01140026658338665,0.031905034562903535,0.020453671064042507,0.01392332123663618,-0.014769918694212757,0.007113470905077531,0.034079404112333886,0.02625106279548233,-0.04392501791751292,-0.015354186774065536,0.04592494963068524,0.11229174632300662,-0.016492540675641564,-0.04521640712662419,-0.03022517273045409,-0.04915126016652386,0.018987844797061355,-0.011131134881981721,-0.0003155889121980544,0.04489423167781557,0.10262959911235345,-0.09525506664553433,-0.0510407547135993,-0.07669346528853077,0.07068873383150985,0.14483133076061103,0.003747570130919856,0.10262854021242866,-0.0756951700181445,0.07767561381834193,-0.06754691152454244,0.1281889962235691,0.060489750657153445,0.05024660171556877,0.25890546078843,0.202124544425743,0.07368987362955014,0.24195827308118992,-0.055463326516833375,-0.05532559900897895,0.040684730650132964,-0.029065720397079768,0.06462801148774444,0.05743737617211264,-0.11578244595774119,-0.10783611847702035,-0.13781015279636008,0.11241108488604923,-0.12526279867731682,0.07622799590529694,-0.06457820585599819,0.0821171193790634,0.11032843107051753,-0.014739366669342871,-0.07416779456435728,-0.050880006858227016,-0.025892544255579367,-0.2105302404481021,0.11262188016023413,0.13680337755649416,0.19132406984017666,0.005360209459687854,-0.02506826195200131,-0.1742231555685546,0.012212750121830894,0.16633314949224093,0.05699518510852999,0.08346077159755558,0.0007114120618899692,-0.008575494641814481,0.010306314571002374,-0.054195418184464744,-0.011052259271692247,0.10101077257046887,-0.18723661231844022,-0.08994286289177528
finance,0.003991703762911519,-0.1637037964017738,0.011747563276048945,-0.02521809920362662,-0.009727547093805565,-0.001135654814295051,0.3061882070835946,0.06437047335602727,-0.037430371787234594,0.29624654685786556,0.017669750426604288,-0.08986229556414725,0.04349582859914754,0.0013136955910974081,-0.051046546975010355,-0.07238740659758369,0.0028336611437637447,-0.0738916658347358,-0.2511543997503706,-0.1523927940354646,-0.088274248483042,0.0051557450535482455,-0.08491864980149064,-0.010003056913884038,-0.010781760227186337,-0.13971749489954857,0.09013120716800609,-0.026624929638934154,0.0023323286688504206,0.12088946118917429,0.01805819194319656,0.04542970653760887,0.058805096608255024,-0.026266681594603807,-0.013788483583481842,0.0783383999567118,-0.07739234854682704,-0.09725434301793852,-0.0616810448110417,-0.06592776934760655,0.051667826893687145,-0.005821905667743349,0.0441264892707883,0.06679364736400854,-0.04667622272586498,0.010974389723230905,0.08862122913565304,0.057048765194014826,0.06596992003074083,-0.020595066092015467,0.14823778329507395,0.0416728949168399,0.06461025425830126,-0.06253236546036768,0.05263644158261118,0.021794963882868425,0.032225525789123015,0.07457927035769554,0.053518117812227844,0.005419222247468838,0.009740213062380064,-0.012201698302773725,0.04971213001603449,0.03967045658915065,0.05439635635084462,-0.08552924578931706,0.10594177040706475,-0.11304223052727702,-0.07705030296121164,0.0980322328836352,-0.0032209877714031846,0.047116795984947155,0.03224685114558386,-0.08084015322912162,-0.030148793475045753,-0.022029995167854838,-0.06507565529860802,0.03665294292152507,0.0641967521818414,0.04871007350883896,0.0083303615216928,-0.11062440151794112,-0.08017150692855707,0.04811382894611245,-0.045533135880507794,0.016102612105152757,0.06908602680274327,0.00035027293972182265,-0.12163258152314349,0.031949139275812846,0.07154911642547104,-0.04865085449901615,0.15767563893634792,0.04387159058200188,0.030681502500539228,-0.005129168723364981,-0.09899111470371728,-0.059171016570491765,-0.0004084087602726355,0.08277878735379395
finance,0.03815730299602414,-0.110819856258627,-0.022920068584435495,-0.07945443186799432,-0.10750894613873788,0.02327133703056944,0.025971967046252386,-0.13516959919162563,-0.16059493049679804,-0.08077656497120352,0.4199426470033677,-0.04816856273055023,0.3018664370913456,0.08771971190636708,-0.2429942734651902,-0.20974108013848305,0.4664644052747477,0.20573534352844497,0.07576594189801868,0.004361793877630083,-0.055310316915792884,0.024293076395816578,0.02759255154761534,0.011791296332779776,0.0010792934171015467,0.0025792434199901366,0.007738147748832937,-0.03969203475925475,-0.018294043597317296,0.005215420330184107,-0.051116475878525316,0.001667312909258973,-0.03372435757525824,-0.019248051678427896,-0.0036387254641826613,0.047428412529403795,0.03459728133127177,0.00400557353597239,-0.026648590460116757,-0.0069541747958809476,-0.015498687198089224,0.007204098568072091,0.05639147826179676,0.018356264326377263,-0.00788854096195868,0.0033277942846969308,0.004318825968755565,0.010105657874422845,0.018996667198360934,-0.025381095673134322,-0.002484284105462863,-0.02116307569929549,-0.003450533548551607,-0.002915918905207219,-0.017050040591237874,0.004063093943418892,0.010687958145668563,0.028131842101425036,-0.036272765912178935,-0.005898651333938129,-0.007741765512495917,-0.00641118225288223,-0.014860402176494533,-0.0048381038633635385,-0.007398639153486514,0.007866114942929272,0.0003072349920387705,0.0007896453404728335,-0.008388039822978853,0.038829288717363346,0.002202546594041465,0.005960142389949946,-0.013574882786240063,0.00963301612468352,0.004443289787560867,-0.011607555203352642,-0.028254926584593804,-0.018016557662955495,-0.024147946993116957,-0.004568962882187953,0.005737203946374134,-0.006467151360015143,-0.009755838803746236,-0.010881141857520114,0.003952068255542845,0.0013332610734465818,-0.010747258196903893,0.005467107499762663,-0.001764466304749742,0.012067670141142909,-0.017466376763998138,-0.013919519438714657,0.019807993589251123,0.011558417359717101,0.00473075787741202,0.004919907028288456,0.014258387513509156,-0.016110822535996546,-0.006318380015440592,0.017020143254082694
finance,-0.0008449214682684383,-0.07518363359040703,0.021876460141131895,-0.03858174265735915,-0.12001144141097402,-0.040402527069807355,-0.032242840047631734,-0.05671575966557157,-0.060642705459221256,-0.060184703635661495,-0.09893617465834698,-0.07268656789475027,-0.025495723378389408,0.016897743886175785,-0.022313673423090822,-0.04810821880279419,-0.07365527628789603,-0.1685116012459315,0.17941449378391366,-0.0005362112993122772,-0.16035010387335813,0.23418535317857841,-0.09552465249092713,-0.054645205556264995,-0.010220398088795374,-0.015337869937198626,-0.04927655824966793,-0.03724756763992263,0.05648823494290217,0.000311284250130727,0.18451733102792703,-0.07566271086783742,-0.10717540893933462,-0.05702156884251817,-0.09017640855876223,0.05355183770985784,0.13768807840390118,-0.027269290474063925,-0.1570531632252026,-0.019465347543093373,-0.0889506588892535,-0.11706411802950902,0.12344644012241,-0.05018072683229562,-0.05519734731906058,0.075734370155974,0.025981807184797444,0.057506564467643025,-0.1388786000761043,0.012417686499309922,-0.031023793355194007,-0.02955652586071908,-0.1465282965267757,0.034296991864253806,-0.019655417743142993,-0.04329107909357476,0.07360690305201088,0.02959373743175571,0.015258358552514673,-0.08076415476092794,-0.04559925400635098,-0.06345636884119946,-0.02752240617021128,0.08295279695672698,0.030080746422680354,-0.021554964989797646,-0.057694036579682986,-0.040495847192782645,0.07405515271575473,-0.06084907758628504,0.021302806844920783,-0.0460990784924556,0.050376141505027096,0.10294437122309218,0.0038552932861124468,0.19811127490100494,-0.04617351407791105,0.07440189443767539,-0.04738358021871276,-0.0657540953822608,0.14102760574012718,-0.0514349521685557,-0.08425230163692325,0.06762695012221517,-0.007970382443490388,-0.0279638804246187,0.014093449724849941,0.04111691315818058,0.04123503044916254,0.17085788839308888,-0.02367470459301644,0.011636120908314384,-0.03908231636648564,-0.02870449503870375,-0.04593670352855011,0.02650404230486196,0.04544727884276641,0.148043059495167,-0.19154757297803088,0.13409111509550325
finance,0.010040565023004709,-0.1427397787812002,0.026939888022673462,-0.09079897059436699,-0.15141145602416337,-0.037530871632235875,-0.12083381430711196,-0.059864829884011275,-0.13210039600861764,0.15804396167241908,0.039607506409875474,-0.1443672182536687,0.29626420707981943,-0.0573743120246597,0.2628603046883714,0.3803907832742447,-0.047365028020769265,0.035573007691953866,-0.0513640377124238,-0.03249768017510765,0.027174807108567785,0.0017303309941232056,0.03645302832754675,-0.03296987530202013,-0.03884868815556961,0.04176343397597548,-0.016808467347411794,-0.017775064873987025,-0.0007082624946899271,0.004214900454315033,-0.05934119659710252,0.005921516378181704,-0.004213030819561215,-0.00040707300989238247,0.009141103682844655,-0.013786221793556023,-0.020826501129848733,0.011077286323687013,0.018287871249990307,-0.004790739564376932,-0.004702217345772618,-0.02018942867000216,-0.001017510730255856,-0.01721461489177953,-0.00036265895050122235,-0.02867014419937334,0.006214599415085638,-0.01229926157422629,-0.0324867081471108,-0.030462373410899135,-0.004032100485625122,0.0005234532513511809,-0.026491131756552787,-0.034865828784862385,-0.017057989763668503,0.004748107031864525,-0.005609392972185092,0.006219762073392524,0.007238135617925209,0.02324061946055944,-0.002864418672657603,-0.0019257740350248583,0.03425172508602094,0.029708177448355702,-0.0013765033715764181,-0.0014315486580339265,-0.005713416385170442,0.010553152773080995,0.03859827351725273,0.06424579920476307,-0.012972065417624391,0.0033930880655649465,0.018874302727430934,0.015571029992282595,-0.029316520081014107,0.023259233262835077,0.01673904532033079,-0.01919798472833851,-0.022038629653205216,-0.010763048402846226,-0.04627264066066069,-0.007102750004541005,-0.04410932556611354,0.013456957648347739,0.03736236266487179,0.009614710708824444,-0.04080530755960381,-0.015424027701918036,0.03484765235542243,-0.011090997574952507,-0.014318123783798169,0.007006099422496991,-0.033522217976638284,0.07949492910113524,0.05114325781615146,-0.08299195758578198,-0.09866954230707921,-0.03291199405480691,-0.008156157057888228,-0.10253502510409887
finance,0.028284504906622834,-0.05013045605706947,-0.0452111512261952,0.026306868932729335,-0.019450171798733176,0.08785861676955622,-0.028899459552287544,-0.04554170185878353,0.020328871973137787,-0.005294136708966339,0.04949089611029061,-0.03338924032496998,0.007631241388302307,-0.006430644440968573,0.004152433103197869,-0.09999353843743382,-0.05458548977813027,-0.0004113488254775859,-0.05577064773105098,-0.0038742103070877644,0.06231020803077187,-0.05920966417857488,0.003125382982651808,-0.034821195940791506,0.011585615602638488,0.0696831117676866,-0.023458303336928565,0.021765097226476685,0.026473404813795905,-0.030968216101994652,0.10021362976005266,-0.021673328247078735,-0.06634780981309413,0.026500748762284254,-0.011280205462554743,0.021785457833476046,-0.01420709573172667,-0.0811317275670945,0.09071142507684524,-0.08030284149408928,0.05508703003712182,-0.1755272731517091,0.021549452558532297,-0.07545980566128457,0.11717125357526711,-0.17814979662649674,-0.017742886918826046,-0.17328713342133328,-0.21882699505742928,0.0758782511310161,0.11709613371089751,0.011269152566128472,0.2155642678834748,0.005823328387379844,0.009619311724929443,0.019497304361558252,0.060536892485154176,-0.1223462181502911,0.20249359835669917,0.022150229196574413,-0.033013601999514204,-0.1162033418103292,-0.06615192498745061,0.226868759725268,0.04378501983926816,-0.017279719867953965,-0.11064900750933632,-0.03226148477269301,-0.041673903932381816,0.07374163825069062,0.021404953868819975,-0.1776714550869179,-0.023645950232264647,-0.10473147104905994,-0.034464855381127806,-0.1012742282741998,-0.2222429885230144,0.04534326914866622,0.06822922232062074,-0.13518891639250183,0.058103217551731264,-0.024941940418655006,0.05195666705632919,0.12061760495118357,0.0476538349014287,0.13933896738051488,0.037758824267135956,0.005664959024529903,0.15141430826155103,-0.18632543807143334,-0.15525517872960473,-0.12597012821040768,-0.044351976469358054,0.043273898200498664,0.12435563390182452,-0.03855273545164,0.060835417660187616,-0.13398477512027673,0.008624450141121301,-0.049185779702110737
finance,0.1740156054113582,-0.03538562891776353,-0.03777517124202564,-0.034476032599916544,-0.06810158979621156,0.07751526702292218,-0.05651620275644586,-0.10095083482431,0.023659076669843945,-0.021976646776439953,0.02160242737083726,-0.05656886453274714,0.03349766462071017,0.046836490309981625,0.02402334860152179,-0.16893832227578306,-0.09728802127025708,-0.1597576149387221,-0.08466696061927316,-0.007514607386642792,0.19987315181876086,-0.2119001160419733,-0.0839810084073546,-0.09106846460605991,0.21952723720023104,0.23743238687732887,-0.07827573769819313,0.0734715010052093,-0.10661992144754108,-0.12590595685373193,-0.12389773018610836,-0.01772375834111046,-0.1839547619164716,0.07797412726858938,0.032846100753937665,0.1612875057314945,-0.015478504837647454,-0.06551721764408745,-0.08821367922049347,-0.18526470579393034,-0.07291200866809663,-0.022925682425246407,-0.03914150472968516,0.10611338848541216,0.029964273407228324,-0.014229484721215518,0.0908545578709217,-0.038794988679976855,0.07468753895316822,0.10487908868891156,-0.01765824483448712,0.0037503259735258507,0.00027079832101056556,0.03245057364454204,-0.026203311432770313,-0.013662490730026636,0.07696991697482244,0.14460438887004917,-0.0726890453319789,0.008592783680458906,-0.04638271696163155,0.021332585520963947,0.0006427450363327656,0.01387912993997252,0.012952922053878189,-0.09724595411965067,-0.020853334035066215,-0.043101768995273904,-0.02710029752623007,-0.005894789855613846,0.013409645211948207,-0.030906799897127055,0.03720316046799792,0.09764066144056825,-0.014986386389163308,-0.009447636476917341,0.029641656914598233,0.005202471305961251,0.015342338622830328,0.04068498968698108,-0.07097150184971236,0.0876053634707043,-0.02063073142387115,-0.01496403329286242,-0.038087470432409246,0.006991455847855335,-0.049946554363510136,-0.00346052915890265,-0.037537848300824135,-0.012817140261063306,0.044565129471515495,-0.050308530008921756,-0.03652204761777572,0.004792228070017926,-0.006094032977090929,-0.03850804004764183,0.06422006966300636,-0.05135487685123311,0.02573196337221803,-0.09020524274876751
finance,-0.01668149967708779,-0.2356841859337963,0.016197596315081674,0.004743326995748817,0.07863591761785965,0.05181835443590976,0.5248345942310412,0.1645952130634301,-0.0024309585322399093,0.4182076757942534,-0.05088743867356548,-0.08143164241779555,-0.027626750578015533,-0.014622542762150664,-0.06402342215487207,-0.05126912103968748,-0.002432527850470592,-0.03257440901210742,-0.16145772091440952,-0.1324959369889676,-0.09566271728449259,0.04579454340461778,-0.08634022343642582,-0.04053216075241372,-0.041750357483365565,-0.043449535611001,-0.06582644893336648,-0.001526696237144151,-0.023287357460087123,-0.08766521484567423,-0.029317487217499133,-0.0016047272204193623,-0.03294882226827194,-0.04287972009740422,-0.0020835553921139715,0.09990786127525028,-0.04812108312337645,-0.09318240092490832,0.017686967733345858,0.04898750571066014,0.03966840912734806,0.04996546808620853,0.009911382846780654,-0.018591492450250602,-0.010750570089175182,-0.014975707819482554,-0.021426385289393682,0.011215479302302796,0.01786358782835065,0.008715567025057944,0.007462345351913901,0.0024602604134900553,0.0006083134493280291,0.025123484845072555,-0.04746508091234102,-0.014716052900173887,0.020521770727560715,0.0370528278820465,0.023034359284428957,-0.0016465800973370778,-0.011697538332934382,-0.029268717562457646,-0.0026216055170267915,0.013427537559806017,-0.006615012892446167,0.0054699957145776445,-0.007434126017924512,-0.014352141554286013,0.0007171594624053055,0.03886580717053568,0.008775606668304537,0.0014783643282871924,0.021392081546292598,-0.014915947515992367,9.013506203427335e-05,-0.019619343843972,-0.02226927846569058,-0.01894973548401503,0.005617756682309336,0.022949029812687413,0.015119585612948593,-0.05214461923802772,0.0021316087053344793,0.008566772950281734,-0.0027167905912700552,0.015065211908828846,-0.006977493484982241,-0.03044983920888568,0.009911224672705115,0.02473239174893886,-0.00493070842068717,0.006160393197871186,0.044424386633474866,0.020655811329669198,0.02867954655851512,0.012369546390217095,0.012236081814948075,0.013001963565645832,-0.006781174875964863,0.00868735214504642
finance,0.10836962502986143,-0.07797308616090519,-0.0195471856997427,-0.02197825701632467,-0.06261794871768023,0.040222882590591015,-0.013883201505590213,-0.040628993620198915,0.0162893301862008,0.00765818949973568,0.015166159367757516,-0.043492595431823565,0.00597783846779977,0.013724192509333336,0.01475115580434549,-0.0637968883683555,-0.07604524068882226,-0.03762338060185023,-0.03237637516238483,0.013059514812283355,0.11484983310727422,-0.1154061826033977,0.00471377634733583,-0.05788705631009128,0.08685160372003169,0.10902774220369695,0.00041291708514125473,0.07787340335633425,-0.022173789422889778,-0.07553820638918896,-0.016960423766673022,0.01482160228783984,0.0626541629850239,0.025056490954918284,-0.01790271550062315,-0.12772123963525775,0.04896432852323079,0.0645415202101598,0.05783545617526927,0.10925621069065423,-0.009101699803517955,-0.06474650279836437,0.08685349327790985,-0.18794859730720553,-0.2062233492495937,0.0430010555059768,-0.010586286008429003,-0.13805719558221924,-0.1056848955672466,-0.12737970787950942,0.038634772101136285,0.19771697652742662,0.08071109150171861,-0.0339398930497777,-0.06672210897454472,0.17662940319327972,0.143457147785963,0.08716597288936112,0.1751484427298428,-0.0068177571878517895,-0.03828493324150637,0.13670221399818647,-0.12510654183789507,-0.1410884437225678,0.12783401254376597,0.044453909153619714,-0.024059657573477996,-0.08548349373857991,-0.00010692313914986952,-0.1559483898567864,0.06122761114934043,0.05091037462706919,0.06369102183026736,-0.045899662540260476,0.107609363976824,0.09330366809907704,-0.006628420295507638,-0.07198782665826732,0.14850861872127,-0.08698646075221711,0.002282162760897963,-0.07037540268290748,-0.043668047404535774,-0.12833700289865244,-0.18625688622188066,0.09691220736388043,0.06741170083257922,0.09696261370346967,-0.02175032510993399,0.06476095714427287,-0.05900294053104159,-0.05017742783813952,-0.031139067503975458,0.0258187584311489,-0.13084989119189244,-0.09047795313226595,0.12911615030885154,0.04112289041371676,0.05679546714892936,0.002535537079097001
finance,-0.010807637474571993,-0.12826627137593244,-0.020346064609840037,-0.057007701099435266,-0.12192707000628042,0.008261262935599116,0.026051949457911956,-0.09494017848386548,-0.19335728592128207,-0.03959879747376762,0.38951155505958246,-0.04122582632258334,0.2957754596428262,0.07618267389032368,-0.19649301143162584,-0.17160975570395437,0.43927221963297053,0.17356767516598984,0.07581005124746101,0.0064550482740330295,-0.05114105191200119,0.025507475586454623,0.04597073334738063,0.05774639671269017,0.006057040441067868,-0.041434589061184614,-0.04987978706760918,0.014920482176863337,-0.017234917235097846,-0.010017334014317413,-0.06281581870153366,-0.016671661258765378,0.00019271530609252303,-0.03222315898120355,-0.0019656838463502453,0.025776607974086624,0.03492370265426619,0.023966572747078575,0.0023958645341347943,-0.0016907188244447023,-0.011735076967915887,-0.007803876131404761,-0.014992902007429934,-0.016102915998206218,-0.043055880926446695,0.0473001546484956,-0.028515659630678262,-0.03636406028934006,-0.011280069888882275,0.000796078133659315,-0.023421320918350582,-0.02086389356655515,0.010970137457892512,0.019661278536365682,-0.041947386017492996,0.013985334401899193,-0.0031978944896518717,0.008726240132173598,-0.005675098757139814,0.008158843498711675,-0.01251646916618342,-0.012871922220052992,-0.0062173561491278475,0.007745634926777316,0.030348731917554175,-0.02730236006892526,-0.004221400557626752,-0.026884830858327262,-0.001797736379864625,-0.06675821738063993,-0.01419720727646114,-0.027503878704308905,0.01483481483614677,-0.006424293600474864,0.003436742169240371,0.002412429759833339,0.056084583116072485,-0.010481320506641079,-0.026641216265736775,-0.012853705016816836,-0.029558503426827594,0.025960700951197548,0.04245682123296053,-0.019946268809670126,0.03268391551810917,-0.014992871345943959,-0.010190495007897277,0.011126424991428996,0.027106103844245177,0.00697931488035335,0.005915213757014349,0.044777721709484956,-0.013326496615642872,-0.00886133709322675,-0.005520836223301832,-0.02277945971740966,-0.029030807345630325,0.040864682408274934,0.010084514881497244,-0.02669829521220333
finance,-0.0008103585663630955,-0.12438690836754906,-0.05361580686900333,-0.03886654735930685,-0.11268932514814486,0.05583642760030554,0.04044513437142296,-0.12707835364625128,-0.17462430716516306,-0.0931410841086328,0.42965611271930726,-0.06579659761378442,0.29921057718077826,0.09500567618520855,-0.2573190457087115,-0.20812656203939842,0.477283999240742,0.21770571716217224,0.08759390608996417,-0.008943298594512162,-0.07769913811980343,0.046176219210063374,0.05351658293662286,0.019461416977314835,-0.022367489097463854,-0.02151384437597851,0.021072579215053882,-0.038988381599464605,-0.013363652011797764,0.007092898996165752,-0.09714686626344925,-0.004452387575661068,-0.04517430610698548,0.009231428277272555,0.013767408197532732,0.06306601024851252,0.031408789864709394,0.02417096186442157,-0.019648590398074935,-0.006214513738361491,0.012744892637789615,-0.01770741226053605,0.04512509403157351,-0.023662055555784163,0.023482385939427124,-0.00425216667886907,-0.010882452312308433,-0.006811132364664323,-0.005050901267988813,-0.02065499246323596,0.009834221675689765,0.014866372382757623,0.010974809372543207,0.009573934997844489,-0.008832268665347323,0.012540822688105356,0.027221920653863644,0.023702393508180875,0.0011249876628007863,0.005351233584677387,-0.020687986113866935,-0.004539834742399794,0.003062485758486404,0.024269776596959718,-0.0009899694557017667,0.007807870749337224,0.011574521711078022,-0.012211500559784844,-0.027365278556203736,0.003086947966328057,0.00943455782032216,0.01219599722648152,0.005363705598496756,0.0239326797039139,-0.007909637183153594,-0.011038976128307417,-0.01836704854804454,-0.0022056835059372157,-0.02558618926939264,-0.018879928075129396,0.007669500739914588,-0.002523752859044838,0.006516175071057677,0.004978602072271264,-0.008068399954427862,-0.0026784086629741497,-0.006177729185294295,0.011707374636028708,0.0020933650537141506,-0.000508794487982447,-0.03166741546553832,-0.005264945485322625,0.004519978822195553,0.005032569701655098,0.004903557808800222,0.009441730019285858,0.010315792157214126,-0.0005779173973884759,0.013400190972329522,-0.000168580863355786
finance,0.03609321091641615,-0.10639740648648416,0.00866459102368442,-0.05090763659255485,-0.12393295151120014,-0.008967451905639724,-0.014668634400652495,-0.01994660390092341,-0.05431469896812355,0.022048809321978186,-0.061444605268409704,-0.0556157357938393,-0.0003902262901325981,0.04569892384048509,0.027380948642040732,0.035652730627405135,-0.047788024399676415,-0.015610015895409474,-0.0009105919945257649,0.12066773108534821,-0.0644914693806684,0.03786093727373748,0.030083991471275953,0.02777732835862297,-0.023139229582246457,-0.007521664077172204,0.06742092104265898,-0.015382993661511433,-0.03696172720398145,-0.07762562629656798,0.048509157433849794,0.03928139529323599,0.10278697425660806,0.004100617802689607,0.09717058082498678,-0.05532483093930437,-0.17482592272768946,0.0966920447025855,-0.08281627122373755,0.12546194589397477,0.08149987686011843,0.01476185613207248,0.1388111604332765,0.07407396700935248,-0.1116832877717226,-0.0875896309382455,0.029893526644315483,0.016701950998598045,0.026643377720409693,0.1701023744953544,0.07394245761404376,0.1782986334382342,0.04696909146428516,-0.08306769273691247,0.009117418515591379,0.18082679830191914,0.1629314826238418,0.07349810446290755,-0.22511631113326935,-0.20335576858323823,-0.13708884753431913,-0.008109422915797717,0.027293399870551953,0.14178814709246051,0.023088924668131026,-0.04069438326466891,-0.014214323164659547,0.00920414175188537,0.02555184885741512,0.11057990534070249,0.059650114411492094,-0.007902284179561283,-0.008297761763921913,0.17031876738879048,-0.0976539150252157,-9.963683849071716e-05,0.006473132011939215,0.013735337662071977,-0.02417721836102324,-0.12239890462080479,0.0360395958235587,-0.017371879446283715,0.006945260180145116,-0.03254215852210516,0.005295673059841114,-0.2730965786354763,-0.07459033218776825,0.05103021226042317,-0.07886333126398647,-0.10232970015693965,-0.02793228017254277,0.048337552315010475,-0.08553400336206464,-0.09027875002585974,-0.06464929649757198,-0.13895301401083454,0.056568756893004654,-0.06403247126377848,-0.03428257378796661,-0.02693054529427089
finance,0.11376547497573407,-0.23476425060114758,0.09679296425745805,-0.25728281354810373,0.6378899987714607,0.2755991140188725,-0.43828583548817884,0.11388067612547913,-0.2052167884812989,0.14087193169672263,-0.10028771876364563,-0.043225892349562076,-0.01265661216324827,0.015415356493569359,-0.058929167707960035,-0.07325351326273515,0.01603574449092116,0.0020062279245326277,0.030740220367517404,0.007766656662399587,-0.045828301871562255,0.030784947271685292,0.004289823853671808,0.011954499410919119,0.01503981971256288,-0.033644395305274986,-0.0009332022487081287,-0.00701337208048187,-0.001411000017157505,0.027022467676950896,-0.046183874078728454,-0.005545312537452605,-0.01593746584543317,-0.020901910765679044,-0.0063441181561568515,0.015785941933030633,0.016257033021308626,0.004448880725420777,0.01811165179062863,-0.011608568252866137,-0.01388761845364201,0.004140260456635973,-0.001871092387580717,-0.0023010250023119284,0.017953942726296093,0.0020397663266642223,0.004368023630233301,-0.006527714795455228,0.005602343555827526,0.008043266115097042,0.005395823815867407,0.01249854788685503,-0.007435678969242637,0.0019505923851689633,0.016726855262976858,0.01396206477044251,0.008563657255561194,-0.0057591513712713415,-0.008032472797593629,0.010946138330600475,-0.01907737036745583,0.012405931243945083,-0.012446083304551117,0.0021241807964132147,-0.0004344925873161128,-0.0033745951839853914,-0.0011014624294780895,-0.0008526714307532709,-0.0015779090838957126,-0.006331659111321846,-0.006504639304568677,0.01772200497747137,0.012889250669923693,-0.009796958472291707,0.0015256281746601865,-0.029378144796932123,0.001074242668197331,0.0034820269436259066,0.0007410442438353487,0.013114482893493413,0.017739248817024905,-0.02270374325040085,-0.015547292325386285,0.036476632959083884,-0.013607895736582288,-0.016331069649164233,0.0053569701390794935,0.00436496329052607,0.004830297253352753,-0.007223679765255483,0.0034348178334463095,-0.0009309189125140373,-0.016386117298989877,0.006751572490600467,0.006167288164654157,-0.018120931793522265,-0.011012043015759412,-0.0036228894918785286,0.003844044969954619,0.005765570207041094
finance,0.19640466979490423,-0.01697096971495845,0.05493214193516747,-0.054782993322749135,-0.009046352508790474,-0.15999540068661855,-0.1380059517903363,0.2933416418054176,0.22846583666515963,-0.03710849418360384,0.09006130333174657,-0.07270314499994286,0.017701879412014263,-0.005368448546646582,-0.03060649687633123,-0.006547657566040141,0.01680495812384023,-0.001387515768713597,0.06552770494571367,-0.1733009589002324,-0.007363902384558043,0.005747577630309289,-0.0013886166519611577,-0.013067557425172339,-0.06934504239471966,0.007586512232847745,0.04869635403488604,0.002545748356380515,-0.048067702408072,-0.007165920716717458,-0.027022756710174588,0.02388260675959492,0.04250612083343328,-0.10079097085668119,0.025862615198013517,0.13131822822973518,-0.11240647327856639,0.105703186167936,-0.1550412259553642,0.010170853011285029,0.00726834839804694,0.032760857908603655,-0.02466284781234778,0.003926230160316818,-0.042696171294800606,0.020432076438891847,-0.036366997315705564,0.0009558938846219282,-0.08130155085123743,0.05297265909770561,-0.0592661478436479,-0.11790830152198817,-0.007571889077919283,0.042072109460831224,0.06249603711429133,-0.0652475284574112,0.02669220206249495,-0.08883709624878097,0.0885221923514772,0.04461935026620377,-0.04847096102807148,0.02204650481738825,-0.02070181208084795,-0.07758715013917282,-0.007507658979054126,0.03060253774924702,-0.04252103622747866,-0.022568843654041108,0.012423446458083484,0.02254985134593062,-0.04803666033979984,0.06877938672420816,-0.08314010233283209,-9.861434038738751e-05,0.020916677184736825,-0.062004966654126095,0.09556561753195168,-0.06329381957146427,0.04243647369158493,-0.03674356976996866,0.10191473591595912,-0.017041317950099288,-0.0959530930918779,-0.04753326779376472,0.07867126684876535,0.033293340001917186,-0.026686595276459227,0.09566108051269309,-0.018825132165041173,-0.06966264032684526,0.013309624128380142,-0.04056479308205117,0.01522058692762552,-0.06527677750029448,0.08178330531018786,0.055034148416039465,0.06356757937874541,-0.035689774507037766,-0.09927748837651879,-0.00975530813962587
finance,0.07660243391886558,-0.0831403525177594,0.029615582389436974,-0.04480964419099043,-0.008808903813253121,-0.005846724141571832,0.03129424591991308,-0.05191379718200757,-0.011624839290771675,0.016497200220471672,0.012371013875881319,-0.00524039188317357,0.02690410399526807,0.005325871361064491,0.06037376905165188,-0.037190463122622947,-0.07167080790555386,-0.05262579103013018,-0.10395513974626347,0.050589469475699346,0.11778559049068442,-0.12609677814207448,-0.06165034230513747,-0.009981306278854149,0.1425024123558824,0.02880216523905731,0.027354751615406417,-0.00820478482374369,-0.07708616792730702,-0.05685098912891572,0.02462651360732825,-4.708599849037984e-06,-0.017827953704154416,0.10177456074634039,0.07973537922697155,-0.03636054948860648,0.05112396595208572,-0.095572702863156,-0.23704506648841,-0.09696305091313397,0.04722099580458095,-0.01631672754031335,0.1453031975880027,0.12100287886770432,0.19552086139754787,-0.10970288140540371,0.037470513103118185,0.08310447033309622,-0.21178294543090945,-0.16606470309762328,-0.055929984191346795,-0.05538305507020411,0.18354826626560675,-0.029337758524271812,0.04929545398193683,0.16343297615385005,-0.03303965877210108,0.07754646365662067,0.016695176970099604,-0.03754879264000077,-0.06727414755156444,0.07226762643141657,-0.06264633888518743,0.0348050750514521,0.025002804395647955,0.10744211969779308,-0.04890913534680569,-0.004675387614876556,0.026894853621054097,-0.016894874534163003,-0.011552924756947745,-0.02223175443122854,-0.0008329260891423512,-0.027250632206798846,0.06944067747185258,-0.015412876559931505,0.15666439874854587,-0.10456470360874984,-0.02357686782707593,-0.05082251988749362,0.04073549249447541,0.03037307864081931,0.09949825680223073,-0.0022893196449199227,0.0590203524398214,-0.1497314282147619,-0.06207966321365804,0.029710319900925625,0.06009690009590273,-0.08203551764325803,-0.04353302273255526,0.18154569579785487,0.0054185623871679635,0.07256470322695129,0.07048114449748916,0.01074686021777091,-0.2010737098172553,0.16177696492405794,0.19746999898502046,-0.006881902249237246
finance,0.000636035606988486,0.014651414637983438,0.02910558511528894,-0.04914532568500463,-0.029603830083933032,-0.04429089189788008,0.020372044249580595,-0.0166465403362648,-0.019660494957987974,-0.0008040941594498136,0.009403379205262649,0.08415945867163727,0.07066820311933482,-0.014345399815578327,-0.0016567004338871618,-0.0010042979190446407,0.011752532582813833,0.01993455258657224,-0.016390627287912005,0.05224691654706046,0.01529318756123704,-0.02671852457877351,-0.0713791300395251,-0.015674263942375383,0.1006752121488935,-0.002985672592789405,-0.04507874634590905,0.04920550508502403,0.016510773371908843,0.038197225097584706,0.10030501649711253,0.024229803541217808,-0.12038706227587428,0.04436926868173829,-0.01644624915493873,-0.06094839217460358,0.12419454693692598,-0.11650457656768971,0.09172357749035868,-0.004117783375734928,-0.0838640929266761,0.1585507122615209,-0.20192044362669087,0.07497430289494732,0.04274335505220223,-0.09410835141970668,0.20447622882053082,-0.10691927846579083,0.02534988579861957,0.13643741640048426,0.06486527052429548,0.12427271822874274,0.018689949482261943,-0.1299696152172642,0.12679947837581576,-0.0796083715642532,-0.008101852028456733,-0.16556105984628677,-0.12041763646344984,-0.03277534814494338,-0.1063252964566574,0.1595528870738252,-0.1169905563106216,-0.054290461552937715,-0.10220971095944144,-0.14212620225861908,-0.04460239133086842,-0.08308586262293943,-0.0035620335354768096,-0.0459280397580267,-0.1136213148331436,0.08597336290608014,0.0028148730263324114,-0.08368822702821128,-0.09625654465224293,0.03765301074298442,0.22426672724073882,-0.026573220020106793,-0.08740541980304087,-0.1372203103429648,0.1266303572390366,-0.07923854056394677,-0.0963675372429458,-0.18844166711223065,0.1377257806557068,0.0794877417082785,0.0480276832825546,0.057190220241505704,0.030449406691713372,-0.02592675796681879,-0.0654620573335662,-0.020800891163629844,-0.017797191780355062,-0.02509170466903649,-0.14458019018961477,0.07377533902185011,0.09529214515452072,0.015852808170494784,0.0873482234405991,0.09123928585211416
finance,0.025608984416767597,-0.14410284685622302,0.022932293933463455,-0.07164393043513365,-0.21046971306871334,-0.023459729736613883,-0.08528896298220089,-0.08742601811917229,-0.06862669552177034,-0.05716849691403214,-0.15689386270975128,-0.13145843402052276,-0.06138783949338202,-0.060511994358646945,-0.010241220567536461,-0.0355176012432142,0.0634027219122677,-0.07350733114057341,0.042892549564727135,-0.04576289335618378,0.014176930587452037,-0.025763934076174753,-0.09354127961293489,0.006746319098531802,0.1548940274134236,0.04115369088931856,-0.05908441534969482,-0.07757951916708689,-0.03745869493505079,-0.1559263972990556,-0.14093837356415134,0.049059087195629805,-0.04266029097163731,-0.003360758292220889,0.07738109456788246,-0.08218565892018105,-0.21429725463692167,-0.10661677604344069,0.11868895183024639,-0.15663434385298805,-0.00824274318000625,-0.06791852383734846,0.044433572560291755,0.23390069703529956,-0.0005096497122496032,0.139853521147216,0.06958597717339819,0.0008907080057559264,0.05161763797187733,0.004201759504477355,-0.01651845678995742,-0.05077289764834567,-0.11719821168539583,0.10638045419238662,-0.01549980480631467,-0.1930176116963694,-0.07425113665042914,-0.06825837614114937,0.04671471715683362,0.02843984935520986,-0.07227345391528808,-0.07757719758308436,-0.01942348215911018,0.03803412717596286,0.009212387835965256,-0.04151354704945557,-0.038235280884799404,0.062165720254721626,0.0001991219482631661,0.01550181105803692,0.09235989978146492,0.0027177899054638063,0.044492513751176736,0.11655057421925903,0.0565067810258798,-0.0036101432665079734,-0.007435545723509953,-0.025709152633609914,0.026118059192347345,0.015713949002425114,-0.012403011482354443,0.03132109163226637,-0.06247705080145988,0.04108559106955692,-0.027376321475858223,0.1285512039796813,-0.0744745111836558,-0.07319227482472648,-0.06802517175613282,-0.008401497784539337,-0.01369665244324623,-0.0635553579743586,0.030116357770276027,-0.03217361036117665,0.03366390711058983,-0.0221718908491186,0.058262094764193244,-0.016007331695928842,0.08751063237374139,0.04432766293664714
finance,0.16840802020301263,-0.06832883566369531,0.06594807642581214,-0.08732790221615501,-0.1003611624416824,-0.22935882297842974,-0.17827965946110583,0.39637994600529136,0.32257085481870157,0.014081840196701445,0.13892779520662232,-0.06294820919463705,-0.015545197273818232,-0.023634629336925027,-0.01771749804793669,0.011228636323603908,-0.0010429907804458379,0.020399267662909067,0.10136340426730509,-0.13735849330918504,0.004838456828223029,0.01903349010242147,-0.08332795674735645,-0.03161671058811862,0.013825847766010632,-0.011570075444440097,0.10285790581399583,-0.01190310252798652,-0.06298446228113663,-0.06425208404271496,-0.07617062535396342,0.04043828478594848,0.11552812730778934,-0.03894364776280919,0.08987057478873244,0.08828304703210067,-0.16227846858110526,0.1267588761263661,-0.19187784276416006,0.07931673136031184,0.041818751613343225,0.09086805920849426,0.033121265070051704,-0.00905766537468069,0.03635580759045097,-0.10385013825141035,0.07754018412254404,-0.1167540334600054,-0.08387644437076122,0.04206061610316621,-0.04104215557616736,-0.04559165049251698,0.012801004245443429,0.0664177150061189,0.07244168548041623,-0.0500210005560887,0.03244424269604409,-0.015108018090643025,0.03152383409610016,-0.008010389054207078,-0.00022197570696972673,0.007955810486014908,-0.028489879626669688,0.06708650206388593,-0.016057478301987133,0.0017057637307386938,-0.02032083160702011,0.013787884775810758,0.07789518713718138,-0.042943983634404014,-0.008549343829252907,-0.021532384524990147,0.11852744476261476,-0.021333906152897136,0.041703705262029336,0.0352361906318911,-0.0017046346554810668,0.04155993022024023,0.0010072664922540938,-0.0018672824457931152,-0.04853456081082806,0.016284630588760524,0.026067348432271396,-0.009498389978588815,-0.019220746807891983,0.01421984826473469,0.056316978554528545,-0.007187812523760737,0.033875826244652706,0.08239796051671582,-0.03060831775066896,0.0274325540173725,0.005642036255994428,0.04781791324529601,-0.06087106128896729,-0.0027828228260492454,-0.024206062079763772,0.020215192311879644,0.029448303491004222,0.022864023436065254
finance,-0.0007505685230840505,-0.022091901714751404,0.03937789466629436,-0.06309300862950594,-0.037785109383980164,-0.08993697843141137,-0.025752324531696652,0.0893245553603708,0.065290498033262,-0.023198162483139554,0.06815733579183293,0.11654701655874439,0.021410581157339226,-0.05651956493745585,-0.005697484433342678,0.03962065222812949,0.053927305134760115,0.0011174981857777365,-0.055214170221251496,0.09412233764879163,-0.011777093346238617,-0.010984019511030573,-0.05113324760659924,0.03174549617953453,0.07108060447413796,-0.045998619135269384,0.0019288027944791115,0.06265904053822285,0.0881993119162621,0.05943920622515597,0.0719817677875206,0.03192515223062151,-0.12296543591576059,0.10452598289402308,-0.06558389258021348,-0.01014470725886165,0.1582741524173595,-0.2115941334089061,0.12847966482522688,0.13945730522900884,-0.014897312727896884,-0.021573593854222774,-0.17157406592502394,0.002209984992051059,-0.018440867019582568,-0.03217833913537735,0.1454541284198077,-0.09516708557934106,0.028800643838628754,0.0841046823780834,0.15656028697952842,-0.06180487359577814,0.007334471024497451,-0.07504647219324236,0.09051819558023703,-0.11036117091345228,0.0018212689704336232,0.0492026146803515,-0.06341580523263875,0.016272564303292596,0.02165998186965116,0.05888830985042912,-0.08753196431721826,-0.06548706871383055,-0.049024475915557336,0.1373791149236901,0.02278011558161761,0.06823958197194484,0.08492153090753865,-0.089600634434129,0.04062738558146903,-0.12515690254857081,0.11673198838903862,-0.005049563135853515,0.06396375603512815,-0.13742389476830225,-0.09175143587380694,-0.1341857456605667,0.04005185254635135,-0.00027206325510781645,-0.10316599270030972,0.012740054719498295,0.05861225673660103,0.10106702055600165,-0.13118344243655783,-0.24439733006952044,-0.0345628164715729,-0.05985060051371485,-0.062204841497524005,0.053985795005682666,-0.029132135630101974,-0.0007222787313027999,-0.09395758888308664,0.024080414869549628,0.012724256510010735,0.11276089812619645,-0.01915176122931336,-0.032510815469554206,-0.10822106805053372,-0.03622296811314398
finance,0.016610116370288662,-0.10780184534367003,-0.011766957760471573,-0.037987929409387694,-0.012502322978519751,-0.015424265353996195,0.14636686008040647,-0.01335376537699045,-0.025996585082865127,0.12207581228255304,0.024019954386650805,-0.031452372043101556,0.0406937287579362,0.030505202732554026,-0.025538372738772467,-0.0526715246726161,-0.06760538128261075,-0.08959818376521275,-0.07458514324178243,-0.030273030727388805,0.03964129893298905,-0.07801238979233001,-0.033171775548871664,0.0010720659315117855,0.1125498791803441,-0.11625415122873856,0.1987041857327206,-0.08055322522797574,0.1129080689564859,0.4828992477167973,0.04863757289658163,0.12996756684023983,0.05122011847624696,-0.05478218881952234,-0.06623336204588157,-0.07545667180548148,-0.14690531172621216,0.07252248573273183,-0.1498875117225163,-0.17391626512886582,-0.040855899627627625,-0.12318642491276248,-0.06363928134236649,0.04465424575390309,-0.09921020915286498,0.07465236179692004,0.12572739311288889,-0.008167271793513028,-0.016493836183240303,-0.12188230034132834,0.11754289310538259,-0.0292793371725885,0.01587470133527688,-0.04553467469036734,-0.0588918993871988,-0.06363170010781496,-0.0202475268411936,-0.03291672345914574,-0.0856085894680687,0.005794658002323111,0.03724297812877927,-0.015146635735311583,0.015183600002533135,-0.016362197454986044,0.03042210415003655,0.002533741542292264,-0.014982068453186899,0.0004673215089463805,0.0034288884157676522,-0.04358661077652299,-0.0431047158552044,-0.033823019476575414,0.009516175384117536,-0.023209896896665163,-0.009797466836019536,0.009956708119204667,0.060934887278979534,-0.022735709280337506,-0.0024612429658138484,-0.030659407164526586,-0.037971682248592015,0.026466667283141863,0.03990828393582872,-0.04094546483584954,0.07545749060450521,0.006210482804625808,0.0344545958372266,0.07396342055785782,0.021662004122731535,0.04861002651838159,-0.08927583497231067,0.0407958801041559,-0.05782013556037749,-0.06221654291692324,0.03850265019529639,-0.000825758966502825,-0.028256332629065184,0.033254817109568735,0.06218463605908011,-0.06529125217423554
finance,0.022453514379123587,-0.05028426100748429,0.04043011598455024,-0.050534159806323156,-0.06532199200456075,-0.07696533952578546,-0.04827445583340555,0.014606870003265963,-0.004811514842980997,-0.014110650921541165,0.008473092965015321,0.01799375544661002,0.041776959354465355,0.005614211423827097,-0.0021324491988268363,-0.03344133904577363,-0.0812438025011579,-0.05762638229109554,0.07733091308381257,0.032322402178897515,-0.012791729132167837,0.013880736091227103,-0.01417108091992798,0.04986101892322467,-0.05189333820886297,-0.08080368250462673,-0.15857787556934128,-0.007847645580174447,0.14844793479647417,-0.06222420574650345,0.2539156586934234,0.010461960903483827,-0.0795487738253729,-0.16635373939984743,-0.06370356233416044,0.07473062211999153,0.004899771938027808,0.033727473282437456,-0.1217701181201347,0.07558713490066338,-0.060871395059707165,-0.10336365098250914,0.1597833504328716,0.04204230759471308,-0.1411450014736282,0.11223921562844902,0.18551907204968604,-0.04975176830817344,-0.035133958267764366,0.058334395437044315,-0.004587380285897502,0.012797744645534627,-0.15766259700554922,-0.10125653087254312,-0.03593395074950887,0.08217252672996296,0.05246037662819218,-0.12526046736048418,-0.0643480362803628,-0.03683383517908283,-0.025526593871546887,-0.019430524566648642,0.03558393008574239,-0.13692163993719944,-0.05260126213375994,0.06472034271290826,0.11178276733884782,0.007188401132893742,0.051554357836916496,0.1908759604414858,-0.03329201209928675,-0.008074991297486173,0.00554418469074366,0.053711401350061375,-0.05148149609721702,-0.13571341353077845,0.010037252102741284,-0.08927688311419245,0.09541040790751479,-0.06759499465158324,-0.1232024355967015,-0.05087275594616862,0.08435718245685683,0.032501027102053506,0.06266639264141936,0.24578031688481716,0.009361074268559023,0.001915354043216523,-0.07778856692709585,-0.12578967072879466,-0.01099235147162907,-0.060403361715753424,0.01233423148024374,0.006230055000862226,0.05602757715806247,0.03593063427674559,-0.08604094317544822,-0.03850549914832931,-0.002045799567345491,0.00429434452371405
finance,0.10152803115910446,-0.09780004672041524,-0.006634759759793989,0.002932548177311717,-0.059863627295581506,-0.045138343965389696,0.08646670000267859,-0.055683115602284346,-0.014538979309295973,-0.008922971617766626,-0.020139720230601534,-0.023308244145923182,0.03541820148957686,0.022813784495314716,-0.011413121791308024,-0.08131596359471874,-0.15935207007851446,-0.09206442627300401,0.1132962553588002,0.10400562142735936,0.1073581918767163,-0.14083580325563225,0.148047881223699,0.11990289178764282,-0.02328753837586439,-0.16956441186986435,0.024111838676488695,0.03734605710329846,0.024012666119806812,0.15373377300823704,-0.082178436561838,0.08406013599427346,0.06843482816709431,-0.10056664196949183,0.027709918984732008,0.2342940728186715,0.024654977148563902,0.06343680565480313,0.065725075467369,0.10030726750252308,0.014280348908356198,0.07264511018337642,-0.1099298183300118,0.14008490669444856,0.06618671306050537,-0.07371348531586551,-0.08532542445685869,0.09835743966493139,-0.09308929841136963,0.03979560489853118,-0.11107902465492214,0.06105659269005205,-0.003387898158077334,0.07192923767249872,-0.1486233246018643,-0.008636877728902198,-0.050284472970064026,0.010599411809795657,-0.04649414247229618,-0.09133626974463202,-0.0471861680287413,0.019532309531845964,0.02425050840407916,0.03313284505090869,-0.06446014282933407,-0.014876053417215554,-0.0835927970442902,0.048510146106636426,-0.059675733652751806,-0.028688971791154885,0.09159844792021117,0.12956389820587147,0.037851095663199226,0.08707976396352436,0.06943114738470953,0.014137721672656785,-0.05739990893124393,-0.07593747826945542,-0.04110473345885929,-0.03899727958224702,0.08225968826502635,0.003705290076707175,-0.08295593839565807,-0.01607035267656818,-0.030534159218960435,-0.008736657189516082,0.022276416574252115,-0.06293700628476939,0.052637939952865385,-0.04358861692285014,-0.19410210006508408,0.04532641502630337,0.09351819449553515,0.08468562656726925,-0.06961160159504043,0.01473456119748007,0.10156767367632404,-0.07712831422705066,-0.07554024694101759,-0.0053844281348252995
finance,0.08048801780697286,-0.032081405712028103,0.027625504633960993,-0.06492606430916696,-0.07241726054786933,-0.09047884932549803,-0.11172313278772868,0.09075752019620519,0.05141239137014643,-0.032626983267950126,0.03287813266720513,0.029973287261450713,0.018919444816760844,-0.014490699887643375,-0.029900959825525302,0.019135941932556,-0.018872582288142384,-0.036931032720373895,0.01383426881281691,0.00603408221670189,-0.0693831767371097,0.10668143889191653,-0.08734925385778906,-0.02551894707629736,0.0006070764463027849,0.028556111422693292,0.001971576808023396,-0.002872085683669837,0.045842053780062834,-0.029110555100955338,0.18193620187146947,0.01958393496238246,-0.05209639969360089,-0.020752525374106642,-0.006300482287185025,0.08111437925721146,0.03236033408929582,-0.09948742897749534,0.004002480974405118,0.05248657608557825,-0.04636290543343947,-0.13452217130277866,0.03990914902897274,0.04342497099575962,-0.1679174140985968,-0.058820251464620936,-0.12226183300517234,-0.0219797995228202,-0.12577347765972235,0.11740459483177092,0.12402696561288155,-0.03268391482527518,-0.02379404591758691,-0.16663153343123355,-0.253041392933158,-0.05450632767868326,0.00811474240808651,-0.014307239407287752,-0.005001087633920681,0.10434821440099276,0.03711318835297109,0.04683295105052388,-0.05966264977115947,-0.17474605692012118,0.13588864707158874,0.001196982486405541,0.12685781643639532,0.1641578897883891,-0.1502987030640803,-0.077654896008057,0.08409483468949368,0.1022356995116275,-0.0513000007914571,-0.05126316002694524,-0.11945565200495112,-0.0980783883738263,-0.04566795871279818,-0.06735397080245481,-0.0004839376633599323,0.1550463261099424,-0.00537119941023225,0.08036414919855825,-0.1266110874493535,-0.10947508038629275,0.024553771544170672,-0.21102708054203642,-0.08586141579632588,-0.15378969749833343,0.08579389522411927,-0.004165711446936493,-0.024725191288252533,-0.0823295329953132,0.08292406631047854,0.003641479763452289,0.06066029390958547,0.004265610004737132,0.08796875942108277,0.08740282227402166,0.19497712254291938,0.045626185907310476
finance,-0.04574122821680377,-0.05305092472848771,-0.03525967333905766,0.05167344373023927,-0.019769931534986237,0.04307259786524235,0.005704961455091818,0.025328091163048076,-0.06834182618797131,-0.06932876840750304,0.056483622158366484,0.05308600152298252,-0.025363056769305312,-0.034792198757427756,-0.0012567244401064936,0.015127690682803422,0.018384275538086733,-0.0400581035899684,0.03616171051555499,-0.0399944379506758,-0.04880331790324352,-0.030098923977466496,-0.022229637786852063,0.0410602682494156,0.015981997468900753,-0.04710767464550547,-0.000714000208516966,-0.00827650262596173,0.04994356449384313,-0.05551651834507465,0.0561012611703888,0.07763401689110004,-0.1406142878812963,0.041469308614533844,0.11842711118953186,0.033586634076515354,-0.012253637415839232,0.01262562199250667,-0.025416429278832163,0.0623131249917881,0.046900690324809355,-0.27575469257583435,-0.040575007881764893,0.037011280320368135,-0.06419437668385991,0.011061225064982205,-0.12198701549254166,-0.08716528752406112,-0.22369060999919255,0.08148469749855411,0.06790001244493461,0.20849986690402228,-0.13353036141438052,-0.019071176512144964,0.10404086805018987,-0.14100745863330283,-0.2596155187742806,0.11741090638560575,-0.0023166546801899907,-0.04141565616787567,-0.022751851158205133,-0.07261092836519421,0.16086472642585792,-0.03786787380372174,-0.03475775517692579,0.0343765012867642,-0.3297780776182034,-0.054763105269950055,-0.032998812983619334,-0.074827273879286,-0.06876287747395238,-0.04880245146168794,0.08190640777321932,-0.17943378519242154,-0.03692600009837085,0.1389109581518344,0.010636185106538678,0.04346830797166269,-0.04080176494000496,0.12808010952936785,-0.16074532075893463,-0.10316943873993373,0.04139747730663504,-0.009813377335441638,-0.029553231872072316,-0.03053515074291515,0.10861425898888116,-0.024925486087217057,0.07019459276908277,-0.09677422219114139,0.2012365869220952,-0.025101075996583407,-0.06273143032289627,-0.0317924618346146,-0.03988155681168047,0.04558361410045577,-0.026209894619326064,0.011804696569974132,-0.009356174941458316,0.0007358140641534284
finance,-0.004297138980946818,-0.11733465496959467,0.05183087366654682,-0.07360451521470285,-0.17769181299844278,-0.11353313956052404,-0.03888334772347683,-0.05348179929481321,-0.11682142591217244,-0.06980384644450399,-0.32439057873774385,-0.12027390474273181,-0.19161793969304833,-0.0778707586145124,-0.05484379847463695,-0.006986392523210296,0.15942380820703944,0.12466675316179228,-0.07536962271499481,-0.0199329348196947,-0.036497531051598434,-0.05195141216036771,0.050484760901791395,0.01337794667486424,-0.03643995619119873,0.024527660216541767,-0.0740018008605856,-0.03940180161788131,0.034302302853871175,0.0746356286528423,-0.028191667196135105,0.001295573102486307,0.013720838842506107,0.010616119562851595,-0.004488719543971324,0.034047225290494344,-0.013317840869247151,0.054011871985745225,-0.06351244716328107,0.039680547861347205,-0.017326273677358055,0.011924647715028063,0.013598382508903783,0.08286499797235841,-0.011852287745012227,-0.059742710217288816,-0.10788620825546508,-0.007204396987421763,-0.023084226089112682,-0.0061197321689097205,0.04426020358265885,-0.004321550243378624,-0.034556971076495524,0.028115057792959825,-0.07224358073879587,0.13291601372098807,0.024588255761804435,0.02719140261902025,-0.05140869186977617,-0.09632953679706595,-0.07032268717058508,-0.007947105912177904,-0.014691389898905975,0.10184576734811582,-0.029007791788755892,0.02906219339740621,-0.05665056624263579,-0.035806024922980524,0.0965221041032266,0.028305310484459383,-0.09329347937658113,-0.0024932189341544263,0.01918978807891455,-0.03408417919108126,-0.012680206683791172,-0.06536794513095621,-0.012450786866833121,0.06079125856687342,-0.023725968733847462,0.006174405542670377,0.10854847930936977,0.013845438281644388,-0.04347000915745873,-0.04246440706636667,-0.06787977645685965,-0.010827744739905557,0.03273599850540595,0.06209069772136446,-0.12054978637450126,-0.04724565819484936,0.11470462318756385,-0.22151195674562343,0.06697635300062532,-0.04228206216376909,-0.1260647389236582,-0.08492629999862993,-0.0971089063994822,0.22369411297643452,-0.07920785582267359,-0.13173253876496505
finance,0.19296640148528724,-0.008791088808623367,0.04254488237859353,-0.10578685919155846,-0.07338706858666307,-0.29579422271048056,-0.15832929348920946,0.5165515653992544,0.38548403838517453,0.02295168732117178,0.17325452732395485,-0.04665760881639734,-0.01702464000162358,-0.014486155026356008,-0.06283686788687608,-0.012424860622557786,0.010194471512576393,0.03432757123473427,0.025411118717528092,-0.09696551729883017,-0.0020285861484720985,0.03143869336542895,0.03408873504874506,-0.029599279103959646,-0.030058270768138724,-0.008027362565384513,0.0035783315205923957,-0.05759787816031403,0.011275802387812244,0.0733590115763584,0.010402528626467941,-0.06154742814461193,-0.02322491619463875,0.09259260500951487,-0.030395263281071512,-0.13445697218375183,0.13974535991422446,-0.115092770843362,0.20558895559316262,-0.12744142441602888,-0.07339251999745518,-0.08590920980884503,-0.04247317130473903,0.052203444871004444,0.08223043977171998,0.03471838937198394,-0.0579471784014753,0.12115154206979961,0.06032752227065699,-0.06801233281298205,0.017070582297108908,0.11107040791445943,-0.04753818637115395,-0.018946991715425656,-0.0842812525302462,0.12188700686971302,-0.011597144919593943,0.08728277114131858,-0.06151031784695445,-0.018613756528784355,-0.04346371498954993,-0.03576307768526634,0.01383131522565124,0.04909283055594897,-0.006409478662554012,-0.030899674866415566,0.008809567523961087,-0.03757988648726481,-0.059527616904451214,0.04532883446264595,0.006056929565893359,-0.0167434399185341,-0.05615933591131272,0.014479097060239214,-0.020734262868453947,0.03578365860663545,-0.012895019646420015,0.043664211088178424,-0.02760020542656927,-0.01195421791050169,0.027999580584249718,-0.016776628798760445,0.02261148890233274,0.039695860686904345,-0.015801103180293954,0.0035860219857188676,-0.007473242710061261,-0.03039653453950665,-0.033384051985229875,-0.028037341435794564,0.011284370274781925,0.0031155957129766275,-0.014624903524282475,0.007410824273901364,0.009281129228228081,-0.018470008457272806,-0.028360528968894325,-0.001631482368377823,0.011275467876708724,-0.014022832663701383
finance,0.1934737982575451,-0.011416458307711666,0.0455095555668301,-0.10574711322598064,-0.0777523282839636,-0.2996349591772712,-0.16174947780460922,0.5229118883737262,0.38494519445009234,0.026677733256239268,0.17437907899635643,-0.045715993107121905,-0.01882212835887948,-0.015526872879475039,-0.062449103896533305,-0.013789256607699153,0.011088248351381376,0.03293612475870607,0.02107682079744554,-0.09217626912122642,-0.005795921775469638,0.030428258346674255,0.03418954933905752,-0.028345761315728607,-0.025371103340672618,-0.007480326561650766,0.0032192063934788663,-0.05445254815233795,0.010472386329837954,0.07303947383763336,0.011068315692025307,-0.05886138311301295,-0.024106307232560912,0.09413480242590688,-0.03136340314950218,-0.1335391435134957,0.1398762308546278,-0.11637312918621913,0.20361486074993607,-0.12743774400390204,-0.07091171428796834,-0.08440855965329332,-0.04238999725073978,0.052273284125256864,0.08075360368252091,0.034699228240210066,-0.053352883269955687,0.1161842264924362,0.058770769920003664,-0.06607238730254066,0.01936330424571258,0.10564142535928273,-0.0454268813626236,-0.020375739509379053,-0.07983331400435537,0.12102519364728684,-0.010336355262758829,0.08842721956565158,-0.06254200573933662,-0.018805894167496236,-0.04165841924732404,-0.03601742532472599,0.010373311481973313,0.04742665550104375,-0.0061715076470668425,-0.029558635234767407,0.007732413690712186,-0.03797262082548994,-0.05962562095708963,0.0441778467026841,0.008552479423090875,-0.018027318650785988,-0.052522277611684896,0.011721405802463959,-0.015365238215871978,0.03538322557472381,-0.01477732321516224,0.04357502304709903,-0.028186177810919952,-0.009403423572427327,0.0269955539993326,-0.01422375162862404,0.021517819687953736,0.03968057396201338,-0.021751051462045295,-0.0029888008159080597,-0.007504801979457206,-0.02873274114776168,-0.03318458827817898,-0.02676265317966719,0.01266251249480049,0.003599683540917432,-0.01203988467384462,0.009717299400422513,0.009817098061100543,-0.014652442890576212,-0.030416294580744328,-0.004337677278637154,0.007749473826959789,-0.011159972390626471
finance,0.03558092317294271,-0.0872444676288835,-0.02741282536255475,-0.018046761742949797,0.011260886849179325,-0.0038962267107523776,0.15773399562342233,-0.011955823489386676,0.007363192349341341,0.03432722465401593,-0.030277365739245898,-0.0072075640449380095,-0.017019036850920894,0.01593096218691437,-0.006657131535444355,-0.013029276404108144,-0.06984635697830223,-0.0013816138743546777,0.15582137022723358,0.15055131159596596,0.14317118572370435,-0.0807667004882677,-0.06559476028156233,0.025139003562903266,0.11899804270486665,-0.11845698108381916,0.07734092648561897,0.0513097433342283,0.02464215702665929,0.15657593390517616,-0.12472192798163487,0.03217177769702224,0.05472067531932394,-0.07159251219735768,-0.016813524711966184,0.19755179692854896,0.08036660704914941,0.07642733883202817,0.08548811120375073,0.03692397252847001,-0.0672541536434341,-0.008496475379291836,-0.08773171374056181,-0.009055480648652258,0.04258704467339541,-0.05837486255858264,-0.1803101009572313,0.10290863098457667,-0.14902394904333224,-0.03216871358948488,-0.08201369459032695,0.12719015703069217,-0.008462601561037477,0.04936453351947567,-0.1404123849382435,0.04589831889837245,0.020899846474112648,-0.007096523003030747,0.07858392250604074,-0.14613423907990727,-0.004644858172280804,-0.06843340001077855,0.074686954740425,0.02940401438394724,0.07982328948960185,-0.018178406388116554,-0.01947523984941208,0.07854591694473094,-0.008407665922153083,-3.406574866804329e-05,0.1640083082051425,0.17202608311345768,0.0855319900376341,0.06342886659120708,0.06367195159795985,-0.011331109760211698,0.03282529166575599,-0.10655376609490953,0.10115668053633069,-0.05681107540623139,-0.07687801535425093,-0.03368214276693151,-0.1322152744077595,0.07216323143640917,0.061811796457817834,0.10886922000977953,-0.03607646727511367,-0.10984763291107186,-0.04302093571805266,0.023884497273768193,0.02855612362817794,-0.09916358923982235,0.021440653470989456,-0.05449167493686469,0.02656116517069144,0.06159734271655794,-0.11587175456940677,8.219958428908178e-06,9.377335015272054e-05,0.05038285937018032
finance,0.03150266233480257,-0.08638452181499667,-0.006807858190914274,-0.06737990176918174,0.03640247782958625,-0.012282605702081307,0.15354553457159795,-0.09560748556864822,0.04559088534129788,0.00948146535472389,0.033729274881983094,0.003824223651050036,-0.0007312147334403639,0.024386564685145086,-0.0261565944091582,0.007601927504241717,0.02785440911304667,-0.00031955101536816204,-0.0040842210717260815,0.03535671470648218,0.04902841801429439,-0.04625379373863407,-0.010873096197403148,-0.04186919928715256,0.08503161355277078,0.07774557204334669,0.12831272799792956,-0.11801364264424666,0.05974614727673809,0.2136070801041131,0.08513000527767335,-0.033597036001706895,-0.025398182581288155,0.03587452070901507,0.007375604217147655,-0.08798980442833239,-0.09864820823086166,0.0783526123643446,-0.05848577668698925,-0.18305522858370823,-0.0020724751748980672,-0.07515397517532948,0.16825956741501102,-0.176787003736113,0.1367822114095608,-0.10112043972763737,-0.14695872696251816,-0.15481035973357765,0.20817779840158912,0.2505308125329788,-0.06846524396392281,-0.020679135927840167,-0.1682348690889868,0.04148711499668412,0.1238644288981916,0.05616386665579589,0.09089603326979989,0.1532839766140018,-0.004719390604720489,-0.04781873912568385,0.07882658423942061,0.08255885258743174,-0.04284961277174983,-0.09689234354484305,-0.03420998337326371,0.050711826532031615,-0.017552193534029783,0.1257427013515582,0.1630703242512031,0.10221621909903338,0.09485430471752991,0.08410674294648456,-0.006095509584707237,-0.056091048723238605,-0.027593989203181936,0.007914546190859417,-0.09714110737612193,0.02350251216755352,-0.0015364057836698766,0.056288202836308934,0.007523354921156999,-0.08383212684773873,-0.015495191685435599,0.008358893424471358,-0.07390020390226631,0.025321187397344208,-0.03500189711355282,-0.0438041609306995,-0.07998104806862825,-0.019306719608115596,0.04551060895063598,0.00016341459054229165,-0.11313565609914025,0.051775846821054954,-0.027712638663231287,0.07580693194776883,0.04278875910114558,-0.024157651871170457,0.0833763647964064,0.07809664041194171
finance,0.012049828016734121,-0.09895718655016918,-0.00906012612698026,-0.007833070858609967,-0.03506435826284901,0.01739802228567016,0.08672244231028363,-0.0025955180806794915,-0.04435930396391197,0.09639283624591984,-0.012551312372862463,-0.04143396353530792,0.022207449875550938,0.03556485301968785,-0.00895702824456734,-0.04620748155217448,-0.06143575419172926,-0.05515348970726547,-0.040857489306699676,-0.02059819584484658,0.022654717702503414,-0.01028102393213395,-0.0104710422087932,-0.015587531864016381,0.03294098862081378,-0.08958063031712038,0.17182167081659475,-0.01919917192110045,0.033186214942566364,0.3420578765225401,0.026020578337428185,0.12270956270364355,0.0971583577820364,-0.04449848313734688,-0.019876828187894977,0.03258725491826511,-0.12211866749206587,0.03938508036002001,-0.1312001917767481,-0.08162366906431187,0.03128268468239472,-0.07710858393915712,-0.15024009076054815,0.05842832143971943,-0.17147149613195437,0.10349537741942547,0.12863652523422514,-0.01693913117984714,-0.006734661423842367,-0.19320874749275152,0.1960086747783044,0.011049530237869679,0.15413460348465513,-0.022910702420844496,-0.04705978164413063,-0.08587683382018947,-0.015248199187939978,-0.03281574748029625,0.02472897081569,0.0848847999449322,-0.04193440630687749,0.08790810198825126,0.07330019497338382,0.06257684627752212,0.03269634116600749,-0.0582195951267107,0.04974796251185133,-0.1366759530354022,-0.1470484817671059,-0.08907820892757884,-0.1255673455125482,-0.043796347688811056,-0.06118220748188885,0.11877386279370056,0.025222482097353685,-0.01358092226447301,-0.01368787576232062,0.0751707161727332,-0.07508917443414867,-0.025849240353470693,0.03796592225800731,0.0908572809290724,0.06328330797378291,0.013405050777836939,-0.08641356899318618,-0.019750065215134494,-0.022074535050084224,-0.12682884508565628,0.030491486291911854,-0.0786157632817178,0.11315500532068869,-0.06192951988072601,-0.02237680287397311,0.04425682354212277,-0.08715430203177506,-0.008984447522041689,0.12367035774866086,-0.021533406611694124,-0.06270949616613403,0.04180552195197475
finance,0.04627239062998422,-0.09232942976722591,-0.01603244289352392,0.027377563992341702,-0.03559797725309124,-0.01813729115496494,-0.024791262979115398,-0.08205535830489726,0.024176956192006573,-0.018003533071178256,0.054427617107988414,-0.025733609381213576,0.05518041481394704,-0.002275828922352008,0.031327551085845416,-0.07792026423270805,-0.1303668682368509,-0.03376722038221942,0.029732807140236944,0.041480949403865985,0.06980937269907846,-0.1505157136602341,0.12563768741191356,0.11238761360621465,-0.13532458589207444,-0.1064902117558577,-0.22767940984990223,0.00639770533818979,0.18715101665039854,-0.010906306313133917,0.2109293400496816,-0.029157407685981178,-0.07191970254635581,-0.21936531668183917,-0.10251572084631154,0.09903446849236894,-0.144515705322071,0.11237047832278856,0.11163514458733662,-0.01214813959711971,0.15008503701315942,0.06013672287452311,0.04123218397458608,0.13141551139914762,0.24213236856930442,-0.006277539984757701,0.032368903672130224,-0.03550551349092025,0.10396517215521801,-0.06651145674416854,-0.02041286519897369,0.04542038523491715,-0.0289884751200196,-0.01139507611620798,0.04064339225753284,0.09708731236960151,0.05033043689932834,0.06285932785661055,0.040488092316691225,0.007927172497773886,0.0014977834192184411,0.047962250518334054,0.02538812858467624,0.010943005776763567,0.006719757186780422,-0.03381956746795908,-0.049275584743477284,-0.03937567404945099,0.012729188545953559,-0.052032949538557915,-0.029292266815558007,-0.0016340281122100367,0.004394387087518239,0.03333661550979983,0.06972583603074374,0.020393280191035583,0.035709218871194576,0.05888952736587765,-0.06412959896172046,0.01741721993290797,0.021994620634919564,0.056769888840198554,0.011335082293402167,0.00890707420580552,-0.028683362736350575,-0.1284882694600192,-0.08644742292171913,-0.045146037467197385,0.10042215359747726,0.09623061854225415,0.06982443807041684,-0.022470403329926603,-0.07025234487714808,0.0387018033588218,-0.013929363888027341,-0.0038230989700501466,-0.01963928847024798,0.029840330302834835,0.055004784347883244,-0.00012485037085736947
finance,0.03668034762563491,-0.049367516965365246,0.054427268427018595,-0.0615585919869363,-0.009459217547882757,-0.0460932005637664,0.024376174673321583,-0.030757230484153922,-0.033988353070840575,-0.012369166776044497,0.0070722627527626605,0.07340616758775344,-0.02975857003446063,0.01705095217963309,0.0074098204082094585,-0.009262374169044236,-0.03191393193262571,0.01057998493370499,-0.026451442665991986,-0.008605415926794232,0.02736833087557079,-0.04668100455087356,-0.01600230346192491,-0.012903814659805609,-0.005279429176844231,0.030506434948168404,0.10385576629397102,-0.053072278031301406,-0.01129478536687684,-0.0010368395677570813,0.17572007440456064,-0.021327565475691743,0.044051971225116594,0.016917960427722915,-0.0012138409862054076,-0.17127662493117934,0.15002792844630922,0.0051530197922267955,-0.08934226201393099,0.07359647467385434,0.12384807766141652,0.04171237732773018,0.24852353594975862,-0.054430051455937926,0.08115481472250397,-0.03309369906357933,-0.014231648314210274,0.050763229769445424,0.13847856514022058,0.14286945683855207,-0.22262857189303759,-0.03614469994129063,-0.05169778826713622,-0.008188139582142817,0.016442919620057887,-0.10261457793315976,-0.1144329966541207,-0.08552177577888256,0.024500985695772172,0.18877591924229062,-0.03056079419707715,-0.20219083471103888,0.14150046538691335,0.11110822344260832,0.11060793604492844,-0.15264572058560968,0.06271865125077793,-0.11781931293515205,-0.21215157416159716,-0.13418698702624088,-0.035783610450957765,-0.17550355524533232,0.033660372218328044,0.03691950950934659,-0.011770326348594415,-0.13066904814358055,-0.012157912419662414,-0.029001995634136867,0.10357745022658134,-0.03960538108853771,0.04322744258611374,0.005474447694704535,-0.1748758949609449,-0.11987442213709402,-0.061931619816091736,-0.03042725287166667,-0.10860361829849799,-0.0001585902031605151,-0.0240866978856442,-0.033318049228941424,-0.0389059656722119,0.06214554546240579,0.018307894991206757,0.1196477034430324,-0.07722400059331257,0.0070851847877870765,-0.11442254319301925,0.06298535264431712,-0.018793429316187018,-0.044801383730593225
finance,0.21023350441110294,-0.13638625457463088,-0.0003137959540888738,-0.092408104990244,0.031562603845478605,0.013998347798691711,0.02374356549602118,-0.09314390034279871,0.0583874036367052,-0.05410847859569762,0.1076333427592254,-0.025376185884767696,0.054088998832030166,0.012224248949573774,-0.027149378582551096,-0.027208974397869942,-0.07937872994146501,-0.04865302934838637,-0.12788373918142493,0.005417292244202582,0.03569886685146107,-0.09328418045705882,0.11110256130656175,-0.04267091375751074,-0.010692686121260238,0.14906302785429734,-0.06874043959800741,-0.007668918177545202,0.03143944996751878,-0.043682966664374,0.07201301399325599,0.005078889637928626,0.02890281214539176,-0.09691583952046331,-0.09432948428864646,-0.30583429959118025,-0.013556394203251934,0.002809461280795366,0.15251830074982733,0.11083614218130948,-0.04461302941207217,0.07383668029253286,-0.0454367742777851,-0.13274150085265465,-0.12197193137280508,0.03432491322442828,-0.015763429464806834,0.03832539140682528,-0.13956560033142743,-0.06699795900674976,-0.05528623745250396,-0.052362954128980406,0.040785857353642284,0.13891577226421636,0.009271355106801127,-0.02298645917145726,0.025618406000536435,0.06364815398739786,0.06322189956988675,-0.00213332994223252,0.00997255124269281,-0.02453191537661085,0.006675265561323262,-0.0028041597481936816,0.02093969821968735,0.011359396743457621,0.07406683712390356,0.05381840621008443,-0.03466659640453283,-0.06091208240654832,-0.004356841420368725,-0.01895124101904964,0.048015304128329016,0.055168761601356246,0.02462128160905591,0.024215809638084673,0.03897978448488014,0.026772815991216094,0.0176116500194506,0.052355898354337814,-0.05471561223473017,0.04411612887449771,-0.015923603551072505,-0.007065167545206832,-0.11088527612466526,-0.031715896886523764,0.10595964591552441,0.0205007150461675,0.054076994531947475,-0.022895260184439624,0.09567733305564104,-0.0067124394735042486,0.1653966389395333,0.05485630074967797,-0.07497952910391696,-0.08302440086566153,-0.03744348060494017,-0.08374388084962221,-0.024858275013628108,0.013317535967635019
finance,0.1377631113673282,-0.04947017097366243,-0.0007085128970300547,-0.0397818084226608,-0.01873289806782302,-0.035035391325082106,-0.02353144480100157,0.017315793341116152,0.09586990735642156,-0.07917103461440682,0.03272289032292221,-0.06856350507138499,-0.0022950751959785803,0.021876395013031662,-0.025029811983891332,-0.10893576045344892,-0.08059778528195323,-0.04903150231264019,-0.06135735392295221,-0.07095143143912931,0.1260086785127999,-0.1404072284816616,0.034331525952431496,-0.06771637155021597,0.03662121551139124,0.14577806410430644,-0.02724982834716294,0.06659180400090486,-0.028724628153218204,-0.08474977200799473,-0.1188172624969459,-0.0102485376977122,-0.1161493803922888,-0.008047693867616758,0.029398240831702387,0.11886063311268683,0.013510143695945488,0.10059100791776827,-0.08509700444036931,-0.023052400045076665,0.048218059249359714,-0.013110357830118408,-0.026182861032678903,-0.18547733834708038,-0.14433703816414403,0.1630324072873698,-0.030089332006766525,0.024024419395126298,0.19393705025428543,-0.06154977123983613,0.0969939080594385,-0.004179164616287517,0.04610401795494245,-0.051823529870165246,0.13136918645694104,-0.000502955016852112,-0.11427398384421275,-0.16722641890977102,-0.07247667135766749,-0.24876258217986763,0.12564527978346285,-0.008014705568444814,0.20093635126300854,-0.05609642783615073,0.035877500760197974,0.07402312606209142,0.04480468196606636,-0.010870884745181688,-0.048814099080724545,-0.04399670883305781,0.18356930268991206,0.021092874282083753,-0.04629498914776003,-0.1356263770749994,-0.07589478655693067,0.09977292888112661,-0.09340737583220707,0.031869021531010004,0.002162222590852472,-0.0906695500042159,0.044591209465609655,-0.11572168992085419,0.05519512041202552,0.05114939768380539,0.043009800403602756,-0.08141565300843812,0.04867494732764046,0.002016470047533193,0.07437447168699995,0.010202824855829793,-0.09837760780712132,0.09226184457019226,0.0703183567682971,0.04607059035291413,-0.03088821279555394,0.04019511134133042,-0.05319464147514784,0.10184894538649866,-0.08988303765140956,0.07929812203499367
finance,0.11823769175480449,-0.23604841471094365,0.09601618442481943,-0.2563701913345149,0.6502327107875604,0.27787143212868765,-0.43515239213017054,0.11547555577935899,-0.1944593373958589,0.13533994362986076,-0.10407711103594373,-0.0415333565946509,-0.010228605291876245,0.012015631523155823,-0.05852969936325698,-0.06961141498323563,0.014678274685761857,0.002948431228736496,0.030132843283597822,0.005360806564701716,-0.04676338620644514,0.028799621022968208,0.011123084247494362,0.012653779523909921,0.016087975688448553,-0.039098648358788596,-0.0031238653418004816,-0.00596615411693438,-0.0011322886038519658,0.0366444313097548,-0.05924796311691226,-0.0025728512576373833,-0.029775556412614826,-0.02369011115046542,-0.010793050147766122,0.009113472664685127,0.02035363252732852,0.012674476131270481,0.024253733552475353,-0.011867729513728317,-0.00742210537252418,0.00954369532273785,0.0017679728259303957,-0.0032822038431042358,0.005685960199158386,0.004945704332748442,0.007523966352004264,-0.000347864409513244,0.0037301762918155045,0.007721094571454396,0.0017282348338192339,0.009862415366151431,-0.006592760079471794,0.0025037677481733935,0.023262343515021936,0.015932594132082544,0.008003729302441495,-0.007403012933442528,-0.010380843105056924,0.006529851648424269,-0.02123910779753618,0.010266776449855845,-0.012556691990247308,-0.002867437943296401,0.004628688555781828,-0.000305929397386529,5.151352019013575e-05,0.0011241379916408765,-0.0006282262998957282,-0.008541904171716139,-0.008968794524196444,0.019607993134657952,0.008054573247598453,-0.005952202947738738,0.0021841923600820438,-0.029892280249179778,0.004680977280868779,0.002739891811316794,-0.0006529626026259304,0.02084418380641075,0.021548906492994225,-0.022152101812028816,-0.018140984222894865,0.03467247126796902,-0.013592341719563323,-0.01598063145049027,0.0022779456904120326,0.0021864789793157287,0.0033459861406883104,-0.0034653229979095795,0.011966491200321248,-0.0025198811405600665,-0.01565403390749549,0.005677730231213098,0.003312603331148044,-0.015335154216089754,-0.008674173094273815,-0.001845284805177494,0.004109092334250084,0.0044297976553282275
finance,0.06644857473146377,-0.08091188018657762,0.030778445118782402,-0.057298551518351976,-0.09604293977414018,-0.08620548885321813,0.004211885135859112,-0.04702990548125863,-0.2762293323178797,0.06589612880908184,0.21847096812587782,0.37702287972397813,-0.35670177870478753,0.2385206124492892,0.1492921169553223,0.008375402566594987,-0.10849538619502062,0.07920210977794195,0.046139950585432285,-0.22383870188422936,0.024558424520691912,0.04564839446315193,0.054433170084953415,-0.022801787767264218,0.0026433249079893953,0.01131407584859252,-0.01517672151045058,-0.006199501042511981,-0.016132601804626952,-0.00669481447738137,-0.05231830131136013,-0.016816008977873248,-0.018589051980135975,-0.00039071311072236536,-0.012293256107927635,0.028424276396464488,0.01447025373888623,0.031705464512693474,0.02081869492726886,-0.06000286599416676,-0.02321995016272338,0.01097440801688156,-0.00021868873503845827,0.031447742138890504,0.02931046492789133,-0.01762724141303115,-0.011997006395926426,0.004216122580259602,-0.007946228625240626,0.00527888919273919,0.012103938853915041,-0.014428402589503267,0.0014359404921045944,0.0029373863076205342,-0.014196115132422377,0.027085873458790308,-0.019759535736027515,-0.008800101531056464,0.01595360283778623,0.0010635900964384233,0.011994283864140507,0.004452785249973804,-0.03978907817742962,-0.009615665014114701,-0.033413373439577086,0.012267119201235577,0.06057748042482274,0.012205419716486084,0.00707102414465109,-0.007107344608957701,-0.03471888617491886,0.0026564272448175506,-0.005045353403609786,-0.0049372322188756534,0.002621923516353319,-0.037464661087014205,0.049178026846324184,-0.02073482301028229,-0.027067914076827626,-0.06061128127187006,-0.003630520169152345,-0.031141136529599565,-0.004048257300007152,0.013585260165512512,0.003942096846564132,-0.014986078539504611,0.024057582076057925,0.02396236455151049,-0.035338548379125395,0.008499016526969157,-0.010416620970456323,-0.029431579753081947,-0.04378589114314811,-0.005575403117829182,0.016754420707313512,0.020633471415883255,-0.008277816929095278,0.019248528046486104,0.00792277071705124,-0.01486536848985977
finance,0.12065506167103142,-0.07865185132292361,0.026030448778034482,-0.057241235157797124,0.0398321004083665,-0.016005614453169704,0.04560729431783675,-0.09201229353095702,0.03147197314313674,-0.11275430542268948,0.034673863347484776,0.034219062332251776,0.009223198756060508,0.009594776105188503,-0.02537153744351061,-0.03480324882179406,-0.03973687682690522,-0.019373062878193837,-0.0811506265349716,0.007007545507258485,0.002761657221907558,-0.00803535054725251,0.03770021444314775,-0.06655577956421174,0.00040978642259633985,0.10890603520319346,0.018294269326235516,0.009779768147692857,-0.022698939279536097,0.038274052839658707,0.06493058971057784,0.04744596716732028,-0.042359371223868236,-0.047724186915723686,-0.03049250610622698,-0.055878917724414195,0.06123449381853793,0.030130003577794107,0.04088378732674829,0.09196377465394082,-0.030496664454516657,0.1625347040309326,-0.10817560533760705,-0.019344986898788302,-0.08881855946667337,-0.10392154281474988,-0.05299458753014922,0.2215524491161567,-0.06693133608172927,0.12275369564083224,-0.06796996627102105,-0.13334262623837914,-0.00616330334701437,0.0654405196990336,0.11241322587952793,0.12001038750931264,-0.15935245904060014,-0.07933458596552076,0.020110543199778758,0.007058613264821121,0.08316380708126732,-0.06676025040089614,0.1466378060468335,-0.06317270362914071,0.08471225802951174,-0.045733678256102826,-0.042899427240738065,-0.12137012477225041,-0.10233519082639046,0.10582423963172306,-0.08483668721729229,0.06856722939197932,0.14943228222415822,-0.003686619951381999,-0.04190624155939233,-0.017046631745860408,0.005220580580411979,-0.02551207709625766,-0.033699108864361164,-0.2634620798018238,-0.15946218184360586,-0.04829216008879863,0.12137601962900316,0.2481321014557021,0.014146213755202896,-0.114958408347231,0.05022634264535121,-0.07725212306803429,-0.060509708864645725,0.04136458989773148,0.049526995540921145,-0.14257981748091475,-0.12297416862094097,-0.03290524086958954,-0.05822876275403039,-0.033792013263959114,0.08967118862818185,0.1003013001795416,0.18209795991194752,0.06367658309594176
finance,0.029639682826297673,-0.05159948671425613,0.02672597193463829,-0.09053208645772641,-0.047294941607460506,-0.049734669378093496,-0.03855164368546383,-0.06604869359878283,-0.0341328083735235,-0.0473408185530992,-0.05185699365629254,-0.027231682579107613,-0.027098650775589636,-0.014837642830113535,0.003356612246439264,0.013636957544935078,0.05757418573195199,-0.009059791902607812,0.01616957506843015,-0.032419966146808074,-0.03634877129330086,0.009367561841926634,-0.09955905331189073,0.01211591757778642,0.0749190786489204,-0.02784716389648611,-0.08207629945862026,-0.010826590058934011,0.06457558437249188,-0.053622009664210823,0.11882731533952036,-0.023137080245743104,0.013097311452573968,-0.03551860780582452,-0.04618312624296678,-0.18615451770996852,-0.0039335213238471224,-0.07674868125417611,0.08361529841928182,-0.010494906395490704,0.010920406482165853,0.03314813386765748,-0.0129059167299753,0.03610377110689185,0.06471694876586746,0.10613182513197986,0.09406264146303225,-0.13001291243615026,-0.20639022780520036,-0.07513677431531594,-0.08219913423577144,-0.02224955859842114,0.09172456910018194,0.36439922715788337,0.11584185744044971,-0.2904056905827063,0.15619159930930812,0.1320506170369263,-0.0042994459502225775,-0.022365099662312142,-0.08942225351445923,0.06812034120809808,0.13553322445598734,-0.004063749912309141,-0.00823052946987946,0.023192422719372996,0.16105109746057095,0.11966889313205156,-0.1304175863519747,0.02696509079763855,0.0329034220106043,0.24484590873942336,0.0011671164782533427,-0.06043056562063104,-0.040178296370361535,0.07969588237017393,-0.04711204158867397,0.04472351991802442,0.00772572058002349,-0.0334881325643843,-0.03770912979811572,0.00641266706829009,0.00011019981571879234,-0.015825210279908665,0.0472513553165282,-0.06646139390545071,-0.007911019855398615,-0.012696374919893632,-0.06989538316988084,-0.13009462879467523,0.01323666544546726,0.00045653414552480583,0.041055381451741806,-0.06238568928821218,-0.020841607467591436,-0.0016236111470439916,-0.07029440844067446,0.0926020838420704,-0.05585026582108708,0.033268473908643834
finance,-0.008407243831564257,-0.07129191418594523,0.014745650173907282,-0.013730308725042153,-0.05780731335626209,0.009711214176806406,0.015439289881068411,-0.02518685453708572,-0.045066393176268336,0.02056767756743413,-0.021644283991444538,-0.03579949261080825,-0.0018549909001448572,0.010404471543155061,-0.01069998442339595,-0.010625233300924691,-0.021714288543569146,-0.02168947461820939,-0.029327115891400284,0.03140063796608895,0.03557872112927091,0.028819542266909554,0.006517273984065707,-0.04240722396321971,-0.00772788334310262,0.027726232163408703,0.06684694579070491,0.08157415833358982,-0.03190209949686616,0.006675630313401045,0.04320857329256334,-0.0011276586701123392,0.14536514876253387,0.04381485236426843,0.046877585493502655,0.10671016553042303,0.0030303659282641515,0.002683838451248364,0.006829717683070541,-0.016580706816103536,-0.05343907080152387,-0.050614966298788554,-0.05244717463472144,0.0033738898216626556,0.04302628074627977,0.1751865372442997,-0.07045609850387292,0.037043967246315,0.016185237067305812,0.14681214566740444,0.053391607936435964,0.04618143261055054,0.026076671202277,-0.07023402708413128,0.3410330735262622,0.21808191047090722,-0.020192671249033175,-0.054928809710411614,0.0006604534913411948,-0.03840623055185955,-0.05415707626910988,-0.22545698905706568,-0.06756826914903027,0.31301233768083525,-0.15995346693630644,0.33248298783751734,0.22130525510165616,0.2731393531549931,-0.23535238259669364,-0.19809880595289628,-0.10101168852728984,0.06667403755494752,-0.12763692319726042,-0.004418488777831037,0.04409816939382898,0.03791934213441517,0.016771722281822526,-0.08784669849095139,-0.053123349073689825,-0.004263766765177541,-0.11246375763410227,0.05402918259238229,-0.010041529354946812,-0.08604369680477783,-0.043293924123256826,0.07854034943131769,-0.006715681163194045,0.011575789954940435,0.011160343617309106,0.053507413893202474,0.06821575808547657,-0.06151372118020925,-0.012554074228068061,-0.03733159836006345,0.02294250649980197,0.0378541498705261,0.09225859665029426,0.028760805018193506,0.018781931816248456,-0.007708282047555927
finance,-0.006604836992720222,-0.05559631353669634,0.052104112014853765,-0.027887259859234136,-0.08537915083456903,-0.059026964855319414,0.008685294008945148,-0.021173657249234437,-0.07223857571788532,-0.02733968327143731,-0.14189482658768296,0.007969885594432008,0.0018948044508655837,8.970234109682317e-05,-0.0493450130540972,-0.02508265096214615,-0.03995639293435778,-0.022108586798267733,0.051524423215037765,0.03432075038663457,-0.05181140277617974,-0.05321111532300928,0.09519625897678263,0.1307670819035944,-0.14334807484609524,-0.1084322408176283,0.5116994280330466,0.04089162655871342,-0.41637396973305124,-0.16114556173639413,0.11815087259546292,-0.15176246926322814,-0.2240728048294308,-0.1465068021241043,-0.07988343698416027,-0.035068401059302146,-0.051253164189982034,0.033054368164393895,0.09931242373300626,-0.004642070469409308,-0.05599986956820917,-0.027339095454438907,-0.04018318523814376,-0.039761176687881615,0.06794244241026562,0.0473397051966331,0.044038727497339544,-0.059932564955180394,0.009838929049831387,-0.07062501050683462,0.028462139152835655,-0.00789901215983081,0.0026181787148494996,0.015940575246747305,-0.038285808936351015,0.009177554885422268,-0.01997882185690114,0.03163819672841438,-0.014170332713430605,-0.0018260334487582063,-0.019369813424758627,0.03465183878006626,-0.0014186152262580895,-0.006950848703451784,0.0010800430706038341,0.02896872615543499,0.0022280681179373905,-0.0009725241508028822,0.032113327146826125,0.0029466728652024765,-0.018931928136547593,-0.004350508611915343,-0.016524739723588727,-0.03984853593085948,-0.031230336950933545,0.007101676150880978,0.008340074197728666,-0.02812191208238785,-0.006717362390809957,-0.0014025467893382464,-0.023916290335730304,0.021659914246944252,0.013651443773928271,0.0278672803032065,0.015670569831303296,0.007629102595058816,0.00985587733396303,-0.007053156545563613,-0.03639826451383503,-0.01659378761783707,-0.015180395992723113,-0.01683277407522736,-0.009346173518862928,-0.0127913601368944,0.030071750637367167,-0.012433892860308052,-0.012937087865123986,0.011034484517642423,0.008331812719494906,-0.04322457949027944
finance,0.12236027980817152,-0.2367036606080698,0.09694080850812947,-0.2598039771525889,0.6467757668891223,0.27534058966483643,-0.4361146735713382,0.1149350185251777,-0.19764840744217133,0.13519273833811088,-0.10213651745129432,-0.04365873849519925,-0.011448230754965743,0.014429057117387383,-0.05896124307336899,-0.0712416325565006,0.012973836304140125,0.003056920750395548,0.030243765662456516,0.006933900409083319,-0.04471010174216723,0.026722754828110713,0.010899150971508717,0.010239820383493104,0.014298805575298215,-0.03656583564945982,-0.0016577799576495455,-0.007932192056191386,0.00036170757422158436,0.03804033775753245,-0.05559871488249523,-0.0025329005182373023,-0.028958834398554664,-0.02240712563255009,-0.007766467882211121,0.005820403864622953,0.021527683814713726,0.011848175324760395,0.0249014611753748,-0.009758363948857672,-0.006373823886592792,0.00917934381581838,0.0015709787835624534,-0.004572489409688819,0.0034973874002668676,0.004115381305492879,0.006350725774393391,-0.0006815725601284868,0.003728095722571474,0.006930670099987224,0.0014449934845590223,0.009123999078174027,-0.0058749307434406905,-0.0015904337563855066,0.02127352765021721,0.01591053864075428,0.005931720343524375,-0.007503084469076915,-0.0102801769071948,0.008918641163320529,-0.019891253472809328,0.010117077154804498,-0.011003786245460261,-0.002899579820542638,0.003129549846929152,0.00011347609340414176,0.0006089239669190879,0.0024524336723461015,-0.0020837076522524254,-0.006075395190638404,-0.005906781583532021,0.018215500734795807,0.005576155929099442,-0.006354787000688076,-0.0011487752810565091,-0.026778121897397804,0.004788983432031814,0.000791205034965175,-0.0012326256755089049,0.019343763098574725,0.023700587818592432,-0.02234750442617848,-0.019171799202714168,0.033734967854754286,-0.011417342108024264,-0.014888333319902764,0.00295080481968518,0.0014536856778698578,-0.0011298102465083924,-0.0040254803371958725,0.010808283104889299,-0.0026912100216111004,-0.014324999003267917,0.0037555021070500853,0.0014661445904158637,-0.01610827664597324,-0.007442133661804402,-0.003167543274570606,0.001661321847366816,0.004012143497794101
finance,0.007329950899582548,-0.044296854935586424,0.017457762209284595,-0.07391023794583548,-0.022506838796888213,-0.027812546247999517,-0.04740742043593405,-0.010757329382573943,-0.05061611734133486,0.0013499480841062555,0.025452822225418625,0.05616231388849906,-0.010105311437848518,0.003970873618688469,0.04085358432189235,0.012329789231630946,-0.0023367892908056124,0.0059462254975525385,-0.06916993505137267,0.07190804795228753,-0.009759997296149923,-0.02947652523880396,-0.00975218289810167,-0.0005770052142395793,0.03425410204872502,0.00479589907820993,0.008312624190210843,0.03994375935831357,0.034182981939402994,-0.009759598728453651,0.12387025599521793,0.01931827737822512,-0.0036399697768721624,-0.06702509156321455,-0.014451390625691486,-0.14748635205089164,-0.009463383705198967,0.006741195214981474,0.030856820066073525,0.16759063541851968,-0.023785765941509628,0.14286091969347364,-0.10826302817412486,0.058982374522909636,-0.22766530040061012,0.014171561005613379,-0.06337828487705868,0.10833607202475076,-0.09049944666854366,0.16145212847564147,0.12744628786275947,-0.09983329172961107,0.05720171594182329,0.25973755258654957,0.1905801077452026,0.08967744170408538,-0.024598981436520645,0.2529265208518486,-0.05010971663540628,-0.1562298841251026,0.024644878859801402,0.046776116178047014,-0.01151307896916582,0.14063698486328402,0.17134801962708004,-0.19531742374728828,-0.04612117131210623,-0.09661950182868498,0.034981839757238745,0.02729851832406292,0.005429451960906097,-0.03839472502676144,-0.18592472601465634,0.12277035064553436,-0.13464879875106278,-0.011516463293350737,-0.024898316049367555,-0.0009670896603559687,0.0022135257765990538,0.14751968661532572,0.06958470533028686,-0.016720380553924812,0.10356013845133195,-0.07980310402248905,0.060150312958099056,0.19237698676719284,-0.09641574724148719,0.011371920511787198,0.03945228400120406,0.12194074573634207,-0.10087454141359832,-0.03223814062214824,-0.06882841613355711,0.07450359513792615,0.1259423820237524,0.17911503673763876,-0.07655114896752707,-0.04025596242254694,0.10100277682883019,0.034293022378543786
finance,0.026229804136275764,-0.0992198235164067,0.02933129592611085,-0.10209374523164227,0.15744606499819452,0.10430930435488348,-0.19176839506794383,0.018449636432294487,-0.0680818998370501,0.05223679149880924,-0.00951025202553224,-0.000679051895169027,-0.01888242504306336,0.0012432625116632588,-0.024604644000908178,-0.02187559084390476,-0.008920352162131651,-0.0010018415784951856,0.003544384548233415,0.026030467508350866,-0.009308666155407387,0.021143664728165257,-0.054902473125826544,-0.0223350408345403,-0.02394957031451129,0.034483290174313695,0.05387113775797096,-0.04816690248934519,-0.0020510953174196866,-0.06903462708486786,0.14942933276119091,-0.01234991876117606,0.11130700417013843,0.07566263243758425,0.06228906000231112,0.011503314480996275,-0.05279508582479213,-0.12148092110447854,-0.07258947267767767,0.04441650528173895,0.03587117685171675,-0.10563166392661905,0.004919742900484403,0.08077485212660487,0.12660648748688738,-0.09511589981480409,-0.04556871584889211,0.04932784762044496,0.04144983627094259,-0.0079393115470733,0.026121613578209413,0.03517734034749703,-0.01636902258820624,-0.0690854659098218,-0.19751068343643025,-0.06484629400912088,-0.06895563529647385,0.049310233303070196,0.08219910444735082,-0.07526128241839955,0.15611376813568378,-0.017868140966030486,0.10805269680939374,0.02781223892220617,-0.05941585170102989,-0.0543450804667702,0.04800930993164657,-0.02381683159401127,-0.016263519945113575,0.11212919959814506,0.12823658127944748,-0.08646753093220298,-0.026805114289546034,0.057732148530912575,0.02160171225985776,0.23812266531671716,-0.050374438734341644,-0.030954847214004856,-0.0015209598598547734,-0.24533792109527006,-0.18887081893128294,0.0954747326074457,0.13983085868623504,-0.2881739235757769,0.06845199488481887,0.0640978433115356,0.011849378333241935,-0.005382879901830555,-0.08649715296710382,0.03885816045439134,-0.048298093059977516,0.0732409016903915,0.15621556869661657,0.03434078911671658,-0.0409908361470618,0.18926485824892228,0.06252210206154575,0.052941348833946536,-0.03753563400163148,-0.05794005951833947
finance,0.12339703214729328,-0.05124213501897463,-0.013212406195850242,-0.014158139893413201,-0.08532195534374157,0.034891543647911645,-0.07382510248587046,-0.006215099899337481,0.052388220108152035,-0.0007776139006213439,0.040470102429210494,-0.011417555528299756,0.008277346470802194,0.02903559598048822,-0.025263259521518165,-0.08659808312980793,-0.0765363404958728,-0.06176998100827281,-0.03641158639283434,0.005802358373471152,0.057928254363636716,-0.048076135068810824,-0.00020187448491700537,-0.06063723126196228,0.027390374021872697,0.11544313504980946,-0.004937311543783456,0.06274638198918564,-0.045599490760953876,-0.05226213245275781,0.0015775362993726667,0.03369124494153372,-0.03894289566634734,-0.085508302272945,0.028860211917311536,0.0020726200554137034,-0.05278530952151137,0.07516713124741797,-0.009719920366418612,0.07679981659006442,0.020907065650347074,0.0950597812103858,-0.06771775514104628,-0.05763579009872784,-0.12944083506493967,-0.1327922620574642,0.008630839473490531,0.07651170436007523,-0.07486798095165301,-0.03523070841560397,0.04767917875265638,0.007647897740206152,-0.05963264006038317,-0.17022770415464783,-0.09536037512371333,-0.022484303446327573,-0.027845147928512146,-0.020230803533209368,-0.1218513713518731,0.2099054689662708,0.06309954741648509,0.0041166006231184524,-0.07138366051300071,0.05949857839520377,-0.047823791788172754,0.09657519490432322,0.0870758123141791,0.04241767333706085,-0.06142540249301269,0.19571486552077919,-0.059476752251917224,0.10862202923800467,0.05885111793500495,-0.03398226366525859,0.2665426175421222,0.004477673324182119,-0.22975062893436907,0.02509931565142553,-0.13344824046363618,0.20700640670251688,0.12563632543849512,-0.10193147269003208,0.14514690534963917,0.09431054312204422,0.12661851361848883,0.12514183910152452,-0.0745316831191105,0.13841864824701205,-0.024445969613305724,-0.11132595758266793,-0.06047263941138215,0.13028133604783332,-0.05989666307411954,-0.04685876737143437,-0.0740907476219747,-0.026688947915840557,-0.07867342674505526,0.12944413599822407,0.017542921460090614,0.05123628897913605
finance,0.1614293899653548,-0.04608370649695658,0.08761391529426961,-0.1004331391490472,-0.02342984984178005,-0.22329258762970397,-0.17898456747581787,0.40820272768223687,0.2919547381650931,0.0075795163804120375,0.14565511370288267,-0.016662916006968915,-0.006741407974521973,-0.02490574138983286,-0.02435001680443536,0.03422065983560571,0.039465648637902466,0.04246346232212258,0.11463169000491494,-0.13376576378012092,-0.00020865781110239657,0.02319602695041167,-0.08804047131717681,0.02053373882745403,-0.011029515681919004,-0.056351737534955496,0.07835974297339933,0.016907480547121944,-0.02604635469515566,-0.041463144080642174,-0.02303162723059266,0.04645513390404451,0.10434597011193923,-0.06578364651899726,0.06562603877836319,0.11008355945502517,-0.16075408433615485,0.11898153736246901,-0.21359208330431206,0.09463816236954929,0.022715233925061966,0.10028458896347436,0.00832545205780221,-0.008503792421817348,-0.0012439429800488722,-0.09703546814485162,0.08513846275567023,-0.14471170213932338,-0.10713363397975209,0.07773844637234804,-0.04279367162985284,-0.08650446087684618,0.01365678780138006,0.07381045463435555,0.09535872249165538,-0.07528004759646142,0.04136056267521118,-0.0132738079194354,0.07750297658268113,0.016075654354250807,0.010867033727196294,0.018272311350142012,-0.044440784926249005,0.03743486983615059,-0.000350030497292054,-0.009385021879155558,-0.03519534032743215,0.022037982505767353,0.09635060675940127,-0.07873453500732389,0.003600427371008708,-0.028111006882189118,0.08543323372560753,-0.004925826323741282,0.017677738519539986,-0.03383621674903324,0.026387788384266933,0.0022045911182697504,0.021916442896554332,0.009498011409878023,-0.05708493882460354,0.029918501369268005,0.0009785188019865206,-0.018962184180764244,-0.027220336534292094,0.013566121962861227,0.02782317312929689,-0.006224490483323367,0.026438923461300813,0.08154223536803902,0.008263381922835381,-0.026759190478021614,-0.0185440987013127,0.0020646824944940694,-0.06693938019768943,-0.004448866944614905,0.021918746040408787,-0.004331343921127346,0.017171775874906856,0.004369897447298703
finance,-0.0211656609608064,-0.13755476906640374,0.042429014133251085,-0.07638153186944534,-0.19834107035567555,-0.09991580952380813,-0.05597562391073368,-0.054338849173698536,-0.1069131509528932,-0.1282472593235894,-0.44272490589924945,-0.15899001322819234,-0.2885181149349284,-0.13653904138433823,-0.08455105553624984,0.005464650192577063,0.26262104185631285,0.18804419926932223,-0.08083515688865102,-0.18986452974599233,0.01999344268125381,-0.10986822731699117,0.08132850297536207,-0.01081688796950202,-0.08968131477037994,0.028784181309771163,-0.08214449702892977,-0.025669756312468747,0.07060347063884345,0.0884864639960146,-0.020748782969978296,-0.006513412281034285,-0.0005041817376595313,0.007444908670276873,-0.022007637751425054,0.045226704598082555,0.048022478149414835,0.012582916530925548,-0.06076994981050972,-0.010367791849963363,-0.038247097931222045,0.042558053332302,-0.05738654507434476,-0.03673227167856151,0.00886481996360248,-0.09593199733117037,-0.013761576588101862,0.005328572302345808,-0.05055389081890272,-0.012591282358444297,-0.01305538285647574,0.007652592432963713,-0.033562187889271615,-0.06384055006745838,-0.03728935047294762,0.08015410129344688,0.01598503064882007,0.0080900576358649,-0.023272182967826686,0.006942661084971301,0.029343890350732846,-0.025017022457157558,-0.010519241958609715,0.015592494594405844,-0.008498054524594699,0.0035973754029103894,-0.02160917551321379,-0.01914228900232454,0.05199973252923794,0.0029257057609149146,-0.03602302730697756,-0.061326358564784224,0.016186907902353387,0.009911761561141381,0.0069863916488503534,-0.03506030736688976,-0.00371297310527374,0.007477339621987362,-0.020358063887158863,0.03693651162191685,-0.02529424892135795,0.02489980713043676,0.0110166617696039,-0.022734110646858076,-0.05653064185673611,0.010900123578324384,-0.017647987842325186,-0.0016518407140038028,0.011591656228963425,0.005216234611843104,0.0031103090630831354,-0.023482087036831703,0.022190892680118954,0.00832794347071834,-0.011375116045235275,0.015699073747260192,-0.008136702581659121,0.005465606684124322,-0.021620392345506594,0.02660434551289977
finance,0.018975497106190016,-0.08537872221700388,0.03880572498414424,-0.07156755345980127,-0.12210773253070406,-0.10788228980287873,-0.062279782402885016,-0.0471184887123187,-0.31170249028816216,0.07123171219622816,0.2629081434433056,0.4096694420864496,-0.4043380848112774,0.26469769935492576,0.157737556281394,0.027010633618726607,-0.10889572101073486,0.06523520562749356,0.01938053613805584,-0.26901409696377515,0.015205282259209165,0.0499401707155261,0.053377862131275204,-0.011316063370019598,-0.0211013659046696,-0.03662081480467416,-0.024301443289229733,-0.0061217890010017055,-0.016079609242497832,-0.003834706119014862,-0.07587373635724001,-0.02473410832258785,0.01841014758873942,-0.00731767485092476,-0.019043399692954703,0.02377840157031276,0.0001144622172074608,0.02288467881965843,0.02834764046147714,-0.07174308405365279,-0.05177014535750246,0.00672290116053536,-0.021738869624466365,0.011400603798763209,-9.472907426142856e-06,0.013191357108366202,-0.021164171833432714,0.0284703847639298,-0.013385826255510613,-0.024390143020124995,0.0048278567006347,-0.011885214840347023,0.005737059124002327,0.011905424804805317,-0.01629982349869817,0.0076835778966990445,0.034882750512639504,0.007250157894567335,0.011068299277026357,-0.004697928407630563,-0.0041570484542528706,0.01923148076706277,-0.013553192313876675,-0.01295927556270229,-0.002458830391863324,0.024130028631495368,-0.01333982018097555,0.009922918832836903,0.011133739421773437,0.03232054930512485,0.02486559967410128,0.005084776090731593,0.01619533952936003,0.004061636664710521,0.016814014800197098,0.007540283203709625,-0.006101516887454904,0.02016460903257254,0.02097412782895758,-0.00435960330222871,0.004290559010999872,-0.008457908760291023,0.009329723369496433,-0.031707251064523316,-0.019953915505473395,-0.006904004418557732,-0.0022942035224334254,0.011477104165571636,0.0015077783969705703,-0.02792742099867117,0.015236779602388952,0.002601897673096383,0.002098670893114519,0.02411666900249741,-0.021782798823286036,-0.01030750184280321,-0.006438190883979342,-0.04095099883782873,-0.013018709620893036,0.01808080948549453
finance,0.020558964951146567,-0.06833676511087833,0.0217090112938909,-0.03359392017612888,1.6578967945612944e-05,-0.026969325549836484,0.05274031228562257,-0.028732090905987634,-0.021074385799039207,-0.0019959383211051373,0.0014967907127382554,0.022994073949900676,0.036941958672747806,-0.0033727865572809254,0.03517779670521476,-0.001254601990672409,-0.028813464427068145,-0.015787611506535636,0.06537245800404155,0.040243247069393175,0.07394775236139368,-0.061559816855592586,0.012077809204980715,0.016424708757012657,0.04190293109611861,-0.04324285541010271,0.10062921576209813,0.05465133860269759,-0.03601169717109166,0.12824759060836444,0.04598791646221757,0.05339244009655563,0.00676659196583557,0.006444132470714641,-0.011622646950700673,0.16252990537314055,0.21173857225329287,-0.03143002259856947,0.04100697145501072,0.1480661218685628,0.008598984107318361,0.06689833295665473,-0.09433682374396117,0.1772103660274244,0.002473228667896111,0.07576561416483324,-0.04348383050363105,0.01115544323361216,-0.06059514261650245,0.07252641924067697,-0.1263260181008047,-0.03885506133298975,0.0618380827900465,0.010677042941848288,-0.10921083725189643,-0.05253852328288966,-0.07980197475510169,0.0046305589910800235,-0.02637421195914772,0.010700342297947031,-0.04417574159640441,0.08158322343729241,-0.13848619132519094,-0.1078233155888093,-0.25437019861024524,0.16806984313880696,-0.04888515746914024,-0.0954469546081026,0.0016193777218768536,-0.13078184953683614,0.0789304027980592,-0.05339097600033674,-0.08678113070373025,0.1169881728441655,-0.25141983440539756,0.15976877067989245,-0.21607382705265005,0.13202573148287342,0.10847114416002047,0.05828146083977837,0.06607678760427939,0.030338320760356256,0.008273079776065359,0.07458810529620497,-0.17345968066161072,0.09043246104949708,-0.05895359845500541,0.15833652798217188,-0.07045467607194274,0.02749008018138069,-0.05899778774346958,0.09859295909521691,-0.08648817867719762,0.0439877893384032,0.01850742878675265,-0.07223698705276492,-0.0889321138064332,0.04982000078022123,0.08021292044298346,0.03344267312184061
finance,0.052690385619260954,-0.10789061681046976,0.026223191320065013,-0.08708002221249111,-0.004596612953768242,0.00025557660913376023,0.026193277879977713,-0.05698619059080278,-0.018525627003681846,-0.03430927502560593,0.03173797598982861,0.06321202411312679,-0.008464853375082874,0.005287368808632306,-0.01871443911047428,-0.0028744197200423947,0.020061747842790276,0.03529496314942892,-0.08070771769765948,0.0809654763913755,0.02660758097480662,-0.005124048892296371,-0.04557417888518878,-0.010011879714624748,0.019703675270728842,0.06051612107267724,0.01519387041962465,-0.04836080956178849,-0.0217473416252567,-0.07440736287471053,0.12362859975202917,0.031242236200524118,0.10113845109919768,0.05212036826481954,0.005336948329836522,-0.09213804356428451,0.011421231109000611,-0.035464047497010556,-0.11202816455958611,0.0008985274072453767,-0.008243670415200268,-0.03604081129985922,0.11603673721222992,0.05372851104854766,0.07077511536288995,-0.06596638737349993,0.12963394726865332,0.13967985956339019,-0.1234226331689838,-0.30025615934408195,-0.10197432987440719,-0.08810040435704145,0.04108812243897489,-0.09102384114511888,0.11978768857531441,-0.016980188853954626,-0.09762830766969342,0.07341823922356679,-0.10000048103922607,0.10346416187024937,-0.11752805767416691,0.08726323257843638,0.03185899199573009,0.023200695885968476,-0.09841020754245951,0.1573071472547584,-0.12707944230448742,0.08343457468083296,-0.054558578430495205,0.23462224818872235,0.2628888177771175,-0.055458175533048035,-0.1363333247643609,0.04802679732933804,0.013339114731605043,-0.021741991474623433,0.07341848453550187,-0.19985709630305845,0.09755860783364077,0.11221903947845452,0.047262241661526434,-0.180883497563272,-0.011961699568282885,0.03715093164112915,-0.04619329673452928,0.0036249857072179867,0.08499585856309509,-0.09836721310430056,-0.024754323780976653,0.1389670775130269,0.03761597891732217,-0.08001879285237866,-0.02639408236078865,0.07058095601010676,-0.03622732076246651,-0.04893083171952554,0.22259411009222366,-0.029720455816347077,-0.06893205323041408,0.0037980813835567506
finance,0.0028439810191229057,-0.05562728131912927,0.05626184707780065,-0.0327607091365357,-0.024197479306079597,-0.021887424067576076,0.003680437081311366,0.008275664149434234,0.03813579774757968,-0.03886328528252397,-0.037643439628192873,-0.021413878988453722,-0.044000006743247874,0.013671856544973422,-0.008253161340709093,-0.0004910810271836264,-0.0006143309078768323,0.022888734735863992,-0.020470443443172653,0.010062921041583562,0.05825811822260232,-0.009455332487462801,0.048765276292426725,-0.13366643889452734,0.058609567090570136,-0.0586147880743365,0.015247879949935565,0.01155492522615168,0.04805321193842798,-0.028108510722575954,0.1107510328444153,-0.024683110320493435,0.04851041246044935,0.05943613824637087,0.02168923583420709,-0.05386076310785712,0.12336711478698119,0.08746392396826715,0.020576917473770405,0.0918169044184874,0.11128745381895608,-0.09243969277260351,0.1667984489940635,-0.1535933264952507,-0.056689214248380644,0.1916386765782327,-0.0812164454660527,0.06165143430725103,0.21341801801964547,0.0011613419671269735,0.10887976118722209,-0.039988933089194253,0.2690453441665861,0.008549721396706018,-0.06414441210839332,-0.07565592424730372,-0.19861202470280187,-0.004994580476407626,0.10292873124066602,-0.03425377010298829,-0.25751316496258664,0.19066262333987513,-0.09149901808932485,0.15732833555154832,-0.2155253482619069,-0.11517497222459451,-0.06524324387034852,0.04249017787888692,0.06201266725685128,0.17117041353776952,-0.0712965932755509,0.23654669040847065,0.2851384084321063,0.032992454457669775,0.08145274578554923,-0.049883402201751574,0.0244838923421757,0.0354760982023692,-0.0963163549978384,0.07151770534299305,-0.08176042765720251,0.04249121360631291,-0.017996712027544198,-0.010392063526894747,-0.021427241234730214,0.0026097970460685653,-0.1247805226777671,-0.037935787639656236,0.10186113220615926,0.06704739327688186,0.038130651859880536,0.03533904410449989,-0.03742125891335601,-0.02206193094861592,0.009286258482932642,0.14394998265906833,-0.035485639383653046,-0.02853155396632448,-0.012743695538522105,-0.061819333899755684
finance,0.21026822036509388,-0.03074252913866427,-0.02906655049618183,-0.0562593155976041,-0.032629687325053974,0.01166986839347119,-0.06180973778970041,-0.022682868579640723,0.04386512303600241,-0.061338885907353695,0.03924071491285375,-0.08344713561543116,0.024785262296125786,0.041462039609180795,-0.017904933331769703,-0.16507546221840858,-0.11349727991239553,-0.12713290893433563,-0.07703160706086454,-0.024695923515811475,0.20526197088977952,-0.24670963334731938,-0.03672567732549854,-0.04864824000785117,0.2066448587893838,0.21520721108429874,-0.08306737370480516,0.08093604997883144,-0.11528052508800597,-0.13455120578397917,-0.1826868541855527,-0.020859194477526398,-0.2169614494578358,0.02891122767571795,0.015739222786058164,0.1645359797648907,-0.030300715378852133,-0.021885410873171227,-0.08764907671403936,-0.18300041345727946,-0.018878651259833207,-0.0020235499099032837,-0.050427167658292964,0.02086285761311458,-0.04608620307597673,0.04811320222844365,0.08326964765022096,0.004076312381581609,0.1093013500775616,0.01695005515697826,0.006110004806841213,-0.022853291476052712,-0.033282392038381695,0.0016356427983113646,0.027022810461529607,-0.04128900436297254,0.07495837163933945,0.025220912559621094,-0.11582496218203697,-0.09112894903310077,0.008193856836847693,-0.033648469987392175,0.07429810732240757,0.008188997060568665,0.024086395440914937,-0.059044633317160686,0.0007506661887023648,-0.019159803664876525,-0.011514101083788048,-0.05851863787335717,0.09056277438740895,-0.020139677557192245,0.008124286030648058,0.010720294802041423,-0.031310680524870065,-0.0505120923188576,-0.004757192634179041,0.04739889902591792,-0.024470025008607645,0.08171476940819435,0.00044661579683970607,0.034363587559001374,-0.03733271256441446,-0.03499910342416895,-0.05445439899950266,-0.04275979712362352,-0.058770086757580206,-0.004338667010431678,0.008024233173682815,0.003337641307504086,0.07704885260916938,-0.014216271244279067,0.009948678913682464,-0.03875977269092249,0.053230026588711433,0.04091196146220719,-0.020991842618396647,-0.02448929924740954,-0.03311957163357505,-0.020665610203611115
finance,0.0002670106984661578,-0.10122035448606775,0.012331226996918115,-0.040741745052066056,-0.06630245194148666,0.003400338414803265,-0.02070813106649119,-0.005920956416107259,-0.12180990436611927,0.024396018896737617,0.07294906393895083,0.011643582569070162,0.060968818320421204,-0.0018174308494151184,0.0005875408189350014,0.02802331378429993,0.010407444906699533,-0.02193692652657042,-0.11666964816787241,0.09168905055986148,0.06088611154768051,-0.009268285156348007,0.006397547927838091,0.016861017488029727,0.008219858311715643,0.14825234422676212,-0.02179445224201342,0.10196434711627898,-0.03814565083059984,-0.1427356202603273,0.281016699553095,-0.014107122324131732,0.4591472608464588,0.08371377896097573,-0.015116560573583614,0.0495879514372444,-0.0973738939766407,-0.08096167008463555,-0.0506180228038216,-0.022816710234403136,-0.27201022179983625,-0.021260331284100226,-0.20215930607052987,-0.022717090176283584,0.03493518960634942,0.027692295629564257,-0.0036785664582811507,-0.054808426219077645,0.11690744541235804,-0.12553980047567442,-0.08600858610967616,0.040948033648585215,-0.0945053301899514,-0.001300678731967131,-0.019552993678523277,-0.038369797248491905,-0.014427640000014862,0.012647608613489925,0.009532457220357574,0.009584149862978888,0.0033081112460555335,0.049791059407814614,0.006376494997206027,-0.034646245142674344,0.03012765031504313,-0.057804426543064696,-0.060281743727634805,-0.08020443871030379,0.09799956855210441,0.010450055995614731,0.01580526900428334,-0.005647466928951919,0.03860728706390814,-0.08566040891724176,-0.04558479071047459,-0.05623337413738621,-0.006186677460439268,0.03492398972321665,-0.019362050447003103,0.03526166845702302,0.06913644558379048,-0.02297022193685501,-0.043174190240255234,0.0759278705572258,0.016081494801408455,0.002175551546703646,-0.046997489958694294,-0.06181956718341784,0.010463881890762923,0.020213476564592332,-0.03668710581135448,-0.0079690040387946,-0.020009680434240704,-0.021383226084536945,0.035121928369142144,-0.03939135072805192,0.06011045910548784,0.007687409480613709,0.03180503534692547,-0.0013114765940130545
finance,0.13089099919061492,-0.09029348405483843,0.008323471396538367,-0.05229434409526561,0.013040052468268372,-0.05059715401252925,-0.0375961297186611,0.03460662217257183,0.0998046427754671,-0.02330665292294721,0.10094827590580742,-0.02726911473871233,0.0681019975552572,0.023794632169348382,-0.0032744004468225293,-0.06590974666910836,-0.07544097432506511,-0.024133634215788194,0.05128422259184865,-0.006641953544564511,0.07534555368246593,-0.1437455355801435,0.1610674018596259,0.09647283733835255,-0.13785438512805195,-0.043705971538988274,-0.22406229475457437,0.010378532090123549,0.14204247945309803,-0.032795658046391375,0.16877633357790325,-0.03425147613511458,-0.04369462188773233,-0.1945357314458977,-0.10472358658515538,0.02052819094824425,-0.07856224485651696,0.07016405727463408,0.11125849080701497,0.03584195336067833,0.06053487730065571,-0.009235903861449948,-0.024942297104710253,-0.022109762997522063,0.016430544193856707,0.1338726509714438,0.04768561026624428,0.03264755131566413,0.07967465637796996,-0.11195839811666365,0.029822751525959902,-0.057574308906182994,-0.033832449468549984,-0.0373315145362885,-0.0008760776523422657,-0.015877823824073396,-0.027548746891595904,-0.11233942703457625,0.00791575386120108,-0.1000421016210605,0.018995141619065133,0.023908688672719537,0.091116312587215,-0.11314167023883888,0.006649931153582,0.10237132926078037,-0.00550380816281329,0.042993313634059414,0.023011381841484456,-0.0016997177753552077,0.0423883917081028,-0.08079224607136255,-0.05944495415289523,0.13058502465688496,-0.018887508262697507,-0.10257002686054778,0.13482453544634637,-0.010080256489704278,0.12025146469647795,-0.003425201515359066,-0.07975836793692427,-0.03351168835660217,0.0420309548185975,-0.06421127492947688,0.06342637219400053,0.08667749414876416,-0.060197175472623814,0.004088976894458883,0.006839979003114603,-0.07208345507378681,0.15679401516549787,0.02625140076016238,-0.053778710789473994,0.039051461013297005,-0.11324677417552012,0.005841347892623236,-0.0388397058011879,0.06256241908547362,0.08607109639350873,-0.049706353061425304
finance,0.051236599948691855,-0.07976809483930247,-0.015924526977172903,-0.0034582463696192526,-0.058080777409728286,-0.022969032044570722,-0.03198122596029759,-0.05165719794227924,-0.008377804714656082,-0.013436587356787539,0.07120733864286147,-0.02931583321908218,0.033243363255598936,0.03678710878052986,0.001827421695780567,-0.10186294534811308,-0.11749668695234247,-0.04483190549753513,0.018681982151456597,0.01026681519531717,0.059236099999797495,-0.11494431643103405,0.10930562181249409,0.07132670444973739,-0.09966160431309079,-0.07976412321892452,-0.17585886650993815,-0.02216482259219178,0.15780845657376602,-0.059294930746942365,0.19901742192779992,0.002669564777481184,-0.08347122370127077,-0.18926405054850473,-0.029075719430650845,0.09436093397511253,-0.11299084706810844,0.07596505827109826,0.14041654716347182,0.018236484331309564,0.13354339377387164,-0.004803767474222511,-0.011080181024516272,0.05420079155262098,0.21981848680534538,-0.04481660041360099,0.027521267984403307,0.033274508828337004,0.033433457165508926,-0.009414446286473494,0.002720531595575195,0.02007233214591486,-0.0483324384877201,-0.0722846107502309,0.07786088276913702,-0.009911104576129039,-0.030761609898055424,0.019716100856988508,0.09712878563111038,0.010120065757165288,-0.04724850080977346,0.008916690771166086,0.10804135702046352,0.08373100572096805,0.06058082189957519,-0.04141889796255241,0.008779186373239718,-0.0017753297751850771,-0.014680618766884786,-8.543992608723254e-05,-0.11526034625146131,0.03840003240249703,-0.013415478443734825,-0.18083329716772634,-0.032233376772767455,-0.035241715730387695,-0.17653277946605472,0.02213488008467529,-0.04362179679929618,0.10416661282413123,0.09457119082123024,0.05077506405332599,-0.018154231322456173,-0.07410914039581266,-0.14436572058353103,-0.09293459921931334,0.17521018758326018,0.02605149808424176,-0.030968977941003582,0.08164371086855937,-0.14463026053968567,0.13039848601972834,0.0029142862213741463,-0.11033752666464862,0.032429492633858505,-0.06420922223588549,0.10364196343749094,-0.06314787763763263,-0.01580511553898395,-0.007671423410092273
finance,0.050898916545559884,-0.12741810087108493,-0.004756665161365702,-0.014077386394945702,-0.14311247826032988,-0.02052715082530927,-0.03295644723043143,-0.056487149012338964,-0.03639130484205084,-0.03313207445580825,-0.03871241171513492,-0.1472265554526027,0.0426773891530848,0.005599363783536102,0.00768868405856381,-0.04777477435418167,-0.09176016313391552,-0.15122369300842345,0.15546056871958128,-0.031247426463774555,-0.09755763968160673,0.18909521518373898,-0.09086496506551187,-0.0931695680012251,0.08228517763692814,0.060298601514761206,-0.015772642757606925,-0.04956116317348559,-0.015128507822135484,0.056543507203859894,-0.1717005376608932,0.03667176365445978,0.08842172286763239,0.049281008033662976,-0.00689940271043615,-0.009118840026576352,-0.03288108192519205,0.04363800405829612,0.12349426942357589,0.024142428853358242,0.09313462438902666,0.1319148268401778,-0.07232091759008129,0.019410087210239135,0.13130047103425838,-0.08230467430918989,0.1005767562223026,-0.14423898532864676,0.05502349764028228,-0.02145988598618974,-0.10303142492163944,0.042342196272297794,0.16233225951503152,0.1256718933644235,0.021379539463571365,0.008815898759710474,-0.15302564817652084,0.04283178918302714,-0.022823023909279077,0.002449313592223863,0.1416574954453998,0.0656988337733323,0.11316664120942407,-0.11655327784930897,-0.1286127189670303,0.02673517100848995,0.06080104500119569,-0.04338221220332547,-0.060840984041530564,0.12962966244027377,-0.0957439095313207,-0.03639120433775666,-0.10202639579252583,-0.11032717714781741,-0.08010891497090714,-0.06226601513794164,-0.07745331713421147,-0.03566805805565686,0.02493950782027178,0.05977930621303627,-0.07757296968370472,0.10225022702299995,0.05964630946910978,-0.1355685045851676,-0.08577965676798796,0.07227041315650246,-0.012357216113733518,0.03828847672974421,0.04206694297493325,-0.046836155471844644,-0.006641931769306225,-0.05480811750649475,-0.034226945999576486,0.007349800931694817,-0.009465609149439837,-0.023655043376070765,0.0029649000445052423,0.1780499221112156,-0.01285681191454481,-0.11473801297967333
finance,0.027067080423073053,-0.08530313082755935,-0.02684637306980474,-0.017001636704224405,-0.053542483223353164,-0.022678353760665924,0.08033546319158079,-0.018120590771905584,-0.008061272450087227,0.03461997005716128,-0.02702028260054787,-0.06718605195672424,-0.025047306874007743,0.017520354807656426,0.0194689095863962,-0.052482058821349056,-0.06386601622755857,-0.026569964961653494,0.018188389033308792,0.07315612344253951,0.13041189417580815,-0.11690916076322949,-0.0510081298214002,-0.00044813423721472057,0.07527517388736157,-0.042735556316063086,0.099499782785069,0.0368122691871072,-0.01874325762962038,0.09254400261793864,-0.1434627362019891,0.041007610085849654,0.20151957567729195,-0.0068237115073555,0.04194231825626635,0.17879773551605974,0.2685193082345719,-0.10489901576631952,0.23281954169242192,0.1884871559066824,0.00027731698763581796,-0.09165274196629106,0.10312183643190159,0.04515754541275794,0.04497872204213016,0.03369482393147484,0.06884784782805817,-0.10454910034466862,0.026852791944365382,-0.023472381706320076,-0.001597346654496752,-0.005868841889916082,-0.1158468253809215,0.039810669557021665,0.11802806016287325,0.024482466375276908,0.08773175523534192,0.0010972440490332224,-0.016092917610000933,0.017469733882257022,0.03999248950820547,-0.057817376262535,-0.06349925580534635,-0.05654193567639757,0.1622924006546324,-0.020270282098320994,-0.10142676358796074,-0.033461501972204176,0.04332776274175292,0.08035520963201097,-0.038099871799044165,-0.06799681447098695,0.015980608621961552,-0.005158883168245747,0.13439022570485093,-0.06767896690935261,0.03608454515688092,-0.02825119298785337,-0.11975358140201808,-0.01459383166474794,-0.022604470329732132,0.03549973244155799,0.06511417419033634,0.013154109465750288,0.006514921452260163,-0.017698011496524214,0.03649667432396606,0.02289271528009408,-0.03308526303295289,-0.035757293054774625,0.013335554912884573,0.06949393243435793,0.0844024606046384,0.004793071642877308,0.009011666023195326,0.08179237557947232,-0.06241196268663871,0.011780096840775755,-0.011818221845276162,0.02150308242712936
finance,-0.024618638047717318,-0.11172265307346096,0.03739447116832885,-0.05687617531627358,-0.1668525851563251,-0.06987593101550638,-0.04913942458544834,-0.025854747886795496,-0.08694550085005646,-0.08506237958581322,-0.381301908659408,-0.10535342780242284,-0.23541670604983322,-0.1335212814505921,-0.08479225236378875,-0.0018413727624363063,0.23598832648334692,0.17379350620093084,-0.06998693533451408,-0.12283950284363365,0.004852793445014293,-0.08022311919207241,0.09856874584078919,-0.010931156179558485,-0.08371634819177966,0.00898580159976724,-0.03953747391349172,-0.014779249519458786,0.03771641365632834,0.07075189028479312,-0.0008866537314486939,-0.001694126279407095,-0.0481534533868422,0.010251651853984847,-0.043333732249689616,0.04296177571146633,0.021808234378961008,0.021032481646950024,-0.07377269631607353,-0.022897886288806013,-0.05271977929587156,0.08153659943378405,-0.10660293756442339,-0.04500101704077253,0.030728620138251592,-0.11819831734977615,0.04693098997746966,0.019264029749520687,-0.07205808713739982,-0.0048443329778762355,-0.022839196482516613,0.05668288478064918,-0.02415708977444223,-0.0921700980049646,0.007211900259170516,0.09866481601742669,0.018418097994090155,0.004065236051833139,-0.002796743221304974,0.0634457441090596,0.059545944940019135,-0.07431641931032991,0.011404348612923988,-0.039666574539330354,-0.018099543011734852,-0.055832575717210446,0.04114860777795149,-0.02964949374099016,-0.013483247416544159,-0.02677340850213859,0.054394123982471926,-0.08919301983810381,0.06645803711158954,0.016227648104100423,0.00039557064985999945,-0.07368274662729407,0.01447788126695244,0.026679431481006783,0.03773557479614618,0.06537413794782516,-0.11564601650778364,-0.014315733980010861,0.006236480218060347,-0.03649117736277074,-0.06130911906012106,0.06175840448610342,-0.04854081723878588,-0.0465489070039184,0.14541830422873023,0.09692458138852024,0.008310571980999546,0.13974849758380975,0.013762585228609932,0.05006277402920031,-0.05915622157056497,0.1775405471270577,0.04925987353198734,-0.07266411210166453,0.030332865068574636,0.09016539706969869
finance,0.09031540781592015,-0.1451963667006933,0.0612103429944874,-0.11898262727705115,-0.05389713833271354,-0.13300317904515851,-0.04845236828844414,0.02318285625043679,0.055284862224156864,-0.14188254187676297,-0.20582148497432004,-0.11619132962997232,-0.13917426236402808,-0.07196099417531077,-0.02978174925254569,0.010530423470781746,0.12261524958175299,0.08476650322883711,-0.07683988304974838,-0.18635066359220612,0.0882077593943123,-0.1264538339310061,0.04095163210835534,-0.03377895311646059,-0.04256981735171467,0.040599992875772734,-0.03783386452068476,-0.02138187639725308,0.02969287973143057,-0.0005372864360888854,-0.04640879008434194,-0.011335831825403818,0.06003420111468661,0.016778144071473877,-0.01175836654848755,0.003772109305696623,0.16591946983392467,0.008856138335653295,-0.0191495615445055,0.0943716241923623,0.0982070139070675,-0.05383711035625017,0.1008787976637622,-0.14685115084174863,-0.07145843744797242,0.21503892445835773,-0.06837893771558132,-0.0640743060595017,0.1919891323510067,-0.03429592638892435,-0.01378406502577787,-0.06241438199054728,0.062264040128435456,-0.0366556296630873,0.00826876504714733,-0.08411461854091636,-0.08782391510047369,-0.0657574829351572,0.036235035493470874,-0.033362816632885664,0.028102034482425597,0.052234443817370343,0.02928182607588677,-0.044220926656371784,0.056407556331657484,-0.007047947995534947,-0.03530363775427072,-0.0329194123877331,-0.045821088180481646,-0.056630677997039615,0.004696479257804244,0.06117886866787133,-0.07212067426301738,-0.04332590191088149,-0.006086238349462307,0.12373004391741235,0.04879857167912908,-0.1039243637837902,0.016431766960400173,-0.0864663316014493,0.09294780181120872,-0.017945563978771322,0.04749329035411823,0.05069224486989908,0.09370993768186332,-0.018496159526130873,0.062416057296398146,0.05489811563965391,-0.0295029059466114,-0.026193849253160133,-0.17042676204044244,-0.06934896838174205,-0.0890396492558798,0.05937428966256821,0.12589383623472214,-0.14382192226489893,0.05274785838393873,-0.08451168539922413,0.014372091343253186,-0.06053772855958201
finance,0.3318375801767013,-0.045833089379523184,0.004021915131452204,-0.0649137637496557,0.04836471514961243,-0.03381573383406903,0.022980571582700754,-0.09214201501489432,0.09357395989822928,-0.13927232019295738,0.08705545345643875,0.03760021880217174,0.014264331636957442,0.006303938021202563,-0.022052556719922647,-0.053510365171819486,-0.06249375851273842,-0.07757289313693101,-0.08693070370518424,-0.0145357030901847,0.011167764555773629,-0.025783737998606903,0.032532170114172795,-0.0453140558227448,0.04332200715220468,0.10765954152326816,-0.0012759471658978316,0.0392839456983488,-0.05147222496808583,0.027597656051934687,-0.0038155157935500614,0.04810720427118154,-0.034654780976822494,-0.0841160989621233,-0.03068982881363097,-0.025596855064361344,0.021262309980512352,0.01671125940548302,0.02481990566203869,0.05847618686349543,-0.10342974240915512,0.15870922241452298,-0.13201129176929968,-0.005858824350286607,-0.11215514310171514,-0.06603689619768671,-0.10663196811485934,0.1264725106478218,-0.0797168507215138,0.08369985934142683,-0.0239161226136678,-0.129248028907807,-0.059921140458462065,0.05165513359973591,-0.003084606650283178,-0.012806988421960298,-0.08113488407230149,-0.011183015270217509,-0.011889221893490476,0.08045631952216627,0.058985355802210176,-0.06311576812058216,-0.0478298829144745,-0.013022586037430936,-0.08586110392645054,-0.032327561801051834,-0.044650795876028916,0.003257128286430549,-0.047252939877222594,0.05959197181057589,-0.0628268075797057,-0.01958996647230655,0.06069286899512194,0.04795740555407766,0.09647312764744136,-0.06610677202904157,0.020839264290042528,-0.11692645223595075,-0.0013644199017069968,0.01302890765747607,-0.02211754906852509,-0.05164532112644241,-0.11175749575407956,-0.05860030693925248,0.0005248857368196312,-0.06789064526824247,-0.018377449610360357,0.06515572306097255,0.010741629132623354,-0.014877611016959098,0.04034760989958991,0.04189269987118558,0.05998721292764332,-0.06822848162075189,0.09651275732035447,-0.058007573337237404,0.047908246908123064,-0.09232703950469802,-0.14537710478944577,-0.1149892905913008
finance,0.07658229748803955,-0.10171906495731974,0.008942030761939435,-0.045904797009469325,-0.12748178488028444,-0.04437518059034219,-0.033490785080280056,-0.0824941772651268,-0.04140780132241834,-0.046341991831644065,-0.03946367158111557,-0.08402609249260234,0.04482803714322212,0.032039756904042704,0.01627228369877322,-0.091569410586837,-0.11531824260072718,-0.22248965167785584,0.1473168752380515,-0.0012907892973338952,-0.10026753968505042,0.21503412060722454,-0.05785340853871605,-0.12156495991261981,0.059847754315610104,0.0839723081322808,-0.12275709669597454,-0.021669430569894923,0.020967334264912325,-0.04678453322142771,0.16256844262068648,-0.05342947279882278,-0.0825725229282185,-0.02199883846799196,-0.052223037443167496,0.10872437684210404,0.1477908835200052,-0.021451106972101664,-0.14272682357419492,0.0034855023205971267,-0.08068227273578343,-0.04997102643250015,0.07692799142269366,0.016219452557134858,-0.009627495232164567,0.06622031081178768,0.0009195306989291792,0.050650849524649634,-0.04716347994949261,0.06659359965662082,0.03354622713100023,-0.05983901218825442,0.004058520336581094,-0.11201779513042931,-0.01759401962817988,0.046866920485226456,0.13615438742269073,0.05679391502388268,-0.07400049183407367,0.147311339444743,-0.12388194417995575,0.0052301877567637245,-0.013281363475748483,-0.01398246786842266,0.05902156431442506,0.025335042616501664,0.07780814462065991,-0.08862353293175607,0.04327283466657867,0.010369681163037733,-0.06681732840317146,0.12921500223228038,0.083017640599244,-0.005613075787439393,-0.11911022381848704,0.0036022590053017643,-0.03315993091679564,0.05782863758217398,-0.05655283441523394,-0.10486864259729778,-0.05341810771986594,0.06089943528030777,0.022680714842938397,0.018728778254305575,-0.0554863528192453,0.10010492518534649,0.15194397532843615,0.08645467741609304,-0.034437243912130315,-0.02061295346234433,0.07071946555413364,0.05617419481378484,-0.012129600887185189,0.12210382955365254,0.06705400404499091,0.01870553963844142,-0.017421676094077805,-0.09871367159991938,-0.015891275528248202,-0.07460862673115436
finance,0.012534888138843608,-0.12245976950879028,0.006644278176701994,-0.0591968048830098,-0.13729962927366296,0.016552044643691467,-0.06821709631502472,-0.050443615879820526,-0.06698370786222145,-0.004966852845603812,-0.0333848207598816,-0.03641599921464693,-0.025686820953546564,-0.00494074817657337,-0.005337569973768698,-0.0022656588524895558,0.08637907892302427,-0.012375853328266375,0.022253686897038074,0.025557559214645836,-0.01871699400070655,0.009179988394519532,-0.018026401578537198,0.0011380895756186431,0.06833632544007463,0.00679247152248715,0.04278961619410884,-0.005072569797317491,-0.027848203788960867,-0.05030317162617702,0.04422578065138979,0.08936754896078201,0.05682346590197129,0.02015736639940509,0.020641630918615105,-0.07219847957475989,-0.18332316709106686,-0.07425681950453893,0.19200604909875,0.07728462212542114,0.06406720346309233,-0.032741416314305966,0.0065597020150020766,0.19344200877113188,-0.12615363426108114,0.0073185550898154225,-0.10773216088592516,0.19878185032062737,0.017689717178279354,0.22471255286066835,0.14730803963970313,-0.09115677255815108,-0.009938627041330327,0.026388667695719323,-0.05705775299122748,0.0009945945755559108,-0.01261870431423344,-0.05257334575494957,0.053615481134414784,-0.11237493910590367,0.06382859924823843,0.1029304045262667,-0.12813038514281583,0.005516151467197918,0.051459942408452794,0.012872953036024292,0.16977719137914393,-0.008852331722204782,0.11521881060758946,-0.014539760723979906,0.056684353902319504,-0.14652262136291183,-0.05161844857918562,-0.1787055580345499,0.17751192432305316,0.05900491025749496,0.1290867264589008,0.0327911811583542,0.154918636099673,0.07480412622916746,0.03621059156741535,0.00539219182437819,0.10141161738580866,-0.07863153375348533,0.06285936927947768,-0.007353734261041498,0.13687850793117262,-0.004569328365952676,0.03896825516008697,-0.0674025269946174,0.07491735333954963,0.12814977096744792,-0.06473823371436767,0.10750482909282622,0.02608265753997587,-0.046393742949609844,0.04198526430111157,0.008582525347360592,-0.20580247386763292,-0.04597850800857829
finance,0.07854148098739548,-0.04601664463701121,0.021566538797434875,-0.07794558652958312,-0.04035657763324663,-0.018828750339532737,-0.04411766638427956,-0.010453642643096119,-0.07961881574989808,0.05656110471089035,0.06760367862814118,0.09275658221020326,-0.06077447863485409,0.046558836198205236,0.08788104032462825,0.02946834112765212,-0.038111728927245805,0.025868141488038614,0.0877006555537731,-0.06104723589134909,0.010770225747540697,-0.008109302190271296,-0.012450645117636884,0.002445552091903864,0.024023178314509615,0.012215363409991782,-0.004912459012546468,-0.004797737294487848,0.026686164764326756,-0.0359478696887918,0.004648396402756931,0.04799845859972591,0.07001934762644534,0.023516874943233325,0.06843997504006086,-0.1577734440195535,-0.015555341269612697,0.0784821467838905,0.021165261350518747,0.23625252060182317,0.11312458506421853,0.09157016949881118,0.1391900569874726,-0.04654825870895662,-0.10404567244340703,-0.05048471706664248,0.13578806349463532,-0.18474228531487985,0.04615560825110399,-0.038609429392454514,0.04689994839080455,0.2045335563339975,0.01404959742847453,-0.055663544378749145,-0.0544018430037344,-0.035708595061526176,0.014873436794683836,-0.028231626766351478,-0.16759329875857015,-0.08123140632707664,0.03833380272618059,-0.1462471031524466,0.01284157122307574,0.03692410994802831,0.08202712896032792,-0.027727041326011326,-0.02535414467752426,0.020919379572561885,0.057449338140236776,-0.15255103858157357,0.05096785831108197,-0.008158033868726072,-0.05783061382098069,0.0043010672459248105,-0.05232178235344054,0.009344020124014417,-0.09258511660487317,-0.05385993580561235,-0.10334221699833106,0.07855605083672593,0.00016786215503729253,0.08895695182497246,0.008165665186725842,0.21524029133451206,0.117285670288668,0.03888316751544101,-0.09796582377923507,-0.1926511111433329,0.010810499506998531,0.10580949241037535,0.004899327604738829,0.05686464798503806,0.12689710978317933,-0.0612668236065865,0.12639754143805929,-0.018757733325531066,0.07714304078232194,0.15079229210948042,0.03361187696521991,-0.08557275514799678
finance,0.03276676113323539,-0.011498622665117014,0.0424429952704023,-0.05865613653937319,0.0192408223974499,-0.007211527433154191,0.02570837704411383,-0.02675008327664737,0.012329446310968354,-0.015179031455651717,0.011002376173694903,0.053742180510268016,-0.002792648239282719,-0.008690012946857112,0.019922999629980263,0.02856932364721421,0.018749299752239965,0.046352743248015735,0.028011732105236598,0.05809325778962443,0.05595033686721525,-0.016905258239017486,-0.0655794018787239,-0.008487203016491284,-0.009236685741665817,0.0367135201790389,0.048795080545277425,-0.05447806883591036,0.04056042850719546,-0.06603282468013728,0.1467363641984106,-0.03726155432669865,0.02176724444736303,0.03969117053654895,0.03780221624719522,-0.027969812143104348,-0.060271913270928346,-0.04706547396846966,-0.14224214509814292,0.017588184118559308,0.1077751839890873,0.008113943104956674,0.08182759703427865,-0.13939836493968039,0.1967501601361584,-0.0668279059344579,-0.13355353355302585,-0.04282767918841894,0.04961398734237582,0.05672778422724489,0.20904012327503566,0.1625556143295871,-0.050710412700983996,0.08419903744319278,-0.09692262774410076,-0.1645903451554479,-0.07908621695039023,0.12859886364736967,-0.09210802036161427,-0.12787720223237653,0.2155637470242479,0.02077736852312195,-0.053397721907406714,-0.10981486337273005,-0.09613049510379879,0.0471544380732089,0.030209008293086863,-0.14536424516550922,-0.22214666628270266,-0.09396836283092391,-0.01602361352415637,0.05796320333540211,-0.013725608777458513,0.2032500585594233,0.19345217219427055,-0.21259865182743012,0.05794345049550368,-0.11127086187596918,-0.043082823082357724,-0.0031334601790316357,0.08279810800588212,0.07844945492354621,0.02037548055487467,0.05990296561562603,-0.08790996365771396,0.07732923802956343,0.08759209268209416,0.08978549855012306,-0.10990891009641547,-0.052871847435244736,-0.005427680432279875,-0.0908766149082283,-0.13084023577304507,-0.07623321551172146,-0.002866813818843101,-0.0035012703184965645,-0.01348188720647687,-0.06734580220528114,-0.036074306572860614,0.11198164443327831
finance,0.050574256471801214,-0.20240112106281136,0.05979726899199942,-0.07073277521166907,0.16420497629133227,0.003138771386692901,0.4130451106325432,0.06190489309889482,0.11440244174128177,0.19392852205880157,-0.08068496895515986,0.10145005542898716,-0.12486313199870994,-0.03443018916422348,0.025679364789373348,0.1041574982930626,0.020525103238994674,0.24301100462372613,0.492373349937688,0.28321893022254246,0.06814263312281497,0.014078406890435446,0.19049225644783332,-0.091559287199167,-0.09566391755259668,0.35525789210235426,-0.017514086387026093,-0.05271161702821622,0.02183729598468012,-0.002109904976164191,-0.04543483817569144,0.021524333789676945,-0.05005390002665007,-0.0397266434107785,0.05362924588934223,-0.007201544718721155,-0.04327735430342396,-0.05408534864844945,-0.03927846687358762,-0.041914519563636884,0.001987170134367491,-0.056884416612366824,-0.02517949076125107,0.059150486381705496,-0.04029355157242412,0.050082314641490065,0.0006336507126294601,-0.03832247434908286,-0.005652545635637269,-0.017579053103948167,0.015715836488715034,-0.04763675735872,0.027377233443173367,0.005318759551036419,0.010542859331484742,-0.006309379359295124,0.0029411879725639825,0.020985767047724983,0.002346170650397175,0.046127890685791324,-0.007082483070762319,0.02493645978580063,0.014750559283279834,0.016985607071521688,0.02406668371993866,-0.015909815860874827,0.02051684217688162,-0.0200291825749807,-0.006004397421149467,-0.001915417511177866,-0.049552537234073844,-0.014700861856009507,-0.0074621751605380175,-0.0434383100599925,-0.014414945355950856,-0.005909875205781064,0.0016413067858107692,-0.0015852530142982497,-0.0049420547335601835,0.0014374669050877557,-0.0009687020528019608,-0.014131307750032367,0.00318590340398599,0.0015082840591449003,0.008855184563018067,-0.025386818004218534,-0.005137902986823787,0.008385591383397072,-0.004727542745995114,0.0048153819524152305,-0.01057904084646633,0.01158261096513506,0.02908960063136909,0.01026423317121968,-0.005525357958441855,0.0034114625163999515,-0.004669730255879556,-0.006044675653652323,-0.0024912122979320883,-0.005822327969562596
finance,0.05070068017254427,-0.2022711501606286,0.05977117377465564,-0.07082645070941329,0.1642434432196402,0.0033902808085595603,0.41246961422480755,0.0615157035801172,0.11428246987815349,0.19374105634592498,-0.08058061089599873,0.10117719249299754,-0.12499760356580464,-0.03422812316679679,0.02596445435878746,0.10415598494416646,0.020433667204541425,0.24302449038919324,0.4922521931354676,0.28283366467520643,0.06792164849568606,0.014356925687718028,0.1910281950810597,-0.09185093654687225,-0.09603467476319856,0.3562037278184651,-0.01731918341909726,-0.05297588059697738,0.02168976241027012,-0.0021267397763904,-0.045037918495137205,0.021841111194814716,-0.050050915001778655,-0.039671458098545526,0.054122120504342744,-0.007066432865791518,-0.043635374041056496,-0.05425735642805431,-0.03926701099817615,-0.04171513070936602,0.002206824337136016,-0.05711888784218262,-0.02494116249901323,0.059625088164439455,-0.04035012956181797,0.049837813671230406,0.0005478955296047257,-0.03827388536069868,-0.005264674365523391,-0.017615122854733486,0.01585813025186449,-0.0475669069314173,0.02748460819741532,0.005327750491324551,0.010658613912191708,-0.0062746845245222485,0.002780864753144659,0.021083638120363554,0.0023383691820997375,0.04632616265215895,-0.006920686732633783,0.025056383208698376,0.014869263883902152,0.017021063306708897,0.023827826821376647,-0.016136064311183505,0.020661975391771396,-0.02049179151530145,-0.00600559219596352,-0.0019047002157583526,-0.04967591231906204,-0.01456792548850489,-0.007459037831475675,-0.04363342525245113,-0.0146561657903198,-0.0054334433121037765,0.0015925692518716369,-0.0014111821881970354,-0.004980022015501881,0.0011236956689400896,-0.0008141775272648365,-0.014034799362797223,0.003049065280382273,0.0007624566367762642,0.008819195570561388,-0.025379716256648678,-0.005625715140487631,0.00842922563068099,-0.004448317131837465,0.004968527966319532,-0.01040687747889585,0.012388352019752698,0.02945571024350489,0.010464601579006664,-0.00624605837938263,0.003535153580416055,-0.004673745483061907,-0.005839866787954286,-0.0022966364611372793,-0.005534103065533448
finance,0.016500729956938943,-0.08629952852922061,-0.0221804987453708,-0.019377554688229326,-0.02250027494265288,0.04428402581240481,0.10372693561480216,-0.015304035979907519,0.020792825278592945,0.01570751102758913,0.051954131214024195,0.011064339350162865,-0.03476099899648129,0.0022679669118976283,-0.035353121527973985,-0.03198849001903948,0.04059690351746839,0.08220669722988895,0.049408991297771244,0.02280647153145728,-0.012889140450984958,0.03893188039143162,0.07041858525757624,-0.09881661626848255,-0.0045266113840226295,0.13327288857432856,0.0411747382861145,-0.0022495248771115823,0.005036432829625749,0.08654373211467348,0.12511227454860513,-0.024521031845276212,-0.05731888335177228,0.08005967973114944,-0.0018895931181017514,-0.12071162312693318,0.06972146996195944,-0.050220119300618586,0.021213599478483048,-0.018298797192252407,-0.0172565625664509,0.14126779028711592,-0.12100350790236339,-0.11105792412477808,0.09746502662335145,-0.237294397466073,0.20178601061159857,0.062145246143778775,-0.027577033451255548,0.026598725373833006,0.06431366662053054,0.20875260580239446,-0.07927809821805266,-0.13669097620488205,0.1523640005910088,-0.1021232625937583,-0.03621663576740209,-0.3079640990450942,0.14621261443616174,-0.14562278712452867,-0.12768925444771306,0.022780328491833358,-0.03658160453556974,0.0316500027431771,-0.05381252994781051,-0.15067678888304356,0.008427170533349638,0.1059449351357321,0.012607680980962512,-0.027793973876617292,0.20543207390307797,0.060260122510376095,0.02017951865350258,0.19237577167406514,0.037452803517901354,0.054526807676716374,-0.01670885195810167,0.11207399630881068,0.08296086537629102,0.05751575687051248,0.004033984145323295,0.08212842185670952,-0.03380158247122925,-0.010363183411564027,0.03689892881870952,0.0060135700784516,0.07654142247988097,0.023925004942200335,0.019545195075604226,-0.042443518109159584,0.09138460931401426,-0.010436652090021663,0.030730157120420164,-0.03531685286412523,0.08738815358246427,-0.07273116027156497,-0.09118306596893491,0.049932198798428425,-0.04175307642550212,-0.03351695865475214
finance,0.09684998385752218,-0.05984145573652855,-0.015524564053202267,-0.05560293385335809,0.023708443336095092,-0.02324844376154694,-0.016388118066041214,-0.06620148187742235,0.04468476079259818,-0.08264579364926661,-0.005819482256167151,-0.03346132405385349,-0.027390271997881986,0.021790353370013248,-0.008607905236161575,-0.07201216409875334,-0.023962149852653953,0.0009167238071820658,-0.0896874604581296,-0.07071633174107192,0.1331739471676212,-0.1307930195882462,0.02254198230204768,-0.049260062453736576,0.009057609534975843,0.057102569798997964,-0.048878716932024446,-0.01586516279712166,0.03493932579543664,0.0038539638591181574,0.015599278320688484,-0.025630068389180062,-0.07340843744651558,-0.03082746167107793,-0.048749714452699655,0.012204194416966073,0.03720340150371266,-0.004885501328570412,0.016756420216173566,0.015911159383115603,0.0838777690790681,-0.054896079691164355,-0.0015065027360961554,-0.11116029840810401,0.04569973191471013,-0.050738225391653305,-0.11608879173763909,0.02506512663911611,0.04126956962463092,0.04027587570920639,0.14248450674784705,-0.10713777425872315,0.10283153913739772,0.05484639542908018,-0.07932061805782922,-0.10848745935429008,-0.024593270155271244,-0.027396381544977647,0.0846667727693971,0.004418476362791589,-0.008007802280816026,0.05843613528672286,-0.16902576843752704,0.1298342028839582,-0.11231564931977168,0.09842133653406071,-0.13030092305718086,0.007766489493458555,0.1993882200301842,0.043752250168499124,-0.1129585674705326,-0.16509327660468487,-0.18860431786464985,0.017798939683576823,-0.21589361845000743,-0.06473720544700064,0.00848402217620883,-0.14121824136654587,-0.08522778657873745,-0.012519465253245118,-0.018864746194939556,0.03569130180006258,-0.16214256351853445,-0.043371366392049214,0.13077902077386072,0.01689389332032395,0.057391048819722956,-0.07987726010704992,-0.14685339389342633,-0.01513461772421909,0.018272552893687854,-0.028098052091857444,0.2520566328642796,-0.06235014825588257,-0.10216273781315861,-0.03201674156407223,0.016185983097116326,0.08134831561708682,0.039996444527569945,0.1611885016968484
finance,0.007580989194917636,-0.06894697248108549,0.037982148103998484,-0.07174878983283874,-0.1099595936742969,-0.11418345418014889,-0.05786642763658616,-0.04531893402062158,-0.3347842312846896,0.07291620782527185,0.27173502560368085,0.4518283661967452,-0.4201216004419298,0.27422274187899837,0.18522216954716755,0.020807651498972263,-0.09141614865167626,0.0762419187605727,0.03640683165770664,-0.2787973835798317,0.01423482134947746,0.04823730314890834,0.03475166241932275,-0.017850745806083892,-0.009259239602977353,-0.03963660583252261,-0.03860698877695783,-0.006613366290389816,-0.024063469519779362,-0.011520271677525586,-0.07186781977067935,-0.028122441290224197,0.011289755718307405,-0.0021432007417449585,-0.0017788302442458825,0.025838771836886296,0.023569277725325414,0.012835397064633481,0.015404985568939884,-0.05859398136914264,-0.016285624237292955,-0.0011508660164143327,0.0010853363076037622,0.016661082682744043,-0.004864922132743291,0.028154518217850158,0.00029865162131384454,-0.016904456130802353,0.002384325338812204,-0.0070468383523252815,0.0010064891961220023,0.007067234559562699,0.008896087762081147,0.003405859298932875,-0.007226561161387381,-0.016522712925170744,0.01030208144156824,-0.0034231816030541283,-0.006986112522017963,-0.003634657831149549,0.0006206962952840197,0.0039154517054945884,0.002847010197473133,-0.0023801412644400633,-0.007373138886843866,-0.0020194964552664217,-0.006310977586263303,0.0010331940210952407,0.006920878561188902,0.002728609209742458,0.02163366142953452,0.010472834460742689,0.009737165454812414,-0.003009573623670506,-0.0026803861506515944,-0.00933718348361757,-0.004625641602648929,0.0076599420912404365,0.001403535764141325,-0.0063089864179095905,0.0012085009070980843,0.0034621916859649557,0.008091235641070086,-0.0027212519945695062,-0.013512755857647262,0.013872614220839675,-0.01179281729033001,0.002811340836728211,-0.0037005263002028764,-0.006110932657483982,-0.003059784933265517,-0.00447914901567308,-0.006063732054576009,0.031701861446769244,-0.0046943157541211936,-0.010573574936491567,-0.0068345160414714536,-0.0267533545430611,0.002521132625024441,-0.0018325152119716048
finance,0.02499617342289212,-0.13993524193142318,0.016546526221873463,-0.01665826201314743,-0.16540117443762326,-0.05702520048941567,-0.043659524698870335,-0.05405464864428177,-0.03544603107858316,0.020386037342556246,-0.07625052207275608,-0.12280787267975736,0.04337600003888742,-0.014293489787669207,0.03589835896471094,0.015639769545602058,-0.02453875661010392,-0.05818975392207628,0.15324652186005133,-0.043917578397981244,-0.05482619903898074,0.09231392761760975,-0.0751318032859518,-0.0253166269854851,0.10906892839208689,-0.025432175678287677,0.022825101076251127,-0.020087938527524364,-0.027246285502397556,-0.030799771379934348,-0.1764338360265464,0.07343116788392783,0.1305526831609363,0.028094158347458948,0.06929147310955298,-0.1319221411917974,-0.15322057810642908,0.0347176813529411,0.17919037334692312,0.05894887237444225,0.08199337524305346,0.06384571322041836,0.03271074327083683,0.061874903340893364,0.02733851555629241,-0.009161873731534532,0.04250445981872855,-0.13107875365977772,0.0730014779723689,0.026935152445506847,-0.023327295590836104,0.14699087836722036,0.08197150066561956,-0.06544098306483728,-0.008430320341050608,0.1442376055459772,-0.06396846185549837,-0.026179788519921053,-0.003545183602332703,0.017861896137357145,0.01967365171934534,0.013455015793054236,0.014729341877163994,-0.1386741808634967,-0.10249211002092591,0.03433406844136141,0.009906665680356908,-0.014033096803395673,-0.0025755865173913454,0.11607058740627138,-0.07722291048006334,0.0016440914805754584,0.06835965728345911,0.05660826047573401,-0.23924945232658662,-0.0645279077123005,-0.0861568225626732,-0.1319805982156152,0.0944508619240191,-0.043679042404180565,-0.09192754553963181,-0.12268200774382015,-0.09919607257057918,0.04266935906394885,0.01184060398486528,-0.12885192694806302,0.07264386012237888,0.0702922201958162,0.05406980741975245,0.005106939568506256,0.06326608896526537,0.04807253503958796,0.01841753397784394,0.025685321434359767,0.08467642822031234,0.03562621541060767,-0.016419356571127836,-0.10947588040193348,-0.07080878361129532,0.1675365375014276
finance,0.012323207029586173,-0.0663368015297599,0.05140421676089454,-0.03954724487703933,-0.10840431382410028,-0.07072749912306495,0.00549116964033403,-0.045592021095450866,-0.0843732183926247,-0.05368921350054528,-0.17416333360387756,-0.015365943717233647,-0.035556359655192236,-0.005093317335743829,-0.06218586753848905,-0.015921513216978263,-0.021652446454232012,-0.0030316032660800056,0.03886848651127748,0.022055019667799953,-0.06562400571292075,-0.026317324321816764,0.10544756930039317,0.1024335603493415,-0.15520157032627346,-0.08718674943519866,0.5024583194494908,0.03531466787828962,-0.40563353167911376,-0.15754672492263783,0.1049437962006873,-0.15221163467130383,-0.2340319314488804,-0.1541570934047771,-0.07853331357899043,-0.03801139719142036,-0.06238187132385868,0.0455321767851192,0.09469258183274222,-0.01186113488217977,-0.07248674961367206,-0.018735249060210256,-0.06487036003851387,-0.05927062750054511,0.059411849393138566,0.033066261746135105,0.06194633920764106,-0.05418937515219146,0.014173805036749731,-0.06190292177597383,0.013223521402892954,-0.003242757789301649,-0.004910903096142108,0.0056285925327694206,-0.008232571123064594,0.03555272775796295,-0.00018132475616799192,0.02859124258753642,-0.02301460241342988,-0.008710451910150734,-0.02621866983245014,0.0042989084217141624,0.017859132896948383,-0.019739905003542696,-0.007338186046144642,-0.0010160741538014352,0.006654937343783277,-0.02898384291542885,0.014423303996115848,-0.010133512283208336,0.00515866084670269,0.013239260681191106,0.01354518237168334,-0.03491688879763154,-0.005028321740144166,-0.018006123934439875,0.041421935287580765,-0.024793851163547907,-0.013796438869937441,-0.00841952842207333,-0.011108861235792734,0.008218764430318094,-0.015072820476689234,0.003385749491135851,-0.003909063532140409,0.006926729883862466,-0.006600386314182983,-0.03106482827307248,0.00011213062029874673,-0.007623829490793592,-0.017499370973451632,0.008378077911216707,0.011757563435429174,0.0018115295670526872,0.021549915578330248,0.029211482598483503,0.002948113539669296,-0.012254421810321483,-0.006649117514623949,-0.007978540617235276
finance,-0.018770541147673844,-0.11214842411804693,0.042719027694001,-0.06770924867115843,-0.15858417154186907,-0.08620547472791322,-0.04828396358306081,-0.018962618972001886,-0.07351259959045359,-0.10709899261591709,-0.366388969467192,-0.1393490451331174,-0.21350634250407213,-0.11625572650850298,-0.0705087763274526,0.005499554897567721,0.245331846523909,0.14936265259939363,-0.047767001433910924,-0.18569610098454287,0.03193365283212395,-0.1081190344887017,0.05378224970706663,-0.035278485814142946,-0.05492009957269406,0.0034126543539303132,-0.10869494054921502,-0.016504389511336023,0.10157103626477229,0.05261324269153024,0.04631876669443977,0.002758374734125308,0.012766100440144606,0.045377717728476416,-0.03047136264144908,0.006086254215547372,0.07152671512095671,-0.04640549061507606,-0.061811509460116314,-0.0027682985680306123,-0.003457895570256406,0.02689536980380949,-0.095939368772226,-0.03518908157633708,0.039541870289564345,-0.03348245552698471,0.034770894646307546,-0.04636253275149755,-0.07432469621296836,-0.052165394337155,-0.04357798292554753,0.013886291223183373,0.036447138455498004,0.05859048916049716,0.0041265631875947026,-0.07132158680387478,0.11164862220852868,0.10064934300773692,-0.06457881700863323,0.03307827176643924,0.019417246716152366,0.05107398795149578,0.04593273293797964,-0.05433461732644552,0.02556446804045699,0.018330684638022912,0.08156598642782659,0.05359347106297785,-0.07781818020056518,-0.0007587208925542204,0.030975472555536905,0.11123337945076768,-0.04943133035874665,-0.03831565530091314,0.0049541042376459255,0.04640143440650165,-0.02653256685617203,-0.014856627496934059,-0.004587077833998619,-0.024686073836812362,-0.024549192574836204,0.018974304706121103,0.03322334257206449,0.02339735380230959,0.09443589913048078,-0.06650412362983676,0.009116049221946613,-0.028753662143893424,-0.007541955485714745,-0.04913128921950716,-0.0011483332634586274,0.09512503198666142,-0.07467004572696238,-0.02572496977447879,0.11882876338503616,-0.029406520055556974,-0.016388218011493018,-0.10874586506653681,0.0217705669918535,-0.05700299287441426
finance,0.03842738163540957,-0.12577475714330852,-0.005667941533120539,-0.028872250613335176,-0.19030185791128837,-0.03165584879857161,-0.024541257882850533,-0.11841456338582537,-0.07226993223185141,-0.06781569006074419,-0.08771590144682673,-0.17446421313323685,0.033565225263292836,0.02213317196497593,-0.004615412364521583,-0.0789110452752522,-0.1455684841398185,-0.24905676560425663,0.244503726686768,-0.04368462571646396,-0.2221018088171181,0.4097180968866366,-0.16057446349401786,-0.14175314367926092,0.10751876611497675,0.09682320335956586,-0.05629151782760939,-0.017249797392087103,0.0034203365746514757,0.07452540770600591,-0.04711394193200175,-0.06232340330069495,0.0005552958545308108,-0.040102570647862906,-0.08239764817608931,0.05581388641596584,0.08526432510948076,0.06645779967128984,0.04647037831499152,-0.03351867982988189,-0.0001243339504274497,0.06794042102501861,-0.05055100180321199,-0.08109750833864716,0.07818769262565559,-0.05047599445337871,-0.05529263471593759,0.017081408578082404,0.05797892723851918,-0.1246980561325447,0.03637480999919924,-0.013206953095461054,0.0029915772160220263,0.006625009020786648,0.03477565642798929,-0.010887869773684437,-0.026395443077801586,0.019421004177778478,0.029851554629920913,-0.04415574825797713,0.0755966985104088,0.0021181949546913745,0.010269686099975882,0.014907996635047561,-0.004993166251952709,-0.017000150739411312,-0.04318794932432367,-0.007921956545967722,-0.014516819039450478,-0.031347581675678145,0.020211294429489084,-0.07574468717147073,-0.040332247747396854,-0.02826883072436575,0.03995413619877662,-0.024101337037660146,0.04782792138664088,-0.01738814072423853,0.018018603566523527,0.053925141313032866,0.01093901902736937,0.013993806928484636,0.033464229445417396,-0.01766287548446729,0.017409630812950237,0.0002485082979907205,-0.019602851910739665,-0.01989285383808968,0.0018583439659601332,0.018133441318881276,-0.03901033286419065,-0.002853850062361499,-0.005094912874514799,-0.029181745990118326,-0.006483640487751258,-0.011268148711755044,-0.010039065244755396,-0.0007481167283767498,0.0517314782763358,-0.03510713058697193
finance,-0.0015195904699292868,-0.10516692754150486,0.007765949339847204,-0.0316748234113553,-0.15990566786535879,-0.03389361167104649,-0.021165185072371945,-0.0885898938640594,-0.07358483519182889,-0.04453140952424061,-0.09090095467624758,-0.14335543790716473,0.031134648654790577,0.023386289042916297,-0.009641342345978044,-0.0597851592082454,-0.10811048926984587,-0.1912443072236783,0.22843130435138922,-0.02632770470464691,-0.22150288026007678,0.3827981677871421,-0.12939087355648538,-0.12923948145938993,0.06692658505249426,0.0631186530950562,-0.026041680043388457,0.015395040081232728,-0.002673421411756036,0.06383862110460763,0.011035489883943572,-0.06410825917584491,-0.018072822979954217,-0.04837298117525547,-0.0762513077256166,0.026295275776716105,0.08121310987753005,0.07876085948237363,0.02556545888952541,-0.028164727235069513,-0.0027994413728886993,0.059175347955609636,-0.0498144340612304,-0.10530326592207415,0.03425241559300536,-0.04014922539046602,-0.10470498982386305,0.07123084452717207,0.0916890020254138,-0.12054628644638808,0.06619006705928679,-0.04092902091187888,0.0013533186397558612,-0.0191300210730866,0.03948072284234173,0.0011066003436276156,0.02860723193529621,0.019728904554967473,0.045978921822605816,-0.05823140958438593,0.02245295690240001,-0.014878240280677777,-0.028705860321187274,0.05791958581551648,0.030864118713296813,0.01016176219301519,-0.10276335374667624,0.004208845969332805,0.02877999068720642,-0.0885460784978638,0.04419501011773182,-0.07556527003201587,-0.016793572666548125,-0.04349261614758073,0.11468453943623581,-0.04391002342909786,0.12910253036139066,-0.017179270525923503,0.017620036523250972,0.05108090025591749,0.032563718230130725,-0.013664836486661166,0.0407398781694313,0.019732028292907926,0.05334791186894577,-0.08763103083428847,-0.06221345117131735,-0.08834287087051132,-0.010746212590764718,-0.050325943074094125,-0.04699249177672138,0.00757140853005644,0.03823009425045611,0.022949825018348267,-0.06488004663729163,-0.03348089754375465,-0.009064934083025434,-0.12551857764869565,0.07872565292635716,0.011685080615641935
finance,-0.0031488505575641744,-0.11358018535354109,-0.0064650244980521175,-0.017284204159558357,-0.010073408325938733,0.05535645613021657,-0.04857469681584627,-0.0043360119701681965,-0.10372765720312774,0.023473165480651502,0.05941680000515736,-0.007551643947798423,0.05825348782763482,-0.015960139408125337,-0.020968426653054564,0.01374836798553315,0.0172453598045488,-0.05564151120301313,-0.08735440209475367,0.05718106624259154,0.05556388007864357,0.021209988978778446,0.05220074559675663,0.024546892739892717,-0.04678259003343467,0.1536467921513157,-0.018063117264603183,0.129744761487034,-0.053016970575551534,-0.10354499912364207,0.2569034015039887,-0.035514275912948284,0.4587888996748143,0.07632201261637671,-0.022063227473617216,0.09452155465146433,-0.10999945628449581,-0.04893821720718914,-0.012035811226867801,-0.022733832450395418,-0.2820545441825325,-0.03827866172349172,-0.23172635666423833,-0.030958822348703632,0.007230912603272562,0.07866718364853521,-0.10250272835181763,-0.09630924316152745,0.12217582590377656,-0.039614429608296885,-0.07259944615276073,0.011108491624306308,-0.04386108428045589,0.0035380115941879243,-0.03524336747228544,0.019614787787229318,-0.01840648665162288,-0.005125391703612479,0.013884060213425567,-0.0298706388205986,0.01692259168456328,-0.021858442613691915,0.026015385664478294,0.04972051096807137,-0.030578042757502505,0.0028952926060675905,-0.0011014382973378537,-0.019670670332731132,0.07629814705719448,-0.0346100504082,-0.04665155347595657,-0.03461879671490041,0.07151582848417827,-0.06224119877598825,-0.04732303213997708,-0.03892917393999216,-0.020034608571194636,0.03564934265469618,0.008422107943235986,0.01080021031954869,-0.023937270460852696,0.007553652684589349,-0.04838963353666826,0.04171421302231495,0.015804582770482915,-0.025796450977210207,-0.01941258141401773,-0.0013233093598951653,0.013844173379055845,-0.07150057799568477,-0.03770554518879592,0.03203354619040074,-0.02614511530036357,-0.01630332553440167,0.013994995941657316,0.011506783368303283,-0.10537722742345451,0.02762077261628733,-0.02054805111613734,0.05323284730973609
finance,-0.0028155432318456948,-0.08965034160568189,0.053728045189153514,-0.0818673505469846,0.007648715898103856,-0.08935085232865812,0.10600381221613431,0.014707104151205326,0.005587459121214996,-0.00043136017391655676,-0.07046274213642817,0.11282940741764892,-0.040113226103077014,-0.07435909510373503,0.07452816925320122,0.0853774903259052,0.13219438402876946,0.07901085713944042,0.24445099492933384,0.18172094418657145,0.17585959244879013,-0.1398406669290009,-0.28162454060873143,0.14367843373550157,0.3543681755701692,-0.3556616880492389,-0.05389902369304957,0.1659744351616841,0.027063902945107073,-0.11162452309981617,-0.007311829838196995,-0.0572965313472527,0.011871004988743288,0.015900547777465305,-0.1278202839953893,-0.032498016921037425,-0.02124219237935896,0.06241813126151883,-0.013272766296014081,-0.03882753202746067,-0.1311774370561998,0.0496215831486881,0.035658402962632334,-0.18174358008620267,0.01727753594188195,-0.06076493695132557,-0.00976134785357491,0.1208676918777547,0.013518818173371009,-0.02549540488394075,0.02936459754062751,0.007242857537706646,0.020138930398133834,-0.049591498233029066,-0.004021183858041775,0.026292379195630048,0.0021349466166055734,0.00549151368333537,0.03390464718955695,0.04989896500298564,0.024135745919911147,-0.03142417076167882,0.03171308393562262,0.011539106742499248,0.0024302213675795946,-0.004349998927711045,0.0389460799947904,-0.02906459709160778,-0.031014985430577544,0.016668519228372678,-0.0456973113984337,-0.03005390398127687,-0.03400154990469588,-0.050056107911968274,-0.045870890473212765,0.04167839241235163,-0.0006981686403102971,0.07514386524482874,-0.02619943926378711,-0.004948471368605184,0.012432033995525801,0.0004261094686191692,0.019142292881723342,-0.01555981570739822,0.021681035548184662,-0.014559268381465425,0.0240516775196005,0.014918565942320768,-0.0062971183732164595,-0.03250472000032084,0.0355257184872114,0.007163868914246596,0.026615095183921914,0.00662007139800514,0.016716853049025513,-0.024819704577636964,0.023277932515029305,5.973701776768697e-05,-0.01621954781120358,-0.019343295425340388
